order_id,date,product,category,city,region,channel,payment_method,quantity,unit_price,discount
PED07145,2025-01-01,Webcam,Acessórios,Sobral,Interior,Site,PIX,3,294.39,0.05
PED01657,2025-01-01,Caixa de Som,Áudio,Juazeiro do Norte,Interior,Site,Boleto,1,428.64,0.1
PED05987,2025-01-01,Mesa Escritório,Móveis,Maracanaú,Região Metropolitana,Loja Física,Cartão de Débito,1,1516.9,0.05
PED01611,2025-01-01,Teclado,Acessórios,Maracanaú,Região Metropolitana,Site,Boleto,1,298.51,0.1
PED06407,2025-01-01,SSD 1TB,Informática,Sobral,Interior,Marketplace,Boleto,2,510.06,0.05
PED04169,2025-01-01,Memória RAM,Informática,Maracanaú,Região Metropolitana,Loja Física,Cartão de Débito,2,224.08,0.0
PED01168,2025-01-01,Headset,Acessórios,Juazeiro do Norte,Interior,Loja Física,Cartão de Débito,1,111.24,0.15
PED07263,2025-01-01,Teclado,Acessórios,Sobral,Interior,Marketplace,PIX,3,285.39,0.0
PED05470,2025-01-01,Monitor,Eletrônicos,Juazeiro do Norte,Interior,Site,PIX,2,910.9,0.0
PED05323,2025-01-01,SSD 1TB,Informática,Juazeiro do Norte,Interior,Marketplace,Boleto,3,428.85,0.0
PED03773,2025-01-01,Cadeira Gamer,Móveis,Caucaia,Região Metropolitana,Site,Boleto,1,2106.3,0.0
PED08189,2025-01-01,Notebook,Eletrônicos,Fortaleza,Fortaleza,Loja Física,Cartão de Crédito,1,5008.19,0.05
PED09419,2025-01-01,Teclado,Acessórios,Maracanaú,Região Metropolitana,Site,Cartão de Crédito,1,75.28,0.0
PED05914,2025-01-01,Smartphone,Eletrônicos,Maracanaú,Região Metropolitana,Loja Física,PIX,1,1551.15,0.0
PED08285,2025-01-01,Mesa Escritório,Móveis,Caucaia,Região Metropolitana,Loja Física,Boleto,2,1188.48,0.1
PED00496,2025-01-01,Notebook,Eletrônicos,Fortaleza,Fortaleza,Loja Física,Cartão de Débito,1,6137.37,0.05
PED00634,2025-01-01,SSD 1TB,Informática,Fortaleza,Fortaleza,Marketplace,Boleto,1,551.45,0.0
PED03592,2025-01-02,Monitor,Eletrônicos,Caucaia,Região Metropolitana,Loja Física,Cartão de Crédito,1,842.83,0.0
PED06994,2025-01-02,Caixa de Som,Áudio,Itapipoca,Interior,Marketplace,PIX,2,229.33,0.0
PED07579,2025-01-02,Fone Bluetooth,Áudio,Fortaleza,Fortaleza,Marketplace,Cartão de Crédito,1,459.7,0.05
PED06542,2025-01-02,Smartphone,Eletrônicos,Fortaleza,Fortaleza,Marketplace,Cartão de Crédito,1,3966.52,0.1
PED06412,2025-01-02,Fone Bluetooth,Áudio,Fortaleza,Fortaleza,Site,Boleto,4,557.62,0.0
PED06262,2025-01-02,Roteador,Informática,Fortaleza,Fortaleza,Loja Física,PIX,1,465.19,0.0
PED05513,2025-01-02,Cadeira Gamer,Móveis,Sobral,Interior,Marketplace,Boleto,2,2025.76,0.05
PED04989,2025-01-02,Fone Bluetooth,Áudio,Maracanaú,Região Metropolitana,Marketplace,Cartão de Débito,1,380.42,0.1
PED07842,2025-01-02,Caixa de Som,Áudio,Caucaia,Região Metropolitana,Site,PIX,3,202.24,0.1
PED07862,2025-01-02,Caixa de Som,Áudio,Fortaleza,Fortaleza,Marketplace,Boleto,1,762.54,0.05
PED07968,2025-01-02,SSD 1TB,Informática,Sobral,Interior,Marketplace,Cartão de Débito,2,542.11,0.0
PED06009,2025-01-02,Memória RAM,Informática,Fortaleza,Fortaleza,Loja Física,Cartão de Débito,2,427.82,0.05
PED08033,2025-01-02,Notebook,Eletrônicos,Maracanaú,Região Metropolitana,Marketplace,PIX,1,5333.24,0.1
PED02727,2025-01-02,Cadeira Gamer,Móveis,Fortaleza,Fortaleza,Loja Física,Cartão de Crédito,1,653.07,0.1
PED08226,2025-01-02,Notebook,Eletrônicos,Itapipoca,Interior,Marketplace,Cartão de Crédito,1,6394.16,0.0
PED02421,2025-01-02,Memória RAM,Informática,Fortaleza,Fortaleza,Loja Física,Cartão de Crédito,2,370.48,0.0
PED06069,2025-01-03,Impressora,Informática,Sobral,Interior,Marketplace,Cartão de Crédito,4,1345.02,0.0
PED05045,2025-01-03,Cadeira Gamer,Móveis,Juazeiro do Norte,Interior,Loja Física,PIX,1,1806.84,0.05
PED06552,2025-01-03,Fone Bluetooth,Áudio,Itapipoca,Interior,Site,Cartão de Débito,1,188.13,0.0
PED02205,2025-01-03,SSD 1TB,Informática,Maracanaú,Região Metropolitana,Loja Física,Cartão de Crédito,2,442.85,0.05
PED04749,2025-01-03,Mesa Escritório,Móveis,Fortaleza,Fortaleza,Loja Física,Cartão de Crédito,3,633.93,0.05
PED09076,2025-01-03,Monitor,Eletrônicos,Sobral,Interior,Loja Física,PIX,1,1270.85,0.0
PED07113,2025-01-03,Impressora,Informática,Maracanaú,Região Metropolitana,Marketplace,PIX,1,1254.0,0.05
PED09807,2025-01-03,Webcam,Acessórios,Itapipoca,Interior,Marketplace,Cartão de Crédito,3,614.37,0.1
PED07272,2025-01-03,Caixa de Som,Áudio,Itapipoca,Interior,Site,PIX,2,558.84,0.0
PED02524,2025-01-03,Roteador,Informática,Fortaleza,Fortaleza,Marketplace,Boleto,2,587.18,0.0
PED08141,2025-01-03,Roteador,Informática,Caucaia,Região Metropolitana,Marketplace,Boleto,3,369.48,0.1
PED07934,2025-01-03,Monitor,Eletrônicos,Maracanaú,Região Metropolitana,Loja Física,Cartão de Débito,1,1831.66,0.05
PED04817,2025-01-03,Roteador,Informática,Fortaleza,Fortaleza,Loja Física,Cartão de Crédito,1,195.81,0.0
PED00031,2025-01-03,Teclado,Acessórios,Sobral,Interior,Site,Cartão de Débito,3,422.08,0.0
PED03819,2025-01-03,Teclado,Acessórios,Fortaleza,Fortaleza,Site,Cartão de Débito,1,241.17,0.0
PED01015,2025-01-03,Headset,Acessórios,Fortaleza,Fortaleza,Marketplace,Boleto,2,91.97,0.05
PED03974,2025-01-03,Memória RAM,Informática,Itapipoca,Interior,Marketplace,PIX,1,338.51,0.0
PED06763,2025-01-04,Mouse,Acessórios,Itapipoca,Interior,Marketplace,Cartão de Débito,2,257.96,0.0
PED03898,2025-01-04,Roteador,Informática,Juazeiro do Norte,Interior,Marketplace,Cartão de Crédito,2,290.12,0.0
PED04629,2025-01-04,Fone Bluetooth,Áudio,Maracanaú,Região Metropolitana,Marketplace,Cartão de Débito,1,615.21,0.1
PED01132,2025-01-04,Notebook,Eletrônicos,Juazeiro do Norte,Interior,Site,Boleto,2,5593.23,0.1
PED01524,2025-01-04,Teclado,Acessórios,Itapipoca,Interior,Site,Cartão de Débito,1,283.01,0.05
PED07853,2025-01-04,Cadeira Gamer,Móveis,Fortaleza,Fortaleza,Site,PIX,2,1032.54,0.0
PED04007,2025-01-04,Roteador,Informática,Juazeiro do Norte,Interior,Marketplace,Cartão de Débito,4,583.53,0.0
PED08962,2025-01-04,Fone Bluetooth,Áudio,Itapipoca,Interior,Marketplace,Cartão de Crédito,2,373.56,0.1
PED03730,2025-01-04,Teclado,Acessórios,Itapipoca,Interior,Site,Cartão de Crédito,3,356.5,0.0
PED03719,2025-01-04,Notebook,Eletrônicos,Fortaleza,Fortaleza,Loja Física,Boleto,1,4390.81,0.05
PED02683,2025-01-04,Mesa Escritório,Móveis,Sobral,Interior,Marketplace,Cartão de Crédito,2,649.1,0.05
PED00276,2025-01-04,Memória RAM,Informática,Fortaleza,Fortaleza,Loja Física,Cartão de Débito,1,335.2,0.15
PED08664,2025-01-04,Mesa Escritório,Móveis,Fortaleza,Fortaleza,Site,PIX,2,928.72,0.05
PED03213,2025-01-04,Memória RAM,Informática,Caucaia,Região Metropolitana,Marketplace,Boleto,2,313.67,0.1
PED02894,2025-01-04,Cadeira Gamer,Móveis,Itapipoca,Interior,Marketplace,Cartão de Débito,1,1002.06,0.0
PED04797,2025-01-04,Caixa de Som,Áudio,Fortaleza,Fortaleza,Site,Cartão de Crédito,1,139.56,0.0
PED01813,2025-01-04,Headset,Acessórios,Sobral,Interior,Site,Cartão de Débito,1,469.42,0.0
PED05525,2025-01-04,Smartphone,Eletrônicos,Sobral,Interior,Site,Cartão de Débito,1,3175.02,0.0
PED05580,2025-01-05,Caixa de Som,Áudio,Itapipoca,Interior,Marketplace,Cartão de Débito,2,226.63,0.1
PED03988,2025-01-05,Smartphone,Eletrônicos,Itapipoca,Interior,Marketplace,Cartão de Débito,3,2136.62,0.1
PED02006,2025-01-05,Notebook,Eletrônicos,Fortaleza,Fortaleza,Loja Física,Boleto,1,3340.33,0.15
PED03385,2025-01-05,Headset,Acessórios,Fortaleza,Fortaleza,Site,Cartão de Débito,1,100.65,0.0
PED09496,2025-01-05,Impressora,Informática,Fortaleza,Fortaleza,Marketplace,PIX,2,1404.51,0.0
PED03313,2025-01-05,Headset,Acessórios,Juazeiro do Norte,Interior,Marketplace,Boleto,1,466.36,0.15
PED06462,2025-01-05,Mouse,Acessórios,Maracanaú,Região Metropolitana,Site,Cartão de Débito,1,54.81,0.05
PED09099,2025-01-05,Smartphone,Eletrônicos,Maracanaú,Região Metropolitana,Site,PIX,1,1074.7,0.0
PED07238,2025-01-05,Roteador,Informática,Sobral,Interior,Marketplace,Cartão de Débito,1,497.61,0.05
PED02415,2025-01-05,Memória RAM,Informática,Sobral,Interior,Marketplace,Cartão de Débito,1,376.22,0.1
PED05678,2025-01-05,Mouse,Acessórios,Caucaia,Região Metropolitana,Loja Física,PIX,1,121.47,0.0
PED01502,2025-01-06,Webcam,Acessórios,Fortaleza,Fortaleza,Site,Cartão de Crédito,1,235.58,0.15
PED05512,2025-01-06,Mesa Escritório,Móveis,Sobral,Interior,Site,Boleto,1,521.27,0.15
PED07316,2025-01-06,Caixa de Som,Áudio,Sobral,Interior,Loja Física,Cartão de Crédito,2,229.44,0.0
PED01399,2025-01-06,Impressora,Informática,Fortaleza,Fortaleza,Site,Boleto,1,1260.37,0.0
PED06479,2025-01-06,Caixa de Som,Áudio,Fortaleza,Fortaleza,Site,Cartão de Crédito,1,711.45,0.05
PED04087,2025-01-06,Impressora,Informática,Fortaleza,Fortaleza,Marketplace,Boleto,1,783.13,0.05
PED04340,2025-01-06,Impressora,Informática,Fortaleza,Fortaleza,Marketplace,Cartão de Débito,1,743.14,0.0
PED08105,2025-01-06,SSD 1TB,Informática,Itapipoca,Interior,Loja Física,Boleto,1,405.32,0.05
PED02363,2025-01-06,Roteador,Informática,Fortaleza,Fortaleza,Loja Física,PIX,2,373.61,0.1
PED06160,2025-01-06,Caixa de Som,Áudio,Fortaleza,Fortaleza,Marketplace,Cartão de Crédito,1,692.95,0.05
PED01366,2025-01-06,Mouse,Acessórios,Sobral,Interior,Site,Cartão de Débito,1,211.67,0.0
PED09231,2025-01-06,Fone Bluetooth,Áudio,Juazeiro do Norte,Interior,Site,Cartão de Débito,1,641.38,0.15
PED03248,2025-01-06,Fone Bluetooth,Áudio,Caucaia,Região Metropolitana,Site,Cartão de Crédito,1,642.14,0.0
PED04177,2025-01-06,Teclado,Acessórios,Maracanaú,Região Metropolitana,Loja Física,PIX,1,82.69,0.05
PED04928,2025-01-06,Teclado,Acessórios,Maracanaú,Região Metropolitana,Marketplace,Cartão de Débito,1,172.81,0.0
PED09752,2025-01-07,Fone Bluetooth,Áudio,Juazeiro do Norte,Interior,Loja Física,Boleto,1,236.4,0.0
PED09962,2025-01-07,Mesa Escritório,Móveis,Maracanaú,Região Metropolitana,Marketplace,Cartão de Débito,1,931.74,0.0
PED00263,2025-01-07,Monitor,Eletrônicos,Juazeiro do Norte,Interior,Site,Boleto,1,944.4,0.15
PED00160,2025-01-07,Mouse,Acessórios,Itapipoca,Interior,Loja Física,Cartão de Crédito,1,187.24,0.0
PED03281,2025-01-07,Teclado,Acessórios,Fortaleza,Fortaleza,Site,Cartão de Débito,1,439.54,0.05
PED00529,2025-01-07,Webcam,Acessórios,Fortaleza,Fortaleza,Marketplace,PIX,1,558.46,0.0
PED08538,2025-01-07,Monitor,Eletrônicos,Juazeiro do Norte,Interior,Marketplace,Boleto,1,973.62,0.0
PED00969,2025-01-07,Monitor,Eletrônicos,Fortaleza,Fortaleza,Loja Física,Boleto,1,1076.65,0.15
PED04270,2025-01-07,Mouse,Acessórios,Caucaia,Região Metropolitana,Site,PIX,2,97.51,0.0
PED02964,2025-01-07,Impressora,Informática,Juazeiro do Norte,Interior,Site,Cartão de Crédito,1,1544.25,0.1
PED06247,2025-01-07,Teclado,Acessórios,Fortaleza,Fortaleza,Site,Cartão de Débito,2,400.67,0.1
PED03709,2025-01-07,Headset,Acessórios,Juazeiro do Norte,Interior,Site,Cartão de Crédito,3,538.24,0.0
PED09999,2025-01-07,Roteador,Informática,Caucaia,Região Metropolitana,Site,Cartão de Débito,1,370.38,0.0
PED05577,2025-01-07,Roteador,Informática,Sobral,Interior,Loja Física,PIX,1,349.06,0.1
PED02815,2025-01-07,Cadeira Gamer,Móveis,Fortaleza,Fortaleza,Site,PIX,1,1715.32,0.0
PED02843,2025-01-07,Monitor,Eletrônicos,Fortaleza,Fortaleza,Loja Física,Cartão de Crédito,1,1096.9,0.0
PED04755,2025-01-08,Headset,Acessórios,Fortaleza,Fortaleza,Marketplace,PIX,1,407.52,0.05
PED06492,2025-01-08,SSD 1TB,Informática,Maracanaú,Região Metropolitana,Marketplace,PIX,1,304.32,0.0
PED09643,2025-01-08,Memória RAM,Informática,Juazeiro do Norte,Interior,Marketplace,PIX,1,473.47,0.1
PED00166,2025-01-08,Mesa Escritório,Móveis,Fortaleza,Fortaleza,Site,Boleto,1,652.05,0.0
PED00165,2025-01-08,Mouse,Acessórios,Fortaleza,Fortaleza,Loja Física,Cartão de Débito,1,285.78,0.05
PED02670,2025-01-08,Teclado,Acessórios,Fortaleza,Fortaleza,Marketplace,Cartão de Débito,2,276.93,0.0
PED06999,2025-01-08,Cadeira Gamer,Móveis,Itapipoca,Interior,Loja Física,Cartão de Débito,1,811.19,0.0
PED04714,2025-01-08,Mouse,Acessórios,Fortaleza,Fortaleza,Marketplace,PIX,2,160.48,0.15
PED09126,2025-01-08,Memória RAM,Informática,Fortaleza,Fortaleza,Loja Física,Cartão de Débito,1,317.75,0.1
PED04650,2025-01-08,Mouse,Acessórios,Fortaleza,Fortaleza,Marketplace,PIX,2,267.62,0.0
PED02233,2025-01-08,Mouse,Acessórios,Juazeiro do Norte,Interior,Loja Física,Cartão de Débito,1,48.42,0.1
PED03907,2025-01-08,Headset,Acessórios,Sobral,Interior,Marketplace,Boleto,1,144.16,0.1
PED02191,2025-01-08,Smartphone,Eletrônicos,Fortaleza,Fortaleza,Marketplace,Cartão de Débito,1,3146.64,0.1
PED07978,2025-01-08,Memória RAM,Informática,Caucaia,Região Metropolitana,Loja Física,Boleto,1,475.36,0.1
PED08982,2025-01-08,Headset,Acessórios,Maracanaú,Região Metropolitana,Marketplace,Cartão de Débito,2,145.25,0.15
PED06905,2025-01-09,Smartphone,Eletrônicos,Fortaleza,Fortaleza,Loja Física,Cartão de Crédito,3,1940.66,0.0
PED03602,2025-01-09,SSD 1TB,Informática,Caucaia,Região Metropolitana,Loja Física,Cartão de Crédito,1,409.86,0.15
PED03496,2025-01-09,Fone Bluetooth,Áudio,Juazeiro do Norte,Interior,Loja Física,Boleto,1,539.8,0.05
PED08534,2025-01-09,Impressora,Informática,Itapipoca,Interior,Marketplace,Cartão de Débito,2,821.37,0.0
PED02509,2025-01-09,Teclado,Acessórios,Fortaleza,Fortaleza,Loja Física,Cartão de Débito,1,202.91,0.0
PED04237,2025-01-09,Headset,Acessórios,Juazeiro do Norte,Interior,Marketplace,Cartão de Débito,1,507.77,0.1
PED09964,2025-01-09,SSD 1TB,Informática,Juazeiro do Norte,Interior,Loja Física,Boleto,2,349.93,0.0
PED09074,2025-01-09,Mouse,Acessórios,Fortaleza,Fortaleza,Loja Física,Cartão de Débito,1,199.65,0.05
PED01018,2025-01-09,Caixa de Som,Áudio,Fortaleza,Fortaleza,Loja Física,Boleto,1,359.34,0.0
PED09804,2025-01-09,Impressora,Informática,Maracanaú,Região Metropolitana,Marketplace,Cartão de Crédito,1,1657.95,0.0
PED08680,2025-01-09,Impressora,Informática,Fortaleza,Fortaleza,Marketplace,PIX,1,1558.11,0.0
PED02690,2025-01-09,SSD 1TB,Informática,Fortaleza,Fortaleza,Marketplace,PIX,1,510.39,0.0
PED02452,2025-01-09,Monitor,Eletrônicos,Fortaleza,Fortaleza,Marketplace,Cartão de Débito,1,1806.62,0.0
PED01467,2025-01-09,Impressora,Informática,Sobral,Interior,Loja Física,Cartão de Crédito,1,1282.93,0.15
PED05139,2025-01-09,Mesa Escritório,Móveis,Itapipoca,Interior,Loja Física,Cartão de Débito,2,1175.84,0.05
PED06144,2025-01-09,Webcam,Acessórios,Itapipoca,Interior,Marketplace,Cartão de Débito,1,325.45,0.0
PED02393,2025-01-10,Fone Bluetooth,Áudio,Fortaleza,Fortaleza,Site,Cartão de Débito,2,625.71,0.0
PED02817,2025-01-10,Headset,Acessórios,Maracanaú,Região Metropolitana,Site,Cartão de Crédito,1,403.63,0.15
PED01195,2025-01-10,Notebook,Eletrônicos,Fortaleza,Fortaleza,Loja Física,Boleto,2,4823.75,0.0
PED01156,2025-01-10,Monitor,Eletrônicos,Fortaleza,Fortaleza,Site,PIX,2,1497.9,0.0
PED05397,2025-01-10,Impressora,Informática,Fortaleza,Fortaleza,Marketplace,Cartão de Crédito,1,610.63,0.15
PED01221,2025-01-10,Mouse,Acessórios,Fortaleza,Fortaleza,Marketplace,Boleto,1,170.99,0.05
PED01973,2025-01-10,Fone Bluetooth,Áudio,Fortaleza,Fortaleza,Marketplace,Cartão de Débito,1,485.48,0.0
PED03238,2025-01-10,Mesa Escritório,Móveis,Sobral,Interior,Marketplace,Cartão de Débito,2,1226.61,0.0
PED03818,2025-01-10,Caixa de Som,Áudio,Juazeiro do Norte,Interior,Site,PIX,1,588.19,0.0
PED02602,2025-01-10,Teclado,Acessórios,Maracanaú,Região Metropolitana,Site,Cartão de Débito,2,406.91,0.05
PED02536,2025-01-10,Monitor,Eletrônicos,Caucaia,Região Metropolitana,Loja Física,PIX,1,818.05,0.1
PED00453,2025-01-10,Webcam,Acessórios,Caucaia,Região Metropolitana,Site,Cartão de Crédito,2,495.48,0.15
PED09308,2025-01-10,Smartphone,Eletrônicos,Caucaia,Região Metropolitana,Site,Cartão de Crédito,1,4220.35,0.1
PED03453,2025-01-10,Memória RAM,Informática,Maracanaú,Região Metropolitana,Site,PIX,4,347.01,0.1
PED06355,2025-01-10,Mouse,Acessórios,Sobral,Interior,Site,Cartão de Débito,4,266.8,0.1
PED08696,2025-01-10,Headset,Acessórios,Fortaleza,Fortaleza,Site,Cartão de Débito,2,278.23,0.0
PED09733,2025-01-10,Smartphone,Eletrônicos,Fortaleza,Fortaleza,Marketplace,PIX,1,4002.63,0.0
PED00388,2025-01-10,Webcam,Acessórios,Fortaleza,Fortaleza,Site,PIX,1,560.18,0.05
PED09545,2025-01-11,Mesa Escritório,Móveis,Fortaleza,Fortaleza,Site,Cartão de Crédito,2,573.77,0.1
PED03725,2025-01-11,Teclado,Acessórios,Itapipoca,Interior,Site,PIX,1,372.34,0.0
PED07387,2025-01-11,Mouse,Acessórios,Itapipoca,Interior,Loja Física,PIX,1,47.04,0.0
PED01226,2025-01-11,Roteador,Informática,Fortaleza,Fortaleza,Site,Cartão de Crédito,4,481.41,0.05
PED01741,2025-01-11,Fone Bluetooth,Áudio,Maracanaú,Região Metropolitana,Site,Boleto,3,294.97,0.0
PED09778,2025-01-11,Roteador,Informática,Itapipoca,Interior,Loja Física,PIX,1,548.99,0.15
PED05015,2025-01-11,SSD 1TB,Informática,Fortaleza,Fortaleza,Loja Física,Cartão de Crédito,3,542.71,0.1
PED07877,2025-01-11,Mouse,Acessórios,Caucaia,Região Metropolitana,Site,Cartão de Crédito,1,58.66,0.0
PED07184,2025-01-11,Cadeira Gamer,Móveis,Maracanaú,Região Metropolitana,Site,Cartão de Crédito,1,942.06,0.05
PED01742,2025-01-11,Caixa de Som,Áudio,Juazeiro do Norte,Interior,Marketplace,Boleto,2,129.26,0.0
PED01780,2025-01-11,Headset,Acessórios,Maracanaú,Região Metropolitana,Marketplace,PIX,1,229.25,0.15
PED05178,2025-01-11,SSD 1TB,Informática,Itapipoca,Interior,Loja Física,Cartão de Débito,3,548.61,0.0
PED02537,2025-01-11,Webcam,Acessórios,Maracanaú,Região Metropolitana,Loja Física,PIX,1,247.29,0.0
PED06815,2025-01-11,Mouse,Acessórios,Fortaleza,Fortaleza,Loja Física,Cartão de Crédito,1,258.41,0.0
PED09363,2025-01-11,Fone Bluetooth,Áudio,Sobral,Interior,Site,Cartão de Crédito,2,173.09,0.0
PED06208,2025-01-12,Cadeira Gamer,Móveis,Itapipoca,Interior,Loja Física,Boleto,1,1246.89,0.15
PED05669,2025-01-12,Memória RAM,Informática,Itapipoca,Interior,Site,Boleto,1,343.81,0.0
PED01261,2025-01-12,Mouse,Acessórios,Fortaleza,Fortaleza,Site,Cartão de Crédito,1,183.44,0.0
PED06957,2025-01-12,Cadeira Gamer,Móveis,Caucaia,Região Metropolitana,Marketplace,Boleto,1,1242.93,0.0
PED00654,2025-01-12,Caixa de Som,Áudio,Fortaleza,Fortaleza,Marketplace,Boleto,2,137.89,0.05
PED01323,2025-01-12,Headset,Acessórios,Fortaleza,Fortaleza,Marketplace,Cartão de Débito,1,188.34,0.0
PED01073,2025-01-12,Impressora,Informática,Caucaia,Região Metropolitana,Loja Física,Cartão de Débito,1,1624.63,0.0
PED07240,2025-01-12,SSD 1TB,Informática,Sobral,Interior,Loja Física,Cartão de Débito,1,312.16,0.05
PED08711,2025-01-12,Teclado,Acessórios,Juazeiro do Norte,Interior,Site,Cartão de Crédito,1,292.27,0.0
PED09148,2025-01-12,Caixa de Som,Áudio,Fortaleza,Fortaleza,Site,PIX,4,510.39,0.0
PED09355,2025-01-12,Cadeira Gamer,Móveis,Juazeiro do Norte,Interior,Site,Cartão de Débito,2,1868.36,0.0
PED03648,2025-01-12,Mouse,Acessórios,Caucaia,Região Metropolitana,Marketplace,PIX,1,277.68,0.05
PED00264,2025-01-12,Mesa Escritório,Móveis,Fortaleza,Fortaleza,Site,Cartão de Débito,1,1246.68,0.05
PED09329,2025-01-12,Roteador,Informática,Fortaleza,Fortaleza,Loja Física,Boleto,1,216.28,0.1
PED09824,2025-01-12,Memória RAM,Informática,Maracanaú,Região Metropolitana,Loja Física,Cartão de Crédito,1,434.17,0.0
PED04392,2025-01-12,Monitor,Eletrônicos,Maracanaú,Região Metropolitana,Marketplace,Boleto,2,985.34,0.05
PED07040,2025-01-12,Monitor,Eletrônicos,Caucaia,Região Metropolitana,Loja Física,Cartão de Débito,1,1048.13,0.0
PED03300,2025-01-13,SSD 1TB,Informática,Fortaleza,Fortaleza,Loja Física,Boleto,1,471.04,0.0
PED09539,2025-01-13,Webcam,Acessórios,Sobral,Interior,Site,Cartão de Crédito,1,347.24,0.0
PED08369,2025-01-13,Monitor,Eletrônicos,Caucaia,Região Metropolitana,Marketplace,PIX,1,1789.15,0.0
PED02322,2025-01-13,Fone Bluetooth,Áudio,Fortaleza,Fortaleza,Loja Física,PIX,2,373.38,0.1
PED02951,2025-01-13,SSD 1TB,Informática,Maracanaú,Região Metropolitana,Site,PIX,1,371.41,0.1
PED02705,2025-01-13,Teclado,Acessórios,Fortaleza,Fortaleza,Loja Física,Boleto,3,152.15,0.05
PED09857,2025-01-13,Teclado,Acessórios,Sobral,Interior,Marketplace,Cartão de Débito,2,197.99,0.05
PED09880,2025-01-13,Headset,Acessórios,Fortaleza,Fortaleza,Loja Física,Boleto,1,90.03,0.0
PED04876,2025-01-13,Teclado,Acessórios,Fortaleza,Fortaleza,Marketplace,Boleto,1,293.21,0.05
PED01837,2025-01-13,Fone Bluetooth,Áudio,Sobral,Interior,Loja Física,Cartão de Crédito,1,570.4,0.0
PED07896,2025-01-13,Notebook,Eletrônicos,Itapipoca,Interior,Site,PIX,1,5109.59,0.1
PED08879,2025-01-13,Headset,Acessórios,Fortaleza,Fortaleza,Marketplace,Boleto,1,317.71,0.15
PED01064,2025-01-13,Webcam,Acessórios,Juazeiro do Norte,Interior,Site,Cartão de Crédito,2,621.97,0.1
PED09342,2025-01-13,Webcam,Acessórios,Juazeiro do Norte,Interior,Site,Cartão de Crédito,1,477.3,0.05
PED03426,2025-01-13,Cadeira Gamer,Móveis,Caucaia,Região Metropolitana,Site,Cartão de Débito,1,1654.42,0.0
PED01430,2025-01-13,Impressora,Informática,Fortaleza,Fortaleza,Loja Física,Cartão de Débito,2,1260.55,0.1
PED03681,2025-01-13,Headset,Acessórios,Caucaia,Região Metropolitana,Loja Física,Cartão de Débito,1,461.69,0.05
PED09388,2025-01-13,Headset,Acessórios,Itapipoca,Interior,Marketplace,PIX,1,278.52,0.1
PED01598,2025-01-13,Notebook,Eletrônicos,Sobral,Interior,Site,Cartão de Débito,1,5579.76,0.0
PED05905,2025-01-13,Caixa de Som,Áudio,Caucaia,Região Metropolitana,Marketplace,PIX,1,492.6,0.0
PED05198,2025-01-13,Notebook,Eletrônicos,Maracanaú,Região Metropolitana,Site,Cartão de Débito,1,4357.24,0.0
PED04700,2025-01-13,Mouse,Acessórios,Juazeiro do Norte,Interior,Site,Boleto,1,65.01,0.0
PED06579,2025-01-13,SSD 1TB,Informática,Fortaleza,Fortaleza,Site,Cartão de Débito,1,648.16,0.05
PED00695,2025-01-13,Monitor,Eletrônicos,Juazeiro do Norte,Interior,Site,Boleto,1,1719.26,0.1
PED08441,2025-01-14,Mouse,Acessórios,Caucaia,Região Metropolitana,Site,Cartão de Débito,1,255.45,0.0
PED03747,2025-01-14,Smartphone,Eletrônicos,Fortaleza,Fortaleza,Loja Física,PIX,3,2778.13,0.0
PED09442,2025-01-14,Caixa de Som,Áudio,Fortaleza,Fortaleza,Marketplace,Boleto,1,563.76,0.15
PED04952,2025-01-14,Roteador,Informática,Itapipoca,Interior,Loja Física,Boleto,1,165.7,0.05
PED03458,2025-01-14,Monitor,Eletrônicos,Itapipoca,Interior,Site,PIX,1,1182.52,0.0
PED09455,2025-01-14,Caixa de Som,Áudio,Itapipoca,Interior,Marketplace,Boleto,3,393.44,0.05
PED05265,2025-01-14,Mouse,Acessórios,Maracanaú,Região Metropolitana,Site,Cartão de Crédito,1,162.41,0.0
PED00514,2025-01-14,Mesa Escritório,Móveis,Juazeiro do Norte,Interior,Marketplace,Cartão de Débito,1,683.55,0.05
PED07489,2025-01-14,Monitor,Eletrônicos,Caucaia,Região Metropolitana,Marketplace,PIX,1,1223.73,0.1
PED04219,2025-01-14,Mouse,Acessórios,Sobral,Interior,Site,Cartão de Débito,3,234.26,0.1
PED06284,2025-01-14,Roteador,Informática,Maracanaú,Região Metropolitana,Site,Cartão de Débito,1,163.26,0.0
PED09909,2025-01-14,Webcam,Acessórios,Fortaleza,Fortaleza,Marketplace,PIX,3,469.1,0.05
PED06826,2025-01-14,Monitor,Eletrônicos,Fortaleza,Fortaleza,Loja Física,Cartão de Débito,1,1132.35,0.1
PED02239,2025-01-14,Smartphone,Eletrônicos,Caucaia,Região Metropolitana,Marketplace,PIX,1,3824.41,0.0
PED04291,2025-01-14,Monitor,Eletrônicos,Itapipoca,Interior,Loja Física,PIX,1,1730.01,0.05
PED04288,2025-01-14,SSD 1TB,Informática,Sobral,Interior,Marketplace,Boleto,1,594.32,0.05
PED02872,2025-01-14,Teclado,Acessórios,Maracanaú,Região Metropolitana,Loja Física,Cartão de Crédito,1,371.31,0.0
PED02221,2025-01-14,Roteador,Informática,Fortaleza,Fortaleza,Marketplace,Cartão de Crédito,1,360.35,0.0
PED07127,2025-01-14,Cadeira Gamer,Móveis,Caucaia,Região Metropolitana,Marketplace,PIX,1,978.18,0.0
PED01202,2025-01-14,Smartphone,Eletrônicos,Sobral,Interior,Marketplace,Cartão de Crédito,1,1087.34,0.0
PED01212,2025-01-14,SSD 1TB,Informática,Fortaleza,Fortaleza,Marketplace,Cartão de Crédito,1,402.55,0.0
PED01234,2025-01-14,Mesa Escritório,Móveis,Fortaleza,Fortaleza,Loja Física,PIX,1,1073.73,0.05
PED09837,2025-01-14,Headset,Acessórios,Fortaleza,Fortaleza,Marketplace,Cartão de Débito,1,436.15,0.0
PED04644,2025-01-15,Mouse,Acessórios,Juazeiro do Norte,Interior,Site,Boleto,4,40.71,0.0
PED04229,2025-01-15,Impressora,Informática,Itapipoca,Interior,Loja Física,Boleto,3,711.85,0.0
PED08816,2025-01-15,Impressora,Informática,Caucaia,Região Metropolitana,Site,Boleto,1,1355.0,0.05
PED05088,2025-01-15,SSD 1TB,Informática,Itapipoca,Interior,Marketplace,PIX,1,399.74,0.0
PED04017,2025-01-15,Smartphone,Eletrônicos,Fortaleza,Fortaleza,Site,Cartão de Crédito,1,2907.36,0.0
PED09447,2025-01-15,Cadeira Gamer,Móveis,Fortaleza,Fortaleza,Marketplace,PIX,1,1811.93,0.05
PED06601,2025-01-15,Notebook,Eletrônicos,Fortaleza,Fortaleza,Site,Cartão de Crédito,1,3707.19,0.0
PED00469,2025-01-15,Webcam,Acessórios,Fortaleza,Fortaleza,Site,Cartão de Crédito,1,130.39,0.05
PED03942,2025-01-15,Roteador,Informática,Fortaleza,Fortaleza,Site,Cartão de Débito,1,173.05,0.0
PED08908,2025-01-15,Smartphone,Eletrônicos,Fortaleza,Fortaleza,Site,Cartão de Crédito,3,4387.18,0.0
PED09249,2025-01-15,Headset,Acessórios,Caucaia,Região Metropolitana,Loja Física,Boleto,2,436.66,0.0
PED02016,2025-01-15,Roteador,Informática,Fortaleza,Fortaleza,Site,PIX,1,310.2,0.0
PED07798,2025-01-15,Webcam,Acessórios,Juazeiro do Norte,Interior,Loja Física,Cartão de Crédito,1,519.58,0.0
PED06692,2025-01-15,Impressora,Informática,Itapipoca,Interior,Marketplace,Cartão de Débito,1,794.37,0.05
PED00092,2025-01-15,Caixa de Som,Áudio,Fortaleza,Fortaleza,Marketplace,Cartão de Crédito,1,292.02,0.0
PED07162,2025-01-16,Impressora,Informática,Caucaia,Região Metropolitana,Loja Física,Cartão de Crédito,1,848.5,0.0
PED08220,2025-01-16,Mesa Escritório,Móveis,Fortaleza,Fortaleza,Loja Física,PIX,2,1196.39,0.05
PED00578,2025-01-16,Headset,Acessórios,Maracanaú,Região Metropolitana,Marketplace,PIX,1,512.82,0.0
PED02913,2025-01-16,Webcam,Acessórios,Itapipoca,Interior,Site,Cartão de Crédito,1,667.23,0.15
PED07169,2025-01-16,SSD 1TB,Informática,Itapipoca,Interior,Marketplace,Cartão de Crédito,2,362.43,0.05
PED00119,2025-01-16,Caixa de Som,Áudio,Sobral,Interior,Marketplace,Cartão de Crédito,1,386.99,0.1
PED07311,2025-01-16,Memória RAM,Informática,Fortaleza,Fortaleza,Marketplace,PIX,3,337.66,0.0
PED07597,2025-01-16,Caixa de Som,Áudio,Fortaleza,Fortaleza,Site,Cartão de Crédito,2,606.65,0.05
PED04996,2025-01-16,Caixa de Som,Áudio,Sobral,Interior,Marketplace,Boleto,1,629.16,0.1
PED01095,2025-01-16,Smartphone,Eletrônicos,Fortaleza,Fortaleza,Site,Cartão de Débito,1,943.13,0.0
PED04830,2025-01-16,Impressora,Informática,Caucaia,Região Metropolitana,Marketplace,Boleto,1,814.35,0.0
PED06126,2025-01-16,Teclado,Acessórios,Sobral,Interior,Marketplace,Cartão de Crédito,1,367.21,0.0
PED04564,2025-01-16,Smartphone,Eletrônicos,Itapipoca,Interior,Site,PIX,1,4293.4,0.0
PED06071,2025-01-16,Monitor,Eletrônicos,Fortaleza,Fortaleza,Loja Física,PIX,1,888.35,0.05
PED01428,2025-01-16,Webcam,Acessórios,Caucaia,Região Metropolitana,Site,Cartão de Débito,4,169.61,0.0
PED09065,2025-01-16,Mouse,Acessórios,Fortaleza,Fortaleza,Site,Cartão de Débito,1,141.67,0.15
PED05377,2025-01-16,Headset,Acessórios,Fortaleza,Fortaleza,Loja Física,Cartão de Débito,1,510.34,0.1
PED05275,2025-01-16,Cadeira Gamer,Móveis,Sobral,Interior,Site,Cartão de Crédito,2,1118.73,0.0
PED09525,2025-01-17,Caixa de Som,Áudio,Fortaleza,Fortaleza,Loja Física,Boleto,2,642.62,0.0
PED02942,2025-01-17,Caixa de Som,Áudio,Caucaia,Região Metropolitana,Loja Física,Boleto,1,678.95,0.15
PED01632,2025-01-17,Caixa de Som,Áudio,Caucaia,Região Metropolitana,Marketplace,Boleto,3,796.96,0.0
PED09744,2025-01-17,Roteador,Informática,Caucaia,Região Metropolitana,Marketplace,Boleto,2,382.74,0.15
PED03196,2025-01-17,Monitor,Eletrônicos,Sobral,Interior,Loja Física,Cartão de Débito,1,1782.77,0.05
PED09271,2025-01-17,Fone Bluetooth,Áudio,Maracanaú,Região Metropolitana,Site,Boleto,1,100.53,0.0
PED09305,2025-01-17,Fone Bluetooth,Áudio,Fortaleza,Fortaleza,Site,Boleto,1,615.35,0.0
PED02149,2025-01-17,Roteador,Informática,Maracanaú,Região Metropolitana,Loja Física,Cartão de Crédito,1,552.56,0.0
PED04567,2025-01-17,Mouse,Acessórios,Maracanaú,Região Metropolitana,Loja Física,Boleto,1,161.21,0.0
PED04225,2025-01-17,Mouse,Acessórios,Fortaleza,Fortaleza,Site,Cartão de Débito,1,158.12,0.05
PED09181,2025-01-17,Mouse,Acessórios,Maracanaú,Região Metropolitana,Site,Cartão de Débito,1,76.57,0.0
PED08135,2025-01-17,Impressora,Informática,Fortaleza,Fortaleza,Loja Física,Boleto,3,954.56,0.0
PED07829,2025-01-17,Notebook,Eletrônicos,Fortaleza,Fortaleza,Site,Cartão de Crédito,4,5244.08,0.0
PED04792,2025-01-17,Cadeira Gamer,Móveis,Fortaleza,Fortaleza,Loja Física,Cartão de Débito,1,696.52,0.05
PED02543,2025-01-17,Mesa Escritório,Móveis,Maracanaú,Região Metropolitana,Loja Física,Boleto,2,1275.35,0.15
PED00744,2025-01-17,Caixa de Som,Áudio,Itapipoca,Interior,Loja Física,Boleto,1,560.55,0.0
PED02008,2025-01-18,Monitor,Eletrônicos,Maracanaú,Região Metropolitana,Site,Cartão de Crédito,1,1560.94,0.1
PED02580,2025-01-18,Webcam,Acessórios,Sobral,Interior,Site,PIX,1,146.37,0.0
PED08038,2025-01-18,Fone Bluetooth,Áudio,Sobral,Interior,Loja Física,PIX,1,510.23,0.0
PED01431,2025-01-18,Headset,Acessórios,Sobral,Interior,Site,PIX,2,304.56,0.0
PED04025,2025-01-18,Cadeira Gamer,Móveis,Itapipoca,Interior,Loja Física,Boleto,1,2114.2,0.05
PED02482,2025-01-18,Monitor,Eletrônicos,Fortaleza,Fortaleza,Marketplace,PIX,1,1592.98,0.05
PED02599,2025-01-18,Mouse,Acessórios,Fortaleza,Fortaleza,Marketplace,Cartão de Crédito,1,222.39,0.05
PED08488,2025-01-18,Smartphone,Eletrônicos,Juazeiro do Norte,Interior,Site,PIX,1,1695.93,0.0
PED00242,2025-01-18,Memória RAM,Informática,Caucaia,Região Metropolitana,Site,Cartão de Débito,2,419.52,0.0
PED07618,2025-01-18,Mesa Escritório,Móveis,Maracanaú,Região Metropolitana,Site,Cartão de Débito,1,1373.92,0.05
PED08606,2025-01-18,Mouse,Acessórios,Itapipoca,Interior,Marketplace,Cartão de Débito,1,101.38,0.05
PED03826,2025-01-18,Webcam,Acessórios,Juazeiro do Norte,Interior,Loja Física,Cartão de Crédito,1,367.44,0.1
PED06055,2025-01-18,Fone Bluetooth,Áudio,Fortaleza,Fortaleza,Loja Física,Cartão de Débito,1,288.38,0.0
PED05954,2025-01-18,Mesa Escritório,Móveis,Caucaia,Região Metropolitana,Site,Cartão de Crédito,1,1079.67,0.0
PED02648,2025-01-18,Memória RAM,Informática,Maracanaú,Região Metropolitana,Marketplace,Cartão de Crédito,1,483.06,0.0
PED02124,2025-01-18,Notebook,Eletrônicos,Itapipoca,Interior,Site,Boleto,1,4660.89,0.0
PED00948,2025-01-19,Roteador,Informática,Fortaleza,Fortaleza,Loja Física,Boleto,2,211.34,0.0
PED07844,2025-01-19,Impressora,Informática,Maracanaú,Região Metropolitana,Loja Física,PIX,1,1543.96,0.05
PED03973,2025-01-19,Headset,Acessórios,Itapipoca,Interior,Loja Física,PIX,1,539.47,0.1
PED02737,2025-01-19,Monitor,Eletrônicos,Itapipoca,Interior,Loja Física,Cartão de Débito,3,1656.15,0.0
PED08857,2025-01-19,Monitor,Eletrônicos,Fortaleza,Fortaleza,Site,Boleto,3,1783.18,0.05
PED08827,2025-01-19,Fone Bluetooth,Áudio,Maracanaú,Região Metropolitana,Marketplace,Boleto,1,473.88,0.0
PED03784,2025-01-19,Impressora,Informática,Fortaleza,Fortaleza,Site,Cartão de Crédito,1,1458.94,0.0
PED07287,2025-01-19,Webcam,Acessórios,Fortaleza,Fortaleza,Loja Física,Cartão de Débito,1,136.27,0.1
PED00782,2025-01-20,Teclado,Acessórios,Juazeiro do Norte,Interior,Site,PIX,1,162.22,0.0
PED05874,2025-01-20,Fone Bluetooth,Áudio,Fortaleza,Fortaleza,Site,Cartão de Crédito,2,569.34,0.0
PED05862,2025-01-20,Memória RAM,Informática,Juazeiro do Norte,Interior,Marketplace,Cartão de Débito,1,363.98,0.0
PED09107,2025-01-20,Mouse,Acessórios,Fortaleza,Fortaleza,Site,Cartão de Crédito,1,105.43,0.0
PED02876,2025-01-20,Monitor,Eletrônicos,Fortaleza,Fortaleza,Marketplace,Cartão de Crédito,2,1418.15,0.05
PED02385,2025-01-20,Smartphone,Eletrônicos,Caucaia,Região Metropolitana,Loja Física,Cartão de Débito,1,3799.59,0.0
PED05734,2025-01-20,Teclado,Acessórios,Maracanaú,Região Metropolitana,Marketplace,PIX,1,80.51,0.1
PED00888,2025-01-20,Roteador,Informática,Caucaia,Região Metropolitana,Marketplace,Cartão de Crédito,2,413.81,0.0
PED07136,2025-01-20,Headset,Acessórios,Maracanaú,Região Metropolitana,Marketplace,Boleto,2,260.45,0.0
PED00855,2025-01-20,Smartphone,Eletrônicos,Caucaia,Região Metropolitana,Site,Boleto,2,1053.06,0.0
PED05403,2025-01-20,Memória RAM,Informática,Sobral,Interior,Site,Cartão de Crédito,1,493.87,0.0
PED04109,2025-01-20,Webcam,Acessórios,Sobral,Interior,Loja Física,Cartão de Débito,2,593.42,0.1
PED03906,2025-01-20,Teclado,Acessórios,Fortaleza,Fortaleza,Loja Física,PIX,1,166.8,0.0
PED04511,2025-01-20,Cadeira Gamer,Móveis,Fortaleza,Fortaleza,Marketplace,Boleto,2,2148.12,0.1
PED00772,2025-01-20,Smartphone,Eletrônicos,Fortaleza,Fortaleza,Site,Cartão de Crédito,2,3250.32,0.1
PED00473,2025-01-20,Teclado,Acessórios,Fortaleza,Fortaleza,Loja Física,Cartão de Crédito,3,346.32,0.1
PED00557,2025-01-20,Monitor,Eletrônicos,Caucaia,Região Metropolitana,Marketplace,Cartão de Débito,1,1834.07,0.15
PED07284,2025-01-20,Webcam,Acessórios,Caucaia,Região Metropolitana,Loja Física,Cartão de Débito,2,624.49,0.1
PED02918,2025-01-20,Smartphone,Eletrônicos,Itapipoca,Interior,Loja Física,Cartão de Débito,1,2191.65,0.0
PED08253,2025-01-21,Cadeira Gamer,Móveis,Maracanaú,Região Metropolitana,Marketplace,Boleto,1,727.08,0.0
PED04980,2025-01-21,Memória RAM,Informática,Sobral,Interior,Marketplace,Cartão de Crédito,3,490.42,0.0
PED06617,2025-01-21,SSD 1TB,Informática,Fortaleza,Fortaleza,Loja Física,Cartão de Débito,1,373.68,0.1
PED05460,2025-01-21,Smartphone,Eletrônicos,Maracanaú,Região Metropolitana,Site,PIX,1,3435.71,0.0
PED03368,2025-01-21,Notebook,Eletrônicos,Fortaleza,Fortaleza,Loja Física,Cartão de Débito,3,5792.14,0.05
PED01526,2025-01-21,Monitor,Eletrônicos,Itapipoca,Interior,Loja Física,PIX,1,921.91,0.05
PED05055,2025-01-21,Impressora,Informática,Fortaleza,Fortaleza,Site,PIX,1,1753.77,0.0
PED01773,2025-01-21,Monitor,Eletrônicos,Sobral,Interior,Marketplace,Cartão de Débito,1,1813.68,0.0
PED06890,2025-01-21,Notebook,Eletrônicos,Maracanaú,Região Metropolitana,Loja Física,Cartão de Crédito,1,6137.51,0.1
PED09175,2025-01-21,Smartphone,Eletrônicos,Fortaleza,Fortaleza,Marketplace,Cartão de Crédito,1,1406.84,0.0
PED08248,2025-01-21,Impressora,Informática,Caucaia,Região Metropolitana,Site,Cartão de Crédito,3,1759.09,0.0
PED05081,2025-01-21,Caixa de Som,Áudio,Fortaleza,Fortaleza,Marketplace,PIX,2,537.09,0.0
PED07524,2025-01-21,SSD 1TB,Informática,Itapipoca,Interior,Marketplace,Cartão de Crédito,3,389.53,0.0
PED05011,2025-01-21,Caixa de Som,Áudio,Fortaleza,Fortaleza,Site,PIX,1,627.76,0.0
PED02903,2025-01-21,Cadeira Gamer,Móveis,Caucaia,Região Metropolitana,Site,Cartão de Crédito,2,1213.18,0.05
PED00200,2025-01-21,Memória RAM,Informática,Caucaia,Região Metropolitana,Site,Boleto,2,167.41,0.0
PED09535,2025-01-21,SSD 1TB,Informática,Sobral,Interior,Site,Boleto,1,504.62,0.1
PED00070,2025-01-21,Webcam,Acessórios,Fortaleza,Fortaleza,Marketplace,Boleto,2,396.65,0.0
PED06998,2025-01-22,Teclado,Acessórios,Fortaleza,Fortaleza,Loja Física,Boleto,3,229.52,0.1
PED00104,2025-01-22,Notebook,Eletrônicos,Fortaleza,Fortaleza,Marketplace,Cartão de Débito,3,5101.62,0.1
PED07251,2025-01-22,Monitor,Eletrônicos,Itapipoca,Interior,Loja Física,Cartão de Crédito,1,1045.11,0.1
PED09288,2025-01-22,Impressora,Informática,Fortaleza,Fortaleza,Site,Boleto,1,1439.33,0.0
PED05257,2025-01-22,Mouse,Acessórios,Maracanaú,Região Metropolitana,Marketplace,Cartão de Crédito,1,250.75,0.0
PED07631,2025-01-22,Cadeira Gamer,Móveis,Maracanaú,Região Metropolitana,Site,Cartão de Débito,2,769.73,0.0
PED08652,2025-01-22,Smartphone,Eletrônicos,Fortaleza,Fortaleza,Loja Física,Boleto,2,4251.81,0.0
PED02093,2025-01-22,Memória RAM,Informática,Caucaia,Região Metropolitana,Site,Cartão de Crédito,2,346.95,0.1
PED00821,2025-01-22,Memória RAM,Informática,Juazeiro do Norte,Interior,Site,Cartão de Crédito,1,175.18,0.0
PED05641,2025-01-22,Notebook,Eletrônicos,Fortaleza,Fortaleza,Marketplace,Cartão de Crédito,1,3996.3,0.0
PED06974,2025-01-22,Impressora,Informática,Caucaia,Região Metropolitana,Marketplace,Cartão de Débito,1,1794.63,0.1
PED09210,2025-01-22,Impressora,Informática,Juazeiro do Norte,Interior,Loja Física,Boleto,1,1439.91,0.0
PED08445,2025-01-22,Headset,Acessórios,Fortaleza,Fortaleza,Marketplace,Cartão de Crédito,1,282.05,0.1
PED05032,2025-01-22,Fone Bluetooth,Áudio,Fortaleza,Fortaleza,Site,Boleto,1,197.19,0.05
PED06659,2025-01-22,Notebook,Eletrônicos,Itapipoca,Interior,Loja Física,PIX,3,4190.68,0.0
PED03231,2025-01-22,Mesa Escritório,Móveis,Fortaleza,Fortaleza,Marketplace,Cartão de Débito,1,664.56,0.05
PED07248,2025-01-23,Caixa de Som,Áudio,Caucaia,Região Metropolitana,Marketplace,Boleto,3,776.69,0.15
PED01218,2025-01-23,Smartphone,Eletrônicos,Caucaia,Região Metropolitana,Loja Física,Cartão de Débito,1,3408.14,0.15
PED03821,2025-01-23,Impressora,Informática,Sobral,Interior,Loja Física,PIX,1,878.35,0.0
PED00129,2025-01-23,Roteador,Informática,Fortaleza,Fortaleza,Marketplace,Boleto,1,280.77,0.05
PED05315,2025-01-23,Smartphone,Eletrônicos,Fortaleza,Fortaleza,Loja Física,Cartão de Débito,1,2992.03,0.05
PED07537,2025-01-23,SSD 1TB,Informática,Fortaleza,Fortaleza,Site,Cartão de Crédito,2,304.68,0.05
PED01536,2025-01-23,Headset,Acessórios,Fortaleza,Fortaleza,Site,Boleto,1,363.04,0.0
PED06090,2025-01-23,Roteador,Informática,Fortaleza,Fortaleza,Site,Cartão de Crédito,1,495.48,0.05
PED09081,2025-01-23,Fone Bluetooth,Áudio,Itapipoca,Interior,Loja Física,PIX,4,279.34,0.0
PED02279,2025-01-23,Mesa Escritório,Móveis,Caucaia,Região Metropolitana,Marketplace,PIX,1,552.56,0.0
PED09214,2025-01-23,SSD 1TB,Informática,Fortaleza,Fortaleza,Site,Cartão de Crédito,2,370.18,0.0
PED01802,2025-01-23,Notebook,Eletrônicos,Fortaleza,Fortaleza,Site,Boleto,1,3722.44,0.0
PED04060,2025-01-23,Webcam,Acessórios,Fortaleza,Fortaleza,Marketplace,Cartão de Débito,1,172.35,0.1
PED09867,2025-01-23,Notebook,Eletrônicos,Fortaleza,Fortaleza,Loja Física,Cartão de Crédito,1,4612.02,0.0
PED03616,2025-01-23,Mouse,Acessórios,Fortaleza,Fortaleza,Site,Cartão de Débito,1,61.37,0.0
PED05407,2025-01-23,Headset,Acessórios,Maracanaú,Região Metropolitana,Site,PIX,1,446.91,0.0
PED09809,2025-01-23,Fone Bluetooth,Áudio,Sobral,Interior,Loja Física,PIX,1,480.85,0.0
PED01310,2025-01-23,Fone Bluetooth,Áudio,Sobral,Interior,Site,PIX,1,357.31,0.0
PED01842,2025-01-23,Cadeira Gamer,Móveis,Sobral,Interior,Site,PIX,1,2042.71,0.0
PED07193,2025-01-23,Smartphone,Eletrônicos,Juazeiro do Norte,Interior,Loja Física,Cartão de Crédito,2,1183.57,0.05
PED08943,2025-01-23,Smartphone,Eletrônicos,Fortaleza,Fortaleza,Site,Boleto,1,4290.4,0.0
PED09225,2025-01-24,Cadeira Gamer,Móveis,Itapipoca,Interior,Site,PIX,3,1359.93,0.1
PED04178,2025-01-24,Notebook,Eletrônicos,Fortaleza,Fortaleza,Marketplace,Boleto,1,3885.98,0.0
PED02074,2025-01-24,Headset,Acessórios,Fortaleza,Fortaleza,Marketplace,PIX,2,306.12,0.0
PED00820,2025-01-24,Monitor,Eletrônicos,Caucaia,Região Metropolitana,Site,Boleto,2,1861.97,0.0
PED03885,2025-01-24,Notebook,Eletrônicos,Caucaia,Região Metropolitana,Marketplace,Cartão de Débito,1,3654.5,0.05
PED06182,2025-01-24,Webcam,Acessórios,Juazeiro do Norte,Interior,Marketplace,PIX,4,699.39,0.05
PED05393,2025-01-24,Cadeira Gamer,Móveis,Itapipoca,Interior,Loja Física,Cartão de Débito,1,1727.75,0.0
PED03290,2025-01-24,Teclado,Acessórios,Caucaia,Região Metropolitana,Marketplace,Cartão de Crédito,1,426.63,0.05
PED09306,2025-01-24,Fone Bluetooth,Áudio,Fortaleza,Fortaleza,Loja Física,Cartão de Débito,2,81.86,0.0
PED08233,2025-01-24,SSD 1TB,Informática,Itapipoca,Interior,Site,Cartão de Crédito,2,321.06,0.0
PED08156,2025-01-24,Webcam,Acessórios,Fortaleza,Fortaleza,Marketplace,Boleto,1,474.04,0.05
PED00605,2025-01-24,Memória RAM,Informática,Juazeiro do Norte,Interior,Loja Física,Cartão de Crédito,1,414.81,0.0
PED09213,2025-01-24,SSD 1TB,Informática,Itapipoca,Interior,Loja Física,PIX,1,537.25,0.0
PED08456,2025-01-24,Mouse,Acessórios,Maracanaú,Região Metropolitana,Marketplace,Cartão de Débito,1,292.83,0.05
PED03874,2025-01-24,Monitor,Eletrônicos,Sobral,Interior,Loja Física,Cartão de Crédito,3,887.83,0.0
PED05661,2025-01-24,Smartphone,Eletrônicos,Itapipoca,Interior,Loja Física,Cartão de Débito,1,4149.74,0.05
PED09473,2025-01-25,Caixa de Som,Áudio,Caucaia,Região Metropolitana,Site,Cartão de Débito,1,207.24,0.0
PED06455,2025-01-25,Mouse,Acessórios,Fortaleza,Fortaleza,Marketplace,Cartão de Crédito,1,201.75,0.05
PED03117,2025-01-25,Mouse,Acessórios,Caucaia,Região Metropolitana,Site,Cartão de Crédito,1,117.97,0.1
PED05516,2025-01-25,SSD 1TB,Informática,Fortaleza,Fortaleza,Loja Física,Boleto,1,437.42,0.0
PED05218,2025-01-25,Headset,Acessórios,Fortaleza,Fortaleza,Site,PIX,1,456.85,0.05
PED03223,2025-01-25,Notebook,Eletrônicos,Fortaleza,Fortaleza,Site,PIX,1,5252.8,0.1
PED09224,2025-01-25,Headset,Acessórios,Maracanaú,Região Metropolitana,Site,Cartão de Crédito,1,232.41,0.05
PED01875,2025-01-25,Monitor,Eletrônicos,Fortaleza,Fortaleza,Site,Boleto,4,1108.34,0.05
PED05392,2025-01-25,Fone Bluetooth,Áudio,Juazeiro do Norte,Interior,Site,Cartão de Crédito,1,596.72,0.0
PED04597,2025-01-25,Smartphone,Eletrônicos,Fortaleza,Fortaleza,Site,Cartão de Crédito,1,3994.95,0.1
PED02715,2025-01-25,Impressora,Informática,Caucaia,Região Metropolitana,Marketplace,Cartão de Crédito,2,887.94,0.05
PED06161,2025-01-26,Mouse,Acessórios,Juazeiro do Norte,Interior,Marketplace,Boleto,2,130.35,0.0
PED09861,2025-01-26,Smartphone,Eletrônicos,Maracanaú,Região Metropolitana,Site,PIX,4,3290.61,0.05
PED08967,2025-01-26,Webcam,Acessórios,Caucaia,Região Metropolitana,Marketplace,Cartão de Débito,1,658.39,0.1
PED03352,2025-01-26,Webcam,Acessórios,Caucaia,Região Metropolitana,Loja Física,Boleto,3,629.88,0.05
PED03344,2025-01-26,Smartphone,Eletrônicos,Fortaleza,Fortaleza,Marketplace,PIX,1,1405.19,0.0
PED05751,2025-01-26,Teclado,Acessórios,Caucaia,Região Metropolitana,Marketplace,Cartão de Crédito,1,169.21,0.15
PED00329,2025-01-26,Mesa Escritório,Móveis,Itapipoca,Interior,Site,PIX,2,789.75,0.0
PED08735,2025-01-26,Mouse,Acessórios,Itapipoca,Interior,Marketplace,PIX,1,230.02,0.0
PED05691,2025-01-26,Headset,Acessórios,Fortaleza,Fortaleza,Loja Física,Cartão de Débito,1,442.81,0.15
PED06797,2025-01-26,Fone Bluetooth,Áudio,Fortaleza,Fortaleza,Site,PIX,1,622.03,0.0
PED06538,2025-01-26,Headset,Acessórios,Sobral,Interior,Site,Cartão de Crédito,3,541.35,0.05
PED06774,2025-01-26,Impressora,Informática,Fortaleza,Fortaleza,Site,Cartão de Débito,1,1704.48,0.05
PED04699,2025-01-26,Impressora,Informática,Juazeiro do Norte,Interior,Loja Física,Cartão de Débito,1,887.29,0.1
PED03435,2025-01-26,Webcam,Acessórios,Juazeiro do Norte,Interior,Site,Cartão de Débito,1,406.76,0.0
PED07994,2025-01-26,Webcam,Acessórios,Fortaleza,Fortaleza,Site,Boleto,1,157.82,0.0
PED09395,2025-01-26,Impressora,Informática,Caucaia,Região Metropolitana,Marketplace,Boleto,1,1042.95,0.0
PED08039,2025-01-26,Headset,Acessórios,Fortaleza,Fortaleza,Marketplace,PIX,1,254.36,0.1
PED04777,2025-01-27,SSD 1TB,Informática,Fortaleza,Fortaleza,Loja Física,Cartão de Crédito,2,328.26,0.0
PED05173,2025-01-27,Monitor,Eletrônicos,Itapipoca,Interior,Site,Cartão de Crédito,1,657.18,0.0
PED04057,2025-01-27,Webcam,Acessórios,Itapipoca,Interior,Marketplace,Cartão de Crédito,3,294.11,0.0
PED01440,2025-01-27,Monitor,Eletrônicos,Fortaleza,Fortaleza,Loja Física,Cartão de Crédito,1,1660.04,0.0
PED06111,2025-01-27,Memória RAM,Informática,Caucaia,Região Metropolitana,Site,Cartão de Débito,2,383.67,0.05
PED06159,2025-01-27,Monitor,Eletrônicos,Fortaleza,Fortaleza,Loja Física,Boleto,1,1324.72,0.1
PED04997,2025-01-27,Roteador,Informática,Caucaia,Região Metropolitana,Site,PIX,1,529.83,0.0
PED09403,2025-01-27,Monitor,Eletrônicos,Fortaleza,Fortaleza,Marketplace,Boleto,1,1044.24,0.05
PED03932,2025-01-27,Fone Bluetooth,Áudio,Itapipoca,Interior,Marketplace,PIX,2,360.4,0.0
PED01595,2025-01-27,Roteador,Informática,Fortaleza,Fortaleza,Loja Física,Cartão de Débito,1,407.96,0.0
PED06228,2025-01-27,Smartphone,Eletrônicos,Sobral,Interior,Site,Boleto,3,2599.75,0.0
PED07967,2025-01-27,Roteador,Informática,Itapipoca,Interior,Site,Cartão de Crédito,1,507.37,0.0
PED06302,2025-01-27,Cadeira Gamer,Móveis,Caucaia,Região Metropolitana,Loja Física,Boleto,1,825.43,0.0
PED07786,2025-01-27,Memória RAM,Informática,Maracanaú,Região Metropolitana,Loja Física,Cartão de Crédito,1,512.32,0.1
PED06494,2025-01-27,Fone Bluetooth,Áudio,Maracanaú,Região Metropolitana,Marketplace,PIX,1,609.71,0.0
PED03136,2025-01-27,Fone Bluetooth,Áudio,Fortaleza,Fortaleza,Loja Física,Cartão de Débito,1,81.41,0.05
PED05629,2025-01-27,Mouse,Acessórios,Itapipoca,Interior,Site,Cartão de Débito,1,155.98,0.0
PED02096,2025-01-28,Webcam,Acessórios,Sobral,Interior,Site,Cartão de Crédito,1,517.25,0.1
PED00243,2025-01-28,Webcam,Acessórios,Maracanaú,Região Metropolitana,Marketplace,Boleto,2,274.01,0.05
PED05210,2025-01-28,Roteador,Informática,Juazeiro do Norte,Interior,Marketplace,PIX,2,167.58,0.15
PED05898,2025-01-28,Teclado,Acessórios,Fortaleza,Fortaleza,Loja Física,Cartão de Crédito,2,358.42,0.05
PED03828,2025-01-28,Webcam,Acessórios,Fortaleza,Fortaleza,Marketplace,Boleto,2,493.52,0.0
PED09283,2025-01-28,Impressora,Informática,Maracanaú,Região Metropolitana,Loja Física,Cartão de Crédito,1,1580.2,0.0
PED03096,2025-01-28,Mesa Escritório,Móveis,Itapipoca,Interior,Marketplace,Boleto,1,458.1,0.0
PED02054,2025-01-28,Caixa de Som,Áudio,Fortaleza,Fortaleza,Marketplace,PIX,1,704.02,0.0
PED06253,2025-01-28,Mouse,Acessórios,Caucaia,Região Metropolitana,Loja Física,Boleto,1,254.37,0.0
PED03085,2025-01-28,Teclado,Acessórios,Maracanaú,Região Metropolitana,Loja Física,Cartão de Crédito,1,156.64,0.05
PED02038,2025-01-28,Fone Bluetooth,Áudio,Fortaleza,Fortaleza,Marketplace,PIX,1,639.0,0.05
PED03288,2025-01-28,Smartphone,Eletrônicos,Juazeiro do Norte,Interior,Loja Física,Cartão de Débito,3,2712.17,0.1
PED00451,2025-01-29,Fone Bluetooth,Áudio,Fortaleza,Fortaleza,Site,PIX,2,172.86,0.0
PED04720,2025-01-29,Monitor,Eletrônicos,Maracanaú,Região Metropolitana,Loja Física,Cartão de Débito,1,992.77,0.0
PED03704,2025-01-29,Webcam,Acessórios,Fortaleza,Fortaleza,Site,Cartão de Débito,1,530.48,0.05
PED08843,2025-01-29,Teclado,Acessórios,Juazeiro do Norte,Interior,Site,PIX,1,343.45,0.0
PED07017,2025-01-29,Headset,Acessórios,Fortaleza,Fortaleza,Marketplace,Cartão de Crédito,1,176.27,0.0
PED08201,2025-01-29,Headset,Acessórios,Fortaleza,Fortaleza,Site,Cartão de Débito,1,327.23,0.1
PED06297,2025-01-29,SSD 1TB,Informática,Maracanaú,Região Metropolitana,Site,Cartão de Débito,1,525.6,0.1
PED02819,2025-01-29,Headset,Acessórios,Fortaleza,Fortaleza,Loja Física,Cartão de Débito,1,157.69,0.1
PED02259,2025-01-29,Webcam,Acessórios,Fortaleza,Fortaleza,Marketplace,Cartão de Débito,1,175.15,0.05
PED04624,2025-01-29,Notebook,Eletrônicos,Fortaleza,Fortaleza,Marketplace,Boleto,1,3481.79,0.0
PED07085,2025-01-29,Roteador,Informática,Itapipoca,Interior,Marketplace,Cartão de Débito,1,365.64,0.0
PED01712,2025-01-29,Cadeira Gamer,Móveis,Fortaleza,Fortaleza,Marketplace,Boleto,1,1317.79,0.1
PED06391,2025-01-29,Memória RAM,Informática,Fortaleza,Fortaleza,Loja Física,Cartão de Débito,2,327.5,0.1
PED06084,2025-01-29,Roteador,Informática,Juazeiro do Norte,Interior,Marketplace,Cartão de Débito,1,564.52,0.0
PED05447,2025-01-29,Roteador,Informática,Fortaleza,Fortaleza,Loja Física,Cartão de Crédito,4,407.67,0.05
PED08263,2025-01-29,Headset,Acessórios,Itapipoca,Interior,Site,PIX,1,130.53,0.0
PED05466,2025-01-29,Teclado,Acessórios,Fortaleza,Fortaleza,Site,Cartão de Crédito,3,72.59,0.0
PED08493,2025-01-29,Memória RAM,Informática,Fortaleza,Fortaleza,Site,PIX,1,472.76,0.05
PED07219,2025-01-29,Headset,Acessórios,Itapipoca,Interior,Marketplace,Cartão de Débito,1,137.62,0.1
PED06438,2025-01-29,Headset,Acessórios,Fortaleza,Fortaleza,Site,Boleto,1,248.67,0.0
PED07568,2025-01-30,Impressora,Informática,Sobral,Interior,Marketplace,Cartão de Crédito,1,1440.57,0.0
PED06257,2025-01-30,Headset,Acessórios,Fortaleza,Fortaleza,Site,Cartão de Crédito,1,172.37,0.15
PED07688,2025-01-30,Smartphone,Eletrônicos,Itapipoca,Interior,Marketplace,Cartão de Crédito,3,2138.71,0.0
PED08828,2025-01-30,Roteador,Informática,Fortaleza,Fortaleza,Site,PIX,1,454.45,0.05
PED08532,2025-01-30,SSD 1TB,Informática,Itapipoca,Interior,Marketplace,Cartão de Débito,3,347.11,0.1
PED00488,2025-01-30,Impressora,Informática,Caucaia,Região Metropolitana,Marketplace,Cartão de Crédito,1,1153.85,0.1
PED07008,2025-01-30,SSD 1TB,Informática,Itapipoca,Interior,Loja Física,Boleto,1,300.68,0.0
PED01581,2025-01-30,Impressora,Informática,Caucaia,Região Metropolitana,Marketplace,Cartão de Crédito,1,723.22,0.0
PED04020,2025-01-30,Headset,Acessórios,Itapipoca,Interior,Loja Física,Cartão de Crédito,1,245.75,0.0
PED08870,2025-01-30,SSD 1TB,Informática,Fortaleza,Fortaleza,Site,Cartão de Crédito,2,407.38,0.1
PED03861,2025-01-30,Smartphone,Eletrônicos,Maracanaú,Região Metropolitana,Loja Física,Cartão de Crédito,1,2388.46,0.05
PED05982,2025-01-30,Mouse,Acessórios,Fortaleza,Fortaleza,Marketplace,Cartão de Crédito,1,83.31,0.05
PED09437,2025-01-30,Fone Bluetooth,Áudio,Juazeiro do Norte,Interior,Loja Física,Cartão de Débito,1,287.59,0.0
PED01654,2025-01-30,Mouse,Acessórios,Maracanaú,Região Metropolitana,Site,PIX,1,231.09,0.0
PED02647,2025-01-30,Fone Bluetooth,Áudio,Fortaleza,Fortaleza,Marketplace,PIX,1,143.93,0.05
PED03124,2025-01-30,Impressora,Informática,Juazeiro do Norte,Interior,Loja Física,Boleto,4,1752.18,0.1
PED08430,2025-01-31,Webcam,Acessórios,Fortaleza,Fortaleza,Marketplace,PIX,1,477.37,0.15
PED04386,2025-01-31,Monitor,Eletrônicos,Itapipoca,Interior,Site,Boleto,1,1460.31,0.0
PED04901,2025-01-31,Fone Bluetooth,Áudio,Fortaleza,Fortaleza,Loja Física,Boleto,2,321.62,0.0
PED04166,2025-01-31,Mesa Escritório,Móveis,Fortaleza,Fortaleza,Loja Física,Cartão de Débito,1,463.44,0.05
PED00379,2025-01-31,Caixa de Som,Áudio,Fortaleza,Fortaleza,Site,Boleto,3,290.39,0.1
PED02625,2025-01-31,Teclado,Acessórios,Juazeiro do Norte,Interior,Site,Boleto,1,186.78,0.0
PED09958,2025-01-31,Impressora,Informática,Maracanaú,Região Metropolitana,Marketplace,Cartão de Débito,2,1463.73,0.0
PED08345,2025-01-31,Monitor,Eletrônicos,Fortaleza,Fortaleza,Marketplace,Cartão de Crédito,1,1478.3,0.0
PED05073,2025-01-31,Caixa de Som,Áudio,Fortaleza,Fortaleza,Site,PIX,1,795.03,0.0
PED04185,2025-01-31,Mesa Escritório,Móveis,Juazeiro do Norte,Interior,Marketplace,Cartão de Débito,2,897.34,0.0
PED06937,2025-01-31,Headset,Acessórios,Fortaleza,Fortaleza,Loja Física,Cartão de Débito,1,408.05,0.05
PED08256,2025-01-31,Headset,Acessórios,Maracanaú,Região Metropolitana,Loja Física,Boleto,1,347.66,0.1
PED02825,2025-01-31,Notebook,Eletrônicos,Fortaleza,Fortaleza,Loja Física,Boleto,2,6483.18,0.0
PED08720,2025-01-31,Memória RAM,Informática,Sobral,Interior,Marketplace,Boleto,1,248.14,0.0
PED00677,2025-01-31,Cadeira Gamer,Móveis,Fortaleza,Fortaleza,Site,Boleto,1,2139.85,0.1
PED05863,2025-01-31,SSD 1TB,Informática,Caucaia,Região Metropolitana,Loja Física,Cartão de Crédito,3,493.02,0.0
PED06105,2025-01-31,Caixa de Som,Áudio,Juazeiro do Norte,Interior,Marketplace,Cartão de Débito,1,268.54,0.05
PED07551,2025-01-31,Fone Bluetooth,Áudio,Juazeiro do Norte,Interior,Loja Física,PIX,1,532.55,0.0
PED06015,2025-01-31,Memória RAM,Informática,Fortaleza,Fortaleza,Marketplace,PIX,1,493.46,0.05
PED09153,2025-01-31,Fone Bluetooth,Áudio,Itapipoca,Interior,Site,PIX,1,430.97,0.0
PED09538,2025-01-31,Mouse,Acessórios,Fortaleza,Fortaleza,Marketplace,Cartão de Débito,1,165.11,0.0
PED05305,2025-02-01,Mouse,Acessórios,Fortaleza,Fortaleza,Loja Física,Cartão de Crédito,1,297.14,0.0
PED03271,2025-02-01,Monitor,Eletrônicos,Fortaleza,Fortaleza,Site,Cartão de Débito,1,854.58,0.0
PED03479,2025-02-01,Mesa Escritório,Móveis,Juazeiro do Norte,Interior,Loja Física,Cartão de Débito,2,731.35,0.0
PED08084,2025-02-01,Roteador,Informática,Fortaleza,Fortaleza,Loja Física,Cartão de Crédito,1,270.33,0.1
PED01889,2025-02-01,Memória RAM,Informática,Fortaleza,Fortaleza,Site,PIX,2,374.67,0.0
PED05825,2025-02-01,Notebook,Eletrônicos,Fortaleza,Fortaleza,Site,Cartão de Crédito,2,4819.79,0.15
PED00741,2025-02-01,Memória RAM,Informática,Sobral,Interior,Loja Física,Boleto,1,430.89,0.1
PED07891,2025-02-01,Monitor,Eletrônicos,Maracanaú,Região Metropolitana,Site,Cartão de Débito,1,1610.35,0.0
PED01585,2025-02-01,Fone Bluetooth,Áudio,Fortaleza,Fortaleza,Loja Física,Boleto,1,341.74,0.0
PED05473,2025-02-01,Caixa de Som,Áudio,Caucaia,Região Metropolitana,Loja Física,Cartão de Débito,1,337.27,0.05
PED04920,2025-02-01,Roteador,Informática,Sobral,Interior,Site,Boleto,1,206.67,0.05
PED07828,2025-02-01,Monitor,Eletrônicos,Fortaleza,Fortaleza,Site,Cartão de Débito,1,1635.02,0.1
PED04132,2025-02-01,Monitor,Eletrônicos,Fortaleza,Fortaleza,Marketplace,Cartão de Crédito,1,1593.69,0.1
PED06113,2025-02-01,Cadeira Gamer,Móveis,Sobral,Interior,Site,Cartão de Crédito,1,675.23,0.05
PED07458,2025-02-02,Memória RAM,Informática,Juazeiro do Norte,Interior,Site,Boleto,1,366.17,0.0
PED01255,2025-02-02,Impressora,Informática,Itapipoca,Interior,Marketplace,Cartão de Crédito,1,1179.12,0.0
PED06556,2025-02-02,Mesa Escritório,Móveis,Fortaleza,Fortaleza,Loja Física,PIX,1,1232.79,0.1
PED02219,2025-02-02,Smartphone,Eletrônicos,Fortaleza,Fortaleza,Site,Cartão de Crédito,1,3502.8,0.0
PED08013,2025-02-02,Notebook,Eletrônicos,Itapipoca,Interior,Site,PIX,1,4889.81,0.15
PED05575,2025-02-02,SSD 1TB,Informática,Fortaleza,Fortaleza,Loja Física,PIX,1,335.0,0.05
PED01312,2025-02-02,Monitor,Eletrônicos,Fortaleza,Fortaleza,Loja Física,Cartão de Débito,3,1892.17,0.05
PED09597,2025-02-02,Notebook,Eletrônicos,Sobral,Interior,Loja Física,Boleto,1,3805.38,0.05
PED06738,2025-02-02,Fone Bluetooth,Áudio,Fortaleza,Fortaleza,Marketplace,Cartão de Débito,2,408.88,0.1
PED08295,2025-02-02,Fone Bluetooth,Áudio,Itapipoca,Interior,Site,Cartão de Débito,1,588.45,0.0
PED04311,2025-02-03,Mesa Escritório,Móveis,Sobral,Interior,Site,PIX,1,880.79,0.1
PED04380,2025-02-03,Teclado,Acessórios,Fortaleza,Fortaleza,Marketplace,Cartão de Crédito,1,330.67,0.0
PED08392,2025-02-03,Webcam,Acessórios,Fortaleza,Fortaleza,Site,Cartão de Crédito,1,194.01,0.0
PED00698,2025-02-03,Monitor,Eletrônicos,Fortaleza,Fortaleza,Marketplace,Cartão de Débito,1,1063.89,0.0
PED06336,2025-02-03,Notebook,Eletrônicos,Sobral,Interior,Marketplace,Boleto,2,4822.53,0.05
PED04348,2025-02-03,Notebook,Eletrônicos,Fortaleza,Fortaleza,Marketplace,Cartão de Crédito,2,6203.16,0.1
PED02896,2025-02-03,Mouse,Acessórios,Fortaleza,Fortaleza,Marketplace,Cartão de Crédito,2,164.01,0.05
PED06353,2025-02-03,Monitor,Eletrônicos,Maracanaú,Região Metropolitana,Site,PIX,1,906.98,0.1
PED03103,2025-02-03,Impressora,Informática,Fortaleza,Fortaleza,Site,Cartão de Crédito,2,1354.63,0.0
PED04432,2025-02-03,Mesa Escritório,Móveis,Juazeiro do Norte,Interior,Marketplace,Cartão de Crédito,1,560.28,0.1
PED06427,2025-02-03,Headset,Acessórios,Fortaleza,Fortaleza,Marketplace,Boleto,2,302.8,0.15
PED05649,2025-02-03,Smartphone,Eletrônicos,Maracanaú,Região Metropolitana,Marketplace,Boleto,4,3323.16,0.0
PED04936,2025-02-03,Mouse,Acessórios,Fortaleza,Fortaleza,Marketplace,Cartão de Débito,1,67.2,0.05
PED06343,2025-02-03,SSD 1TB,Informática,Juazeiro do Norte,Interior,Loja Física,Boleto,1,566.29,0.05
PED03888,2025-02-03,Cadeira Gamer,Móveis,Fortaleza,Fortaleza,Marketplace,PIX,3,1608.59,0.1
PED04581,2025-02-03,Cadeira Gamer,Móveis,Caucaia,Região Metropolitana,Site,Cartão de Crédito,1,923.63,0.0
PED05933,2025-02-03,Caixa de Som,Áudio,Caucaia,Região Metropolitana,Loja Física,PIX,1,207.74,0.0
PED00305,2025-02-03,Impressora,Informática,Juazeiro do Norte,Interior,Loja Física,Cartão de Débito,3,569.57,0.05
PED00213,2025-02-03,Mesa Escritório,Móveis,Maracanaú,Região Metropolitana,Marketplace,Cartão de Crédito,1,1230.92,0.15
PED08782,2025-02-03,Memória RAM,Informática,Fortaleza,Fortaleza,Loja Física,Cartão de Crédito,1,465.09,0.0
PED02845,2025-02-04,Fone Bluetooth,Áudio,Itapipoca,Interior,Loja Física,Boleto,4,411.11,0.0
PED08065,2025-02-04,Fone Bluetooth,Áudio,Itapipoca,Interior,Site,Boleto,3,526.03,0.0
PED01663,2025-02-04,Mesa Escritório,Móveis,Fortaleza,Fortaleza,Loja Física,Cartão de Crédito,1,906.28,0.0
PED04917,2025-02-04,Headset,Acessórios,Fortaleza,Fortaleza,Marketplace,PIX,2,410.82,0.1
PED01534,2025-02-04,Headset,Acessórios,Fortaleza,Fortaleza,Site,PIX,1,379.56,0.05
PED06271,2025-02-04,Teclado,Acessórios,Itapipoca,Interior,Loja Física,PIX,2,437.97,0.0
PED03845,2025-02-04,Fone Bluetooth,Áudio,Itapipoca,Interior,Site,PIX,3,288.22,0.0
PED08772,2025-02-04,Impressora,Informática,Fortaleza,Fortaleza,Marketplace,Boleto,3,1391.5,0.05
PED05090,2025-02-04,Teclado,Acessórios,Fortaleza,Fortaleza,Marketplace,PIX,2,334.05,0.0
PED01320,2025-02-04,Headset,Acessórios,Juazeiro do Norte,Interior,Marketplace,Cartão de Débito,2,359.96,0.0
PED05399,2025-02-04,Fone Bluetooth,Áudio,Fortaleza,Fortaleza,Site,PIX,1,300.93,0.0
PED09825,2025-02-04,Webcam,Acessórios,Maracanaú,Região Metropolitana,Site,Cartão de Débito,1,378.72,0.1
PED03938,2025-02-04,Smartphone,Eletrônicos,Fortaleza,Fortaleza,Marketplace,Cartão de Crédito,2,3457.3,0.0
PED03698,2025-02-04,Memória RAM,Informática,Fortaleza,Fortaleza,Marketplace,Boleto,1,503.26,0.0
PED03808,2025-02-04,Memória RAM,Informática,Fortaleza,Fortaleza,Marketplace,Boleto,1,469.86,0.05
PED09075,2025-02-04,Monitor,Eletrônicos,Maracanaú,Região Metropolitana,Marketplace,Cartão de Crédito,3,1376.78,0.1
PED05780,2025-02-04,Cadeira Gamer,Móveis,Caucaia,Região Metropolitana,Site,PIX,1,1553.67,0.05
PED04711,2025-02-04,Smartphone,Eletrônicos,Caucaia,Região Metropolitana,Marketplace,Boleto,2,3982.95,0.15
PED09934,2025-02-05,Webcam,Acessórios,Fortaleza,Fortaleza,Marketplace,PIX,1,674.69,0.0
PED04068,2025-02-05,Notebook,Eletrônicos,Fortaleza,Fortaleza,Loja Física,PIX,1,5034.99,0.0
PED02693,2025-02-05,Monitor,Eletrônicos,Sobral,Interior,Marketplace,Cartão de Débito,1,1212.76,0.0
PED01662,2025-02-05,Monitor,Eletrônicos,Fortaleza,Fortaleza,Marketplace,Boleto,1,1439.85,0.0
PED03990,2025-02-05,Webcam,Acessórios,Caucaia,Região Metropolitana,Marketplace,PIX,1,242.63,0.0
PED07644,2025-02-05,Monitor,Eletrônicos,Fortaleza,Fortaleza,Site,Cartão de Crédito,1,1596.51,0.05
PED02842,2025-02-05,Teclado,Acessórios,Maracanaú,Região Metropolitana,Marketplace,Cartão de Crédito,1,135.87,0.0
PED09863,2025-02-05,Cadeira Gamer,Móveis,Juazeiro do Norte,Interior,Marketplace,Boleto,1,1735.41,0.0
PED03782,2025-02-05,Memória RAM,Informática,Itapipoca,Interior,Loja Física,Boleto,1,529.7,0.0
PED02470,2025-02-05,Impressora,Informática,Itapipoca,Interior,Loja Física,PIX,1,797.64,0.0
PED02702,2025-02-05,Impressora,Informática,Fortaleza,Fortaleza,Loja Física,Cartão de Débito,3,1524.29,0.0
PED06500,2025-02-05,Caixa de Som,Áudio,Caucaia,Região Metropolitana,Marketplace,Cartão de Débito,1,317.58,0.0
PED02687,2025-02-05,Mesa Escritório,Móveis,Fortaleza,Fortaleza,Loja Física,Cartão de Débito,2,1539.18,0.0
PED01148,2025-02-05,Monitor,Eletrônicos,Maracanaú,Região Metropolitana,Marketplace,Cartão de Débito,1,1036.11,0.05
PED01167,2025-02-05,Teclado,Acessórios,Maracanaú,Região Metropolitana,Loja Física,PIX,1,262.34,0.0
PED02082,2025-02-05,Impressora,Informática,Fortaleza,Fortaleza,Marketplace,PIX,1,1745.26,0.1
PED08326,2025-02-05,Fone Bluetooth,Áudio,Caucaia,Região Metropolitana,Site,PIX,1,406.43,0.1
PED08598,2025-02-05,Webcam,Acessórios,Juazeiro do Norte,Interior,Loja Física,Cartão de Débito,1,458.64,0.1
PED08411,2025-02-06,Notebook,Eletrônicos,Fortaleza,Fortaleza,Loja Física,Cartão de Crédito,1,5314.93,0.0
PED02425,2025-02-06,Impressora,Informática,Fortaleza,Fortaleza,Marketplace,Cartão de Crédito,1,1773.34,0.0
PED03297,2025-02-06,Memória RAM,Informática,Itapipoca,Interior,Site,Cartão de Débito,1,405.22,0.1
PED03486,2025-02-06,Mouse,Acessórios,Fortaleza,Fortaleza,Marketplace,Cartão de Crédito,1,102.88,0.15
PED06618,2025-02-06,Mouse,Acessórios,Sobral,Interior,Loja Física,Cartão de Débito,1,280.12,0.0
PED07323,2025-02-06,Smartphone,Eletrônicos,Fortaleza,Fortaleza,Loja Física,Cartão de Débito,2,1569.38,0.0
PED05427,2025-02-06,Headset,Acessórios,Fortaleza,Fortaleza,Marketplace,Cartão de Débito,1,300.81,0.05
PED09523,2025-02-06,Cadeira Gamer,Móveis,Fortaleza,Fortaleza,Site,Cartão de Crédito,2,1096.13,0.0
PED04070,2025-02-06,Smartphone,Eletrônicos,Sobral,Interior,Marketplace,Cartão de Crédito,1,1152.37,0.05
PED09006,2025-02-06,Mouse,Acessórios,Fortaleza,Fortaleza,Marketplace,Boleto,1,105.93,0.05
PED08909,2025-02-06,Webcam,Acessórios,Fortaleza,Fortaleza,Site,PIX,4,584.18,0.0
PED01408,2025-02-06,Smartphone,Eletrônicos,Sobral,Interior,Site,PIX,1,4319.67,0.05
PED01746,2025-02-06,Memória RAM,Informática,Sobral,Interior,Site,Boleto,1,193.74,0.0
PED08058,2025-02-06,Webcam,Acessórios,Maracanaú,Região Metropolitana,Loja Física,PIX,1,191.47,0.0
PED08848,2025-02-06,Caixa de Som,Áudio,Itapipoca,Interior,Site,Cartão de Crédito,1,507.78,0.0
PED09785,2025-02-06,Headset,Acessórios,Caucaia,Região Metropolitana,Loja Física,Cartão de Débito,1,231.11,0.15
PED05148,2025-02-06,Webcam,Acessórios,Fortaleza,Fortaleza,Site,Cartão de Débito,2,697.94,0.05
PED01767,2025-02-06,SSD 1TB,Informática,Fortaleza,Fortaleza,Marketplace,PIX,3,571.18,0.05
PED04895,2025-02-06,Notebook,Eletrônicos,Sobral,Interior,Loja Física,Cartão de Crédito,2,4746.95,0.1
PED08144,2025-02-06,Teclado,Acessórios,Juazeiro do Norte,Interior,Loja Física,Cartão de Crédito,1,449.62,0.1
PED06025,2025-02-06,Mouse,Acessórios,Sobral,Interior,Site,Boleto,2,95.12,0.0
PED06894,2025-02-07,Mouse,Acessórios,Fortaleza,Fortaleza,Site,Cartão de Débito,3,72.41,0.0
PED07775,2025-02-07,Fone Bluetooth,Áudio,Caucaia,Região Metropolitana,Marketplace,Cartão de Débito,1,335.56,0.15
PED05326,2025-02-07,Smartphone,Eletrônicos,Caucaia,Região Metropolitana,Loja Física,PIX,1,3319.57,0.0
PED02092,2025-02-07,Headset,Acessórios,Fortaleza,Fortaleza,Marketplace,Cartão de Débito,1,149.82,0.0
PED02467,2025-02-07,Headset,Acessórios,Fortaleza,Fortaleza,Loja Física,Cartão de Crédito,1,312.57,0.15
PED00118,2025-02-07,Impressora,Informática,Sobral,Interior,Loja Física,Cartão de Débito,2,1637.13,0.0
PED03097,2025-02-07,Webcam,Acessórios,Fortaleza,Fortaleza,Loja Física,PIX,2,383.72,0.15
PED03533,2025-02-07,Impressora,Informática,Itapipoca,Interior,Site,Boleto,3,586.13,0.1
PED07072,2025-02-07,Cadeira Gamer,Móveis,Fortaleza,Fortaleza,Loja Física,Cartão de Débito,1,1222.87,0.0
PED06813,2025-02-07,Headset,Acessórios,Fortaleza,Fortaleza,Site,Boleto,1,265.06,0.0
PED05576,2025-02-07,Webcam,Acessórios,Caucaia,Região Metropolitana,Marketplace,Boleto,1,163.77,0.0
PED09754,2025-02-07,Smartphone,Eletrônicos,Caucaia,Região Metropolitana,Site,Cartão de Crédito,1,3933.92,0.0
PED03834,2025-02-07,Fone Bluetooth,Áudio,Fortaleza,Fortaleza,Site,PIX,1,143.07,0.0
PED09420,2025-02-07,Fone Bluetooth,Áudio,Maracanaú,Região Metropolitana,Loja Física,Cartão de Débito,1,324.77,0.0
PED06108,2025-02-07,Monitor,Eletrônicos,Caucaia,Região Metropolitana,Site,PIX,1,1225.25,0.1
PED09791,2025-02-07,Monitor,Eletrônicos,Fortaleza,Fortaleza,Loja Física,Boleto,2,1777.28,0.0
PED04318,2025-02-08,Mesa Escritório,Móveis,Juazeiro do Norte,Interior,Loja Física,Cartão de Crédito,1,1428.38,0.0
PED09794,2025-02-08,Memória RAM,Informática,Fortaleza,Fortaleza,Marketplace,Boleto,1,181.45,0.1
PED01102,2025-02-08,Headset,Acessórios,Caucaia,Região Metropolitana,Loja Física,Boleto,1,430.06,0.0
PED07424,2025-02-08,Teclado,Acessórios,Caucaia,Região Metropolitana,Loja Física,Cartão de Crédito,1,272.98,0.15
PED05674,2025-02-08,Fone Bluetooth,Áudio,Fortaleza,Fortaleza,Loja Física,PIX,4,157.68,0.0
PED06011,2025-02-08,Impressora,Informática,Juazeiro do Norte,Interior,Loja Física,Cartão de Crédito,1,1766.37,0.0
PED05810,2025-02-08,Notebook,Eletrônicos,Fortaleza,Fortaleza,Loja Física,Cartão de Débito,1,5522.39,0.0
PED05921,2025-02-08,Webcam,Acessórios,Sobral,Interior,Marketplace,Boleto,2,134.04,0.0
PED09599,2025-02-08,SSD 1TB,Informática,Itapipoca,Interior,Marketplace,Cartão de Crédito,2,353.71,0.05
PED03108,2025-02-08,Webcam,Acessórios,Sobral,Interior,Marketplace,Boleto,2,629.44,0.05
PED01395,2025-02-08,Webcam,Acessórios,Juazeiro do Norte,Interior,Marketplace,PIX,1,376.09,0.0
PED08571,2025-02-08,Mesa Escritório,Móveis,Fortaleza,Fortaleza,Site,Boleto,1,1512.02,0.0
PED08931,2025-02-08,SSD 1TB,Informática,Itapipoca,Interior,Site,PIX,2,539.01,0.0
PED05296,2025-02-08,Impressora,Informática,Itapipoca,Interior,Loja Física,Cartão de Débito,3,1290.82,0.0
PED08611,2025-02-08,Mesa Escritório,Móveis,Caucaia,Região Metropolitana,Marketplace,Cartão de Débito,1,1351.88,0.0
PED06116,2025-02-09,Headset,Acessórios,Itapipoca,Interior,Site,Boleto,1,97.09,0.0
PED03402,2025-02-09,Teclado,Acessórios,Sobral,Interior,Site,Cartão de Débito,1,393.08,0.05
PED01115,2025-02-09,Mouse,Acessórios,Maracanaú,Região Metropolitana,Loja Física,Boleto,1,282.35,0.0
PED09316,2025-02-09,Memória RAM,Informática,Fortaleza,Fortaleza,Marketplace,Cartão de Crédito,1,289.74,0.0
PED01429,2025-02-09,Teclado,Acessórios,Sobral,Interior,Marketplace,Cartão de Débito,1,207.44,0.05
PED04036,2025-02-09,Mesa Escritório,Móveis,Caucaia,Região Metropolitana,Site,PIX,3,569.6,0.0
PED06063,2025-02-09,Caixa de Som,Áudio,Fortaleza,Fortaleza,Marketplace,Boleto,2,326.15,0.0
PED07941,2025-02-09,Monitor,Eletrônicos,Itapipoca,Interior,Marketplace,Boleto,1,1729.55,0.15
PED00685,2025-02-09,Cadeira Gamer,Móveis,Maracanaú,Região Metropolitana,Marketplace,PIX,1,1349.99,0.05
PED09156,2025-02-09,Roteador,Informática,Juazeiro do Norte,Interior,Site,Cartão de Crédito,4,481.1,0.0
PED03190,2025-02-09,Notebook,Eletrônicos,Sobral,Interior,Loja Física,Boleto,2,6015.61,0.1
PED01470,2025-02-09,Smartphone,Eletrônicos,Caucaia,Região Metropolitana,Site,Cartão de Débito,1,3108.16,0.05
PED03930,2025-02-09,Mouse,Acessórios,Juazeiro do Norte,Interior,Site,Cartão de Crédito,1,54.77,0.0
PED08821,2025-02-09,Impressora,Informática,Juazeiro do Norte,Interior,Site,Boleto,1,581.29,0.05
PED07546,2025-02-10,Impressora,Informática,Fortaleza,Fortaleza,Site,Cartão de Crédito,1,1422.1,0.0
PED01880,2025-02-10,Mesa Escritório,Móveis,Maracanaú,Região Metropolitana,Loja Física,Cartão de Crédito,1,619.5,0.0
PED08777,2025-02-10,Monitor,Eletrônicos,Juazeiro do Norte,Interior,Marketplace,Cartão de Débito,1,1784.16,0.15
PED09116,2025-02-10,Fone Bluetooth,Áudio,Maracanaú,Região Metropolitana,Marketplace,Cartão de Débito,3,293.33,0.05
PED01822,2025-02-10,Caixa de Som,Áudio,Itapipoca,Interior,Marketplace,PIX,1,605.94,0.0
PED01461,2025-02-10,Teclado,Acessórios,Maracanaú,Região Metropolitana,Marketplace,Cartão de Crédito,1,72.53,0.0
PED07832,2025-02-10,Webcam,Acessórios,Caucaia,Região Metropolitana,Marketplace,Cartão de Crédito,2,394.25,0.0
PED07511,2025-02-10,Mesa Escritório,Móveis,Sobral,Interior,Site,Boleto,3,1179.78,0.1
PED08292,2025-02-10,Headset,Acessórios,Maracanaú,Região Metropolitana,Marketplace,PIX,1,317.65,0.05
PED01871,2025-02-10,SSD 1TB,Informática,Fortaleza,Fortaleza,Site,Cartão de Débito,1,437.89,0.1
PED09047,2025-02-10,Caixa de Som,Áudio,Caucaia,Região Metropolitana,Loja Física,Boleto,1,410.35,0.0
PED00046,2025-02-10,Monitor,Eletrônicos,Caucaia,Região Metropolitana,Site,Cartão de Crédito,1,1502.58,0.0
PED01103,2025-02-10,Headset,Acessórios,Fortaleza,Fortaleza,Marketplace,Boleto,1,388.1,0.1
PED04779,2025-02-10,Teclado,Acessórios,Sobral,Interior,Site,PIX,1,137.93,0.0
PED01690,2025-02-10,Impressora,Informática,Itapipoca,Interior,Site,Boleto,1,1615.29,0.1
PED07480,2025-02-10,Mesa Escritório,Móveis,Caucaia,Região Metropolitana,Site,Boleto,1,1070.5,0.05
PED07354,2025-02-10,Roteador,Informática,Itapipoca,Interior,Loja Física,Cartão de Débito,2,545.87,0.0
PED02442,2025-02-10,Monitor,Eletrônicos,Fortaleza,Fortaleza,Marketplace,Boleto,1,1836.43,0.0
PED02692,2025-02-10,Webcam,Acessórios,Fortaleza,Fortaleza,Site,PIX,1,500.02,0.0
PED05292,2025-02-10,Mesa Escritório,Móveis,Itapipoca,Interior,Site,PIX,1,1177.37,0.0
PED01268,2025-02-10,Headset,Acessórios,Fortaleza,Fortaleza,Marketplace,Boleto,1,199.99,0.15
PED01590,2025-02-10,Caixa de Som,Áudio,Itapipoca,Interior,Site,Boleto,1,601.64,0.0
PED08506,2025-02-10,Teclado,Acessórios,Fortaleza,Fortaleza,Marketplace,PIX,2,371.46,0.0
PED02148,2025-02-10,Roteador,Informática,Fortaleza,Fortaleza,Marketplace,Cartão de Débito,1,263.5,0.15
PED04224,2025-02-11,Impressora,Informática,Caucaia,Região Metropolitana,Site,Cartão de Débito,2,727.07,0.05
PED00396,2025-02-11,Smartphone,Eletrônicos,Fortaleza,Fortaleza,Loja Física,Cartão de Débito,2,1433.97,0.1
PED04332,2025-02-11,Headset,Acessórios,Fortaleza,Fortaleza,Site,PIX,1,534.18,0.0
PED04673,2025-02-11,Notebook,Eletrônicos,Caucaia,Região Metropolitana,Site,Cartão de Crédito,2,5163.21,0.05
PED02118,2025-02-11,Mesa Escritório,Móveis,Sobral,Interior,Loja Física,Cartão de Crédito,2,1000.18,0.0
PED05777,2025-02-11,Caixa de Som,Áudio,Maracanaú,Região Metropolitana,Site,Boleto,1,383.85,0.05
PED08289,2025-02-11,Caixa de Som,Áudio,Juazeiro do Norte,Interior,Loja Física,Boleto,2,770.2,0.0
PED01779,2025-02-11,Cadeira Gamer,Móveis,Fortaleza,Fortaleza,Site,Boleto,1,1672.09,0.0
PED00641,2025-02-11,Mesa Escritório,Móveis,Itapipoca,Interior,Marketplace,PIX,2,1409.62,0.0
PED02211,2025-02-11,Impressora,Informática,Caucaia,Região Metropolitana,Loja Física,PIX,3,897.66,0.1
PED04056,2025-02-11,Cadeira Gamer,Móveis,Fortaleza,Fortaleza,Marketplace,Cartão de Crédito,1,1384.06,0.1
PED04775,2025-02-11,Impressora,Informática,Caucaia,Região Metropolitana,Site,Cartão de Crédito,1,952.41,0.0
PED02549,2025-02-11,Caixa de Som,Áudio,Juazeiro do Norte,Interior,Marketplace,Cartão de Débito,1,369.69,0.0
PED03074,2025-02-11,Caixa de Som,Áudio,Fortaleza,Fortaleza,Loja Física,PIX,1,494.46,0.0
PED02571,2025-02-11,Cadeira Gamer,Móveis,Fortaleza,Fortaleza,Loja Física,Cartão de Débito,2,1539.54,0.1
PED07977,2025-02-11,Memória RAM,Informática,Caucaia,Região Metropolitana,Site,Cartão de Crédito,1,491.37,0.0
PED03392,2025-02-11,Headset,Acessórios,Juazeiro do Norte,Interior,Marketplace,PIX,1,358.92,0.1
PED08064,2025-02-11,Cadeira Gamer,Móveis,Fortaleza,Fortaleza,Loja Física,Boleto,1,1380.5,0.05
PED04787,2025-02-11,Smartphone,Eletrônicos,Juazeiro do Norte,Interior,Loja Física,Cartão de Crédito,1,3295.73,0.15
PED01682,2025-02-11,Mesa Escritório,Móveis,Juazeiro do Norte,Interior,Site,Cartão de Débito,1,579.76,0.0
PED08841,2025-02-11,Mouse,Acessórios,Fortaleza,Fortaleza,Site,Cartão de Débito,1,57.55,0.15
PED01210,2025-02-11,Cadeira Gamer,Móveis,Caucaia,Região Metropolitana,Loja Física,PIX,1,1673.67,0.0
PED02784,2025-02-11,Smartphone,Eletrônicos,Caucaia,Região Metropolitana,Site,Boleto,1,2914.77,0.1
PED07938,2025-02-11,Smartphone,Eletrônicos,Juazeiro do Norte,Interior,Site,Boleto,1,3407.29,0.0
PED07322,2025-02-11,Mesa Escritório,Móveis,Sobral,Interior,Loja Física,PIX,2,1154.44,0.0
PED04553,2025-02-11,Roteador,Informática,Maracanaú,Região Metropolitana,Loja Física,PIX,2,313.05,0.05
PED04609,2025-02-11,Caixa de Som,Áudio,Fortaleza,Fortaleza,Site,Boleto,1,335.45,0.05
PED03222,2025-02-11,Fone Bluetooth,Áudio,Maracanaú,Região Metropolitana,Marketplace,Boleto,3,378.79,0.05
PED06333,2025-02-12,Notebook,Eletrônicos,Fortaleza,Fortaleza,Site,Boleto,1,6204.32,0.05
PED01009,2025-02-12,Memória RAM,Informática,Juazeiro do Norte,Interior,Loja Física,Boleto,3,534.45,0.05
PED03939,2025-02-12,Headset,Acessórios,Fortaleza,Fortaleza,Loja Física,PIX,2,108.84,0.15
PED09776,2025-02-12,Mouse,Acessórios,Sobral,Interior,Site,Cartão de Débito,1,258.72,0.1
PED00761,2025-02-12,SSD 1TB,Informática,Fortaleza,Fortaleza,Loja Física,Cartão de Débito,1,633.79,0.0
PED06820,2025-02-12,Mouse,Acessórios,Caucaia,Região Metropolitana,Marketplace,Cartão de Crédito,1,124.66,0.0
PED05234,2025-02-12,Mouse,Acessórios,Caucaia,Região Metropolitana,Site,Cartão de Débito,2,183.52,0.0
PED06442,2025-02-12,Mesa Escritório,Móveis,Fortaleza,Fortaleza,Loja Física,Boleto,1,1363.85,0.0
PED01435,2025-02-12,Monitor,Eletrônicos,Itapipoca,Interior,Marketplace,Cartão de Crédito,2,726.02,0.05
PED01733,2025-02-12,Mesa Escritório,Móveis,Fortaleza,Fortaleza,Loja Física,PIX,2,803.19,0.0
PED06628,2025-02-12,Mouse,Acessórios,Sobral,Interior,Site,Boleto,1,71.98,0.1
PED01942,2025-02-12,Teclado,Acessórios,Fortaleza,Fortaleza,Loja Física,Cartão de Débito,1,74.6,0.0
PED06611,2025-02-12,Webcam,Acessórios,Maracanaú,Região Metropolitana,Site,PIX,1,610.02,0.15
PED00346,2025-02-12,Mouse,Acessórios,Sobral,Interior,Marketplace,Boleto,2,182.05,0.0
PED01994,2025-02-12,SSD 1TB,Informática,Fortaleza,Fortaleza,Loja Física,Boleto,1,349.59,0.0
PED04939,2025-02-12,Cadeira Gamer,Móveis,Fortaleza,Fortaleza,Loja Física,Cartão de Débito,1,1581.8,0.0
PED03776,2025-02-13,Cadeira Gamer,Móveis,Juazeiro do Norte,Interior,Marketplace,PIX,1,819.42,0.15
PED08179,2025-02-13,Notebook,Eletrônicos,Fortaleza,Fortaleza,Loja Física,Cartão de Débito,1,5981.2,0.0
PED09929,2025-02-13,Roteador,Informática,Fortaleza,Fortaleza,Site,Boleto,2,398.41,0.0
PED02183,2025-02-13,Notebook,Eletrônicos,Fortaleza,Fortaleza,Loja Física,Cartão de Débito,2,4429.26,0.1
PED05540,2025-02-13,SSD 1TB,Informática,Fortaleza,Fortaleza,Marketplace,Cartão de Crédito,1,451.72,0.0
PED05767,2025-02-13,Monitor,Eletrônicos,Caucaia,Região Metropolitana,Site,Cartão de Crédito,1,668.89,0.05
PED06170,2025-02-13,Headset,Acessórios,Fortaleza,Fortaleza,Loja Física,Cartão de Crédito,1,338.9,0.0
PED02576,2025-02-13,Mouse,Acessórios,Itapipoca,Interior,Site,Cartão de Crédito,2,188.2,0.05
PED01927,2025-02-13,Cadeira Gamer,Móveis,Fortaleza,Fortaleza,Loja Física,Boleto,1,860.65,0.05
PED06149,2025-02-13,Roteador,Informática,Maracanaú,Região Metropolitana,Site,Boleto,3,200.57,0.05
PED08172,2025-02-13,Webcam,Acessórios,Fortaleza,Fortaleza,Loja Física,Cartão de Crédito,1,544.62,0.1
PED06222,2025-02-13,Impressora,Informática,Juazeiro do Norte,Interior,Marketplace,Boleto,3,678.13,0.0
PED00625,2025-02-13,Impressora,Informática,Juazeiro do Norte,Interior,Marketplace,PIX,3,866.64,0.0
PED05482,2025-02-13,Impressora,Informática,Sobral,Interior,Marketplace,Cartão de Crédito,1,1051.87,0.1
PED06716,2025-02-13,Webcam,Acessórios,Fortaleza,Fortaleza,Site,Boleto,2,486.43,0.15
PED07899,2025-02-14,Webcam,Acessórios,Caucaia,Região Metropolitana,Loja Física,Cartão de Crédito,1,424.3,0.15
PED05622,2025-02-14,Monitor,Eletrônicos,Fortaleza,Fortaleza,Loja Física,Boleto,1,1310.43,0.0
PED09834,2025-02-14,SSD 1TB,Informática,Sobral,Interior,Marketplace,Boleto,1,576.48,0.1
PED06104,2025-02-14,Fone Bluetooth,Áudio,Sobral,Interior,Marketplace,PIX,1,271.04,0.1
PED03690,2025-02-14,Notebook,Eletrônicos,Fortaleza,Fortaleza,Marketplace,Cartão de Débito,1,5513.0,0.0
PED06052,2025-02-14,Impressora,Informática,Fortaleza,Fortaleza,Site,Cartão de Débito,1,1219.98,0.0
PED01046,2025-02-14,SSD 1TB,Informática,Fortaleza,Fortaleza,Loja Física,Cartão de Crédito,1,353.2,0.1
PED01026,2025-02-14,Impressora,Informática,Caucaia,Região Metropolitana,Marketplace,Cartão de Crédito,1,608.71,0.0
PED02770,2025-02-14,Notebook,Eletrônicos,Fortaleza,Fortaleza,Loja Física,PIX,1,3731.29,0.0
PED08801,2025-02-14,Mesa Escritório,Móveis,Caucaia,Região Metropolitana,Loja Física,Cartão de Crédito,1,1279.68,0.0
PED03446,2025-02-14,Notebook,Eletrônicos,Fortaleza,Fortaleza,Site,PIX,1,4444.5,0.0
PED04654,2025-02-14,Mesa Escritório,Móveis,Caucaia,Região Metropolitana,Site,PIX,3,478.63,0.05
PED02722,2025-02-14,Roteador,Informática,Sobral,Interior,Loja Física,Boleto,1,411.36,0.0
PED00637,2025-02-14,Impressora,Informática,Fortaleza,Fortaleza,Loja Física,Cartão de Crédito,1,1641.87,0.05
PED01873,2025-02-14,Cadeira Gamer,Móveis,Sobral,Interior,Site,Cartão de Crédito,3,996.31,0.1
PED07796,2025-02-14,Caixa de Som,Áudio,Juazeiro do Norte,Interior,Site,Cartão de Crédito,2,715.79,0.0
PED04990,2025-02-14,Smartphone,Eletrônicos,Fortaleza,Fortaleza,Marketplace,PIX,2,1557.56,0.1
PED00149,2025-02-14,Memória RAM,Informática,Maracanaú,Região Metropolitana,Marketplace,Cartão de Débito,1,333.22,0.0
PED09960,2025-02-14,Teclado,Acessórios,Caucaia,Região Metropolitana,Site,Cartão de Crédito,1,264.94,0.0
PED00390,2025-02-14,Notebook,Eletrônicos,Juazeiro do Norte,Interior,Loja Física,Boleto,1,5512.79,0.0
PED01262,2025-02-15,Impressora,Informática,Juazeiro do Norte,Interior,Marketplace,Boleto,1,607.1,0.0
PED03632,2025-02-15,Headset,Acessórios,Juazeiro do Norte,Interior,Loja Física,Cartão de Débito,1,378.91,0.0
PED08280,2025-02-15,Mesa Escritório,Móveis,Fortaleza,Fortaleza,Site,Boleto,1,453.76,0.0
PED06131,2025-02-15,Mouse,Acessórios,Maracanaú,Região Metropolitana,Loja Física,Boleto,1,150.86,0.0
PED05367,2025-02-15,Notebook,Eletrônicos,Caucaia,Região Metropolitana,Loja Física,Cartão de Débito,1,4536.52,0.15
PED09849,2025-02-15,Teclado,Acessórios,Fortaleza,Fortaleza,Marketplace,Cartão de Débito,2,448.43,0.0
PED05489,2025-02-15,Webcam,Acessórios,Maracanaú,Região Metropolitana,Site,PIX,1,642.97,0.05
PED05700,2025-02-15,SSD 1TB,Informática,Fortaleza,Fortaleza,Marketplace,Boleto,2,491.01,0.15
PED01848,2025-02-15,Caixa de Som,Áudio,Fortaleza,Fortaleza,Marketplace,Boleto,2,491.26,0.1
PED01736,2025-02-15,Memória RAM,Informática,Sobral,Interior,Loja Física,PIX,1,332.89,0.05
PED08069,2025-02-15,Smartphone,Eletrônicos,Maracanaú,Região Metropolitana,Loja Física,Cartão de Débito,1,1096.08,0.1
PED00719,2025-02-15,Cadeira Gamer,Móveis,Sobral,Interior,Marketplace,PIX,1,1166.6,0.0
PED04413,2025-02-15,Teclado,Acessórios,Fortaleza,Fortaleza,Site,PIX,4,308.45,0.1
PED08216,2025-02-15,Cadeira Gamer,Móveis,Fortaleza,Fortaleza,Site,Cartão de Débito,1,983.68,0.1
PED06177,2025-02-15,Cadeira Gamer,Móveis,Fortaleza,Fortaleza,Loja Física,PIX,1,1236.05,0.05
PED05142,2025-02-15,Monitor,Eletrônicos,Maracanaú,Região Metropolitana,Site,PIX,2,1220.8,0.0
PED05064,2025-02-15,Webcam,Acessórios,Sobral,Interior,Marketplace,Cartão de Crédito,4,372.79,0.0
PED03461,2025-02-16,Memória RAM,Informática,Fortaleza,Fortaleza,Site,PIX,1,247.07,0.1
PED08905,2025-02-16,Mouse,Acessórios,Sobral,Interior,Marketplace,PIX,1,173.58,0.1
PED03509,2025-02-16,Roteador,Informática,Sobral,Interior,Loja Física,Cartão de Débito,1,556.55,0.0
PED02395,2025-02-16,Headset,Acessórios,Fortaleza,Fortaleza,Marketplace,Cartão de Débito,1,119.63,0.0
PED06993,2025-02-16,Memória RAM,Informática,Fortaleza,Fortaleza,Site,PIX,1,155.05,0.1
PED02359,2025-02-16,Memória RAM,Informática,Fortaleza,Fortaleza,Site,Boleto,1,461.8,0.0
PED02802,2025-02-16,Headset,Acessórios,Fortaleza,Fortaleza,Marketplace,Boleto,1,163.96,0.1
PED01453,2025-02-16,Fone Bluetooth,Áudio,Fortaleza,Fortaleza,Loja Física,Cartão de Débito,1,621.45,0.0
PED08296,2025-02-16,Memória RAM,Informática,Maracanaú,Região Metropolitana,Site,Cartão de Crédito,2,297.42,0.0
PED08473,2025-02-16,SSD 1TB,Informática,Juazeiro do Norte,Interior,Site,Cartão de Crédito,3,384.62,0.0
PED03991,2025-02-16,Caixa de Som,Áudio,Sobral,Interior,Marketplace,Cartão de Débito,1,410.95,0.0
PED04295,2025-02-16,Monitor,Eletrônicos,Juazeiro do Norte,Interior,Loja Física,Cartão de Crédito,1,1222.59,0.0
PED00921,2025-02-16,Notebook,Eletrônicos,Fortaleza,Fortaleza,Loja Física,Cartão de Débito,1,4864.99,0.1
PED04543,2025-02-16,Monitor,Eletrônicos,Fortaleza,Fortaleza,Loja Física,Cartão de Débito,1,1704.32,0.0
PED00943,2025-02-16,Memória RAM,Informática,Caucaia,Região Metropolitana,Marketplace,PIX,1,354.26,0.05
PED02887,2025-02-16,Cadeira Gamer,Móveis,Fortaleza,Fortaleza,Site,Boleto,1,1903.72,0.0
PED03989,2025-02-17,Mesa Escritório,Móveis,Fortaleza,Fortaleza,Site,Cartão de Débito,2,1157.68,0.0
PED05483,2025-02-17,Cadeira Gamer,Móveis,Caucaia,Região Metropolitana,Site,Cartão de Débito,2,1787.89,0.0
PED03470,2025-02-17,Memória RAM,Informática,Maracanaú,Região Metropolitana,Marketplace,Boleto,1,428.31,0.15
PED05225,2025-02-17,Teclado,Acessórios,Caucaia,Região Metropolitana,Site,Boleto,1,252.68,0.05
PED02795,2025-02-17,Mesa Escritório,Móveis,Fortaleza,Fortaleza,Loja Física,PIX,1,873.55,0.1
PED07641,2025-02-17,SSD 1TB,Informática,Maracanaú,Região Metropolitana,Site,Cartão de Débito,4,335.39,0.0
PED00357,2025-02-17,SSD 1TB,Informática,Sobral,Interior,Loja Física,Boleto,3,286.02,0.1
PED04651,2025-02-17,Headset,Acessórios,Juazeiro do Norte,Interior,Marketplace,Cartão de Crédito,2,104.18,0.0
PED01051,2025-02-17,Headset,Acessórios,Maracanaú,Região Metropolitana,Marketplace,Cartão de Crédito,4,483.04,0.0
PED05230,2025-02-17,Mouse,Acessórios,Itapipoca,Interior,Marketplace,PIX,2,79.76,0.05
PED09521,2025-02-17,Webcam,Acessórios,Juazeiro do Norte,Interior,Loja Física,Cartão de Crédito,1,301.24,0.1
PED02542,2025-02-17,Teclado,Acessórios,Fortaleza,Fortaleza,Loja Física,Cartão de Débito,3,244.21,0.1
PED05536,2025-02-17,Roteador,Informática,Caucaia,Região Metropolitana,Loja Física,Cartão de Crédito,1,163.45,0.0
PED00382,2025-02-17,Memória RAM,Informática,Fortaleza,Fortaleza,Site,Cartão de Débito,2,303.19,0.0
PED07447,2025-02-17,Teclado,Acessórios,Fortaleza,Fortaleza,Marketplace,Boleto,1,121.52,0.0
PED03155,2025-02-17,Webcam,Acessórios,Fortaleza,Fortaleza,Loja Física,PIX,1,559.74,0.15
PED04117,2025-02-17,Cadeira Gamer,Móveis,Caucaia,Região Metropolitana,Loja Física,PIX,1,1339.68,0.0
PED00981,2025-02-18,Caixa de Som,Áudio,Fortaleza,Fortaleza,Marketplace,PIX,1,414.12,0.0
PED03418,2025-02-18,SSD 1TB,Informática,Itapipoca,Interior,Site,PIX,1,503.7,0.05
PED03820,2025-02-18,Memória RAM,Informática,Fortaleza,Fortaleza,Site,Boleto,1,190.03,0.05
PED08528,2025-02-18,Memória RAM,Informática,Juazeiro do Norte,Interior,Marketplace,Cartão de Débito,1,243.36,0.0
PED01849,2025-02-18,Cadeira Gamer,Móveis,Caucaia,Região Metropolitana,Site,Cartão de Débito,1,787.04,0.1
PED06251,2025-02-18,SSD 1TB,Informática,Maracanaú,Região Metropolitana,Marketplace,PIX,3,366.93,0.05
PED07188,2025-02-18,Webcam,Acessórios,Fortaleza,Fortaleza,Marketplace,Cartão de Débito,1,180.53,0.0
PED07460,2025-02-18,Impressora,Informática,Fortaleza,Fortaleza,Loja Física,Cartão de Crédito,1,782.46,0.0
PED06917,2025-02-18,Fone Bluetooth,Áudio,Caucaia,Região Metropolitana,Marketplace,PIX,1,260.67,0.05
PED08797,2025-02-18,Mesa Escritório,Móveis,Caucaia,Região Metropolitana,Loja Física,Cartão de Crédito,1,1013.92,0.0
PED03740,2025-02-18,Memória RAM,Informática,Sobral,Interior,Loja Física,Cartão de Débito,1,521.24,0.1
PED07718,2025-02-18,Monitor,Eletrônicos,Fortaleza,Fortaleza,Loja Física,Cartão de Crédito,1,1040.98,0.1
PED02428,2025-02-18,Mesa Escritório,Móveis,Itapipoca,Interior,Site,Cartão de Débito,1,905.25,0.0
PED05517,2025-02-18,Headset,Acessórios,Fortaleza,Fortaleza,Site,PIX,1,502.67,0.05
PED06690,2025-02-18,Fone Bluetooth,Áudio,Fortaleza,Fortaleza,Site,Boleto,1,292.3,0.0
PED04568,2025-02-18,Notebook,Eletrônicos,Fortaleza,Fortaleza,Marketplace,Cartão de Débito,1,5376.72,0.0
PED09117,2025-02-18,SSD 1TB,Informática,Sobral,Interior,Marketplace,Cartão de Débito,2,537.08,0.0
PED00513,2025-02-18,Mesa Escritório,Móveis,Sobral,Interior,Site,Boleto,2,929.05,0.05
PED08370,2025-02-18,Roteador,Informática,Maracanaú,Região Metropolitana,Loja Física,Boleto,3,316.28,0.15
PED07256,2025-02-18,Smartphone,Eletrônicos,Maracanaú,Região Metropolitana,Loja Física,Cartão de Débito,1,1579.16,0.05
PED04408,2025-02-18,Teclado,Acessórios,Fortaleza,Fortaleza,Site,Cartão de Crédito,1,148.74,0.05
PED03645,2025-02-18,Mesa Escritório,Móveis,Fortaleza,Fortaleza,Marketplace,Boleto,1,1497.39,0.0
PED02534,2025-02-18,Teclado,Acessórios,Caucaia,Região Metropolitana,Loja Física,Cartão de Crédito,2,379.73,0.0
PED08877,2025-02-18,Webcam,Acessórios,Fortaleza,Fortaleza,Loja Física,Cartão de Crédito,1,623.05,0.1
PED04688,2025-02-19,Roteador,Informática,Caucaia,Região Metropolitana,Loja Física,PIX,1,217.69,0.05
PED08630,2025-02-19,Cadeira Gamer,Móveis,Fortaleza,Fortaleza,Loja Física,PIX,2,1634.4,0.0
PED03901,2025-02-19,Cadeira Gamer,Móveis,Fortaleza,Fortaleza,Site,Cartão de Crédito,2,2175.36,0.15
PED00503,2025-02-19,Memória RAM,Informática,Fortaleza,Fortaleza,Marketplace,Boleto,1,485.53,0.0
PED01870,2025-02-19,Cadeira Gamer,Móveis,Maracanaú,Região Metropolitana,Site,PIX,2,1732.24,0.0
PED04957,2025-02-19,Headset,Acessórios,Fortaleza,Fortaleza,Marketplace,PIX,1,465.53,0.1
PED06989,2025-02-19,Memória RAM,Informática,Maracanaú,Região Metropolitana,Marketplace,PIX,1,489.64,0.0
PED03065,2025-02-19,Webcam,Acessórios,Fortaleza,Fortaleza,Marketplace,Cartão de Crédito,1,137.63,0.05
PED06868,2025-02-19,Monitor,Eletrônicos,Juazeiro do Norte,Interior,Site,Boleto,1,942.28,0.0
PED04212,2025-02-19,Impressora,Informática,Fortaleza,Fortaleza,Marketplace,PIX,1,1227.55,0.05
PED06163,2025-02-19,SSD 1TB,Informática,Sobral,Interior,Site,Cartão de Crédito,1,570.11,0.0
PED06148,2025-02-19,Caixa de Som,Áudio,Fortaleza,Fortaleza,Site,PIX,1,589.42,0.0
PED08376,2025-02-19,Mouse,Acessórios,Fortaleza,Fortaleza,Loja Física,Cartão de Débito,1,233.78,0.1
PED06145,2025-02-19,Memória RAM,Informática,Maracanaú,Região Metropolitana,Marketplace,PIX,1,369.36,0.0
PED01334,2025-02-19,Caixa de Som,Áudio,Fortaleza,Fortaleza,Site,PIX,3,284.61,0.0
PED00279,2025-02-19,Smartphone,Eletrônicos,Fortaleza,Fortaleza,Loja Física,PIX,1,2348.16,0.05
PED00475,2025-02-19,Impressora,Informática,Fortaleza,Fortaleza,Marketplace,PIX,1,1366.96,0.0
PED09713,2025-02-19,Notebook,Eletrônicos,Caucaia,Região Metropolitana,Loja Física,Boleto,1,5118.13,0.0
PED07290,2025-02-19,Mesa Escritório,Móveis,Itapipoca,Interior,Site,Boleto,2,898.93,0.15
PED04406,2025-02-20,Teclado,Acessórios,Fortaleza,Fortaleza,Marketplace,PIX,2,307.85,0.0
PED04697,2025-02-20,Mouse,Acessórios,Caucaia,Região Metropolitana,Site,Cartão de Débito,1,135.96,0.15
PED04857,2025-02-20,Roteador,Informática,Fortaleza,Fortaleza,Marketplace,Cartão de Crédito,1,244.54,0.0
PED01434,2025-02-20,Monitor,Eletrônicos,Fortaleza,Fortaleza,Loja Física,PIX,1,1468.25,0.1
PED03606,2025-02-20,Notebook,Eletrônicos,Maracanaú,Região Metropolitana,Loja Física,PIX,1,4106.16,0.0
PED06823,2025-02-20,Teclado,Acessórios,Fortaleza,Fortaleza,Loja Física,Boleto,1,316.25,0.1
PED04370,2025-02-20,Teclado,Acessórios,Fortaleza,Fortaleza,Loja Física,Cartão de Débito,1,177.51,0.1
PED00657,2025-02-20,Mesa Escritório,Móveis,Fortaleza,Fortaleza,Marketplace,Boleto,1,751.94,0.0
PED08996,2025-02-20,Webcam,Acessórios,Fortaleza,Fortaleza,Site,Cartão de Débito,1,242.66,0.0
PED02060,2025-02-20,SSD 1TB,Informática,Fortaleza,Fortaleza,Loja Física,Cartão de Débito,1,607.74,0.0
PED09621,2025-02-20,Roteador,Informática,Itapipoca,Interior,Site,Cartão de Débito,1,292.48,0.0
PED05151,2025-02-21,Headset,Acessórios,Fortaleza,Fortaleza,Loja Física,Cartão de Crédito,1,250.2,0.1
PED07132,2025-02-21,Webcam,Acessórios,Juazeiro do Norte,Interior,Loja Física,PIX,1,634.57,0.0
PED02643,2025-02-21,Cadeira Gamer,Móveis,Fortaleza,Fortaleza,Loja Física,PIX,2,1202.17,0.1
PED02418,2025-02-21,Cadeira Gamer,Móveis,Fortaleza,Fortaleza,Site,Cartão de Crédito,1,1392.06,0.0
PED09471,2025-02-21,Fone Bluetooth,Áudio,Sobral,Interior,Site,Cartão de Crédito,2,434.14,0.1
PED02389,2025-02-21,Notebook,Eletrônicos,Fortaleza,Fortaleza,Loja Física,Cartão de Débito,2,3566.28,0.1
PED06287,2025-02-21,SSD 1TB,Informática,Fortaleza,Fortaleza,Site,PIX,1,619.05,0.1
PED09216,2025-02-21,Headset,Acessórios,Itapipoca,Interior,Marketplace,Boleto,1,166.64,0.1
PED07563,2025-02-21,SSD 1TB,Informática,Caucaia,Região Metropolitana,Site,Cartão de Crédito,1,471.41,0.0
PED02547,2025-02-21,Caixa de Som,Áudio,Maracanaú,Região Metropolitana,Site,Cartão de Débito,2,547.87,0.1
PED07730,2025-02-21,Notebook,Eletrônicos,Fortaleza,Fortaleza,Marketplace,PIX,1,5810.16,0.15
PED05115,2025-02-21,Cadeira Gamer,Móveis,Caucaia,Região Metropolitana,Site,Boleto,1,1641.58,0.05
PED09666,2025-02-21,Monitor,Eletrônicos,Caucaia,Região Metropolitana,Marketplace,PIX,2,930.62,0.0
PED06517,2025-02-21,Cadeira Gamer,Móveis,Fortaleza,Fortaleza,Marketplace,Cartão de Crédito,2,930.63,0.0
PED08446,2025-02-21,SSD 1TB,Informática,Caucaia,Região Metropolitana,Marketplace,Cartão de Crédito,2,616.56,0.0
PED09970,2025-02-21,Notebook,Eletrônicos,Fortaleza,Fortaleza,Loja Física,PIX,1,5527.37,0.05
PED09702,2025-02-21,Cadeira Gamer,Móveis,Juazeiro do Norte,Interior,Marketplace,Cartão de Crédito,1,1849.04,0.05
PED09673,2025-02-22,Mouse,Acessórios,Fortaleza,Fortaleza,Site,Cartão de Débito,1,182.52,0.15
PED01934,2025-02-22,Headset,Acessórios,Sobral,Interior,Loja Física,Cartão de Crédito,1,502.64,0.0
PED07300,2025-02-22,Mesa Escritório,Móveis,Sobral,Interior,Loja Física,Cartão de Débito,1,1441.58,0.1
PED09693,2025-02-22,Webcam,Acessórios,Fortaleza,Fortaleza,Marketplace,Cartão de Débito,2,394.03,0.0
PED09122,2025-02-22,Mesa Escritório,Móveis,Caucaia,Região Metropolitana,Site,Cartão de Crédito,3,1021.17,0.0
PED05833,2025-02-22,Cadeira Gamer,Móveis,Maracanaú,Região Metropolitana,Marketplace,Boleto,3,660.28,0.0
PED00244,2025-02-22,Impressora,Informática,Sobral,Interior,Marketplace,Boleto,2,763.14,0.05
PED08432,2025-02-22,Monitor,Eletrônicos,Fortaleza,Fortaleza,Marketplace,Cartão de Débito,1,1123.42,0.05
PED08028,2025-02-22,Notebook,Eletrônicos,Fortaleza,Fortaleza,Site,PIX,1,4966.76,0.0
PED05800,2025-02-22,Monitor,Eletrônicos,Fortaleza,Fortaleza,Marketplace,Cartão de Crédito,1,955.44,0.0
PED08573,2025-02-22,SSD 1TB,Informática,Juazeiro do Norte,Interior,Marketplace,Cartão de Débito,1,639.51,0.0
PED05132,2025-02-22,Monitor,Eletrônicos,Fortaleza,Fortaleza,Loja Física,Cartão de Débito,1,1225.78,0.15
PED01982,2025-02-22,Cadeira Gamer,Móveis,Sobral,Interior,Site,Cartão de Crédito,1,1477.84,0.0
PED05116,2025-02-22,Cadeira Gamer,Móveis,Fortaleza,Fortaleza,Marketplace,PIX,1,773.18,0.05
PED01957,2025-02-22,Fone Bluetooth,Áudio,Juazeiro do Norte,Interior,Loja Física,Boleto,2,181.22,0.05
PED09788,2025-02-22,Teclado,Acessórios,Fortaleza,Fortaleza,Site,Boleto,4,341.49,0.0
PED00157,2025-02-22,Webcam,Acessórios,Fortaleza,Fortaleza,Site,Cartão de Débito,2,323.95,0.1
PED09438,2025-02-22,Memória RAM,Informática,Fortaleza,Fortaleza,Site,Boleto,2,411.75,0.05
PED08130,2025-02-22,Memória RAM,Informática,Fortaleza,Fortaleza,Site,PIX,1,379.52,0.0
PED00518,2025-02-22,Fone Bluetooth,Áudio,Fortaleza,Fortaleza,Marketplace,Cartão de Débito,1,359.61,0.0
PED07420,2025-02-23,Monitor,Eletrônicos,Itapipoca,Interior,Site,PIX,2,1688.41,0.1
PED00190,2025-02-23,Caixa de Som,Áudio,Fortaleza,Fortaleza,Marketplace,Boleto,1,711.88,0.1
PED09294,2025-02-23,Roteador,Informática,Sobral,Interior,Loja Física,Boleto,1,364.93,0.1
PED06466,2025-02-23,Teclado,Acessórios,Fortaleza,Fortaleza,Loja Física,Boleto,2,119.87,0.0
PED03293,2025-02-23,Headset,Acessórios,Juazeiro do Norte,Interior,Loja Física,Cartão de Crédito,1,156.96,0.05
PED09534,2025-02-23,Smartphone,Eletrônicos,Itapipoca,Interior,Site,Cartão de Débito,2,2052.08,0.0
PED05886,2025-02-23,Webcam,Acessórios,Caucaia,Região Metropolitana,Loja Física,Cartão de Crédito,1,529.11,0.0
PED04510,2025-02-23,SSD 1TB,Informática,Maracanaú,Região Metropolitana,Loja Física,Cartão de Crédito,1,588.05,0.0
PED09118,2025-02-23,Webcam,Acessórios,Sobral,Interior,Marketplace,Boleto,2,278.57,0.05
PED09876,2025-02-23,SSD 1TB,Informática,Juazeiro do Norte,Interior,Site,Cartão de Débito,1,616.29,0.0
PED05936,2025-02-23,Caixa de Som,Áudio,Sobral,Interior,Loja Física,Cartão de Débito,2,454.87,0.05
PED07648,2025-02-23,Fone Bluetooth,Áudio,Fortaleza,Fortaleza,Marketplace,Boleto,1,225.34,0.0
PED07621,2025-02-23,Monitor,Eletrônicos,Fortaleza,Fortaleza,Marketplace,Cartão de Débito,3,1258.67,0.0
PED07639,2025-02-23,Webcam,Acessórios,Sobral,Interior,Marketplace,PIX,1,124.57,0.05
PED01921,2025-02-23,Mouse,Acessórios,Fortaleza,Fortaleza,Marketplace,Cartão de Crédito,1,114.94,0.1
PED06316,2025-02-23,SSD 1TB,Informática,Maracanaú,Região Metropolitana,Site,Cartão de Débito,1,479.33,0.0
PED07359,2025-02-23,Monitor,Eletrônicos,Fortaleza,Fortaleza,Loja Física,Cartão de Crédito,1,1072.62,0.1
PED02634,2025-02-23,Roteador,Informática,Fortaleza,Fortaleza,Marketplace,PIX,1,319.84,0.0
PED02924,2025-02-23,Headset,Acessórios,Sobral,Interior,Loja Física,Boleto,1,389.23,0.1
PED02875,2025-02-23,Notebook,Eletrônicos,Fortaleza,Fortaleza,Marketplace,Cartão de Débito,2,4620.02,0.0
PED05848,2025-02-23,Smartphone,Eletrônicos,Maracanaú,Região Metropolitana,Site,PIX,1,1750.12,0.15
PED07932,2025-02-23,Monitor,Eletrônicos,Fortaleza,Fortaleza,Loja Física,Boleto,1,1808.56,0.05
PED00795,2025-02-23,Roteador,Informática,Sobral,Interior,Marketplace,Cartão de Crédito,2,229.54,0.0
PED00572,2025-02-23,Memória RAM,Informática,Caucaia,Região Metropolitana,Loja Física,Boleto,1,535.83,0.05
PED05809,2025-02-23,Impressora,Informática,Sobral,Interior,Marketplace,Boleto,2,1172.87,0.0
PED03765,2025-02-23,Roteador,Informática,Juazeiro do Norte,Interior,Site,Cartão de Crédito,1,227.02,0.15
PED08313,2025-02-23,Cadeira Gamer,Móveis,Maracanaú,Região Metropolitana,Marketplace,PIX,1,1330.35,0.05
PED04841,2025-02-24,Monitor,Eletrônicos,Fortaleza,Fortaleza,Loja Física,PIX,1,1674.92,0.0
PED04014,2025-02-24,Monitor,Eletrônicos,Caucaia,Região Metropolitana,Loja Física,Boleto,3,1850.28,0.0
PED00998,2025-02-24,Smartphone,Eletrônicos,Fortaleza,Fortaleza,Marketplace,Cartão de Crédito,1,3602.01,0.05
PED06576,2025-02-24,Smartphone,Eletrônicos,Caucaia,Região Metropolitana,Loja Física,Boleto,1,2117.98,0.0
PED01378,2025-02-24,Caixa de Som,Áudio,Fortaleza,Fortaleza,Marketplace,Cartão de Crédito,2,461.38,0.05
PED03147,2025-02-24,Headset,Acessórios,Caucaia,Região Metropolitana,Site,PIX,1,155.68,0.1
PED09996,2025-02-24,Smartphone,Eletrônicos,Fortaleza,Fortaleza,Marketplace,Boleto,2,1435.97,0.05
PED06975,2025-02-24,SSD 1TB,Informática,Itapipoca,Interior,Site,Cartão de Débito,1,368.45,0.15
PED04593,2025-02-24,Roteador,Informática,Fortaleza,Fortaleza,Loja Física,Boleto,1,163.83,0.0
PED03411,2025-02-24,Caixa de Som,Áudio,Caucaia,Região Metropolitana,Marketplace,Boleto,2,260.01,0.0
PED04695,2025-02-24,Impressora,Informática,Caucaia,Região Metropolitana,Marketplace,Boleto,3,942.35,0.0
PED09994,2025-02-24,Memória RAM,Informática,Juazeiro do Norte,Interior,Site,Boleto,1,267.17,0.0
PED01348,2025-02-24,Notebook,Eletrônicos,Maracanaú,Região Metropolitana,Loja Física,Cartão de Débito,3,3987.93,0.0
PED02102,2025-02-24,Teclado,Acessórios,Fortaleza,Fortaleza,Loja Física,Cartão de Débito,1,241.58,0.05
PED06527,2025-02-24,Smartphone,Eletrônicos,Fortaleza,Fortaleza,Site,Cartão de Crédito,3,1056.8,0.0
PED06987,2025-02-24,Memória RAM,Informática,Fortaleza,Fortaleza,Loja Física,Cartão de Débito,1,303.59,0.0
PED04431,2025-02-24,Mesa Escritório,Móveis,Fortaleza,Fortaleza,Loja Física,Cartão de Débito,1,587.45,0.0
PED08153,2025-02-24,Caixa de Som,Áudio,Sobral,Interior,Site,Boleto,1,655.55,0.1
PED00871,2025-02-24,SSD 1TB,Informática,Fortaleza,Fortaleza,Loja Física,Boleto,3,530.9,0.0
PED02303,2025-02-24,Webcam,Acessórios,Maracanaú,Região Metropolitana,Loja Física,Boleto,1,212.95,0.0
PED07594,2025-02-25,Webcam,Acessórios,Itapipoca,Interior,Site,Boleto,1,627.05,0.05
PED05353,2025-02-25,Fone Bluetooth,Áudio,Juazeiro do Norte,Interior,Site,Cartão de Crédito,1,130.75,0.15
PED09237,2025-02-25,Teclado,Acessórios,Juazeiro do Norte,Interior,Loja Física,Boleto,1,282.95,0.05
PED04557,2025-02-25,Headset,Acessórios,Sobral,Interior,Marketplace,Boleto,3,533.23,0.0
PED00688,2025-02-25,Mouse,Acessórios,Caucaia,Região Metropolitana,Marketplace,Cartão de Crédito,1,160.53,0.05
PED06464,2025-02-25,Monitor,Eletrônicos,Fortaleza,Fortaleza,Loja Física,Cartão de Débito,2,1621.72,0.0
PED02926,2025-02-25,Teclado,Acessórios,Juazeiro do Norte,Interior,Marketplace,Cartão de Crédito,2,226.66,0.0
PED09497,2025-02-25,Webcam,Acessórios,Fortaleza,Fortaleza,Loja Física,Boleto,1,558.96,0.0
PED05127,2025-02-25,Monitor,Eletrônicos,Caucaia,Região Metropolitana,Loja Física,Cartão de Débito,1,1038.11,0.05
PED02241,2025-02-25,Teclado,Acessórios,Caucaia,Região Metropolitana,Site,Cartão de Crédito,1,196.21,0.0
PED04640,2025-02-25,SSD 1TB,Informática,Fortaleza,Fortaleza,Site,Boleto,1,449.36,0.1
PED00492,2025-02-25,Impressora,Informática,Fortaleza,Fortaleza,Loja Física,Cartão de Crédito,2,1181.96,0.05
PED08047,2025-02-25,Mouse,Acessórios,Fortaleza,Fortaleza,Site,Cartão de Crédito,1,182.38,0.0
PED07810,2025-02-25,Teclado,Acessórios,Maracanaú,Região Metropolitana,Site,Boleto,1,265.6,0.0
PED08061,2025-02-25,Teclado,Acessórios,Fortaleza,Fortaleza,Site,Cartão de Débito,1,257.33,0.0
PED00536,2025-02-25,Roteador,Informática,Sobral,Interior,Marketplace,Boleto,1,443.66,0.0
PED00902,2025-02-25,Notebook,Eletrônicos,Maracanaú,Região Metropolitana,Marketplace,Cartão de Crédito,3,4034.84,0.0
PED05161,2025-02-26,SSD 1TB,Informática,Sobral,Interior,Site,PIX,3,313.45,0.1
PED08260,2025-02-26,Mesa Escritório,Móveis,Juazeiro do Norte,Interior,Marketplace,Boleto,1,483.53,0.0
PED02880,2025-02-26,Mouse,Acessórios,Caucaia,Região Metropolitana,Site,Boleto,3,266.28,0.05
PED08582,2025-02-26,Fone Bluetooth,Áudio,Caucaia,Região Metropolitana,Loja Física,Boleto,1,605.22,0.05
PED07555,2025-02-26,Notebook,Eletrônicos,Maracanaú,Região Metropolitana,Marketplace,Boleto,2,6094.59,0.05
PED09892,2025-02-26,Roteador,Informática,Juazeiro do Norte,Interior,Loja Física,PIX,1,397.67,0.15
PED03564,2025-02-26,Roteador,Informática,Sobral,Interior,Site,Cartão de Débito,1,461.15,0.0
PED06849,2025-02-26,SSD 1TB,Informática,Fortaleza,Fortaleza,Site,PIX,1,467.51,0.0
PED05712,2025-02-26,Smartphone,Eletrônicos,Itapipoca,Interior,Site,Cartão de Crédito,1,2744.92,0.1
PED09032,2025-02-26,Fone Bluetooth,Áudio,Sobral,Interior,Site,Cartão de Débito,2,536.91,0.0
PED03839,2025-02-26,Cadeira Gamer,Móveis,Fortaleza,Fortaleza,Site,Cartão de Crédito,1,1246.33,0.0
PED04467,2025-02-26,Mesa Escritório,Móveis,Sobral,Interior,Site,Cartão de Débito,1,1560.25,0.1
PED03851,2025-02-26,Cadeira Gamer,Móveis,Maracanaú,Região Metropolitana,Site,PIX,1,1612.76,0.0
PED09082,2025-02-26,Notebook,Eletrônicos,Juazeiro do Norte,Interior,Loja Física,Boleto,2,5982.31,0.1
PED08475,2025-02-26,Roteador,Informática,Itapipoca,Interior,Marketplace,Boleto,1,208.0,0.1
PED06190,2025-02-26,Teclado,Acessórios,Maracanaú,Região Metropolitana,Site,Boleto,2,239.95,0.0
PED04934,2025-02-26,Notebook,Eletrônicos,Fortaleza,Fortaleza,Loja Física,Boleto,1,3891.8,0.05
PED06437,2025-02-26,Impressora,Informática,Sobral,Interior,Marketplace,Cartão de Débito,1,1799.02,0.05
PED08758,2025-02-26,Cadeira Gamer,Móveis,Fortaleza,Fortaleza,Marketplace,PIX,2,1957.86,0.05
PED02694,2025-02-27,Monitor,Eletrônicos,Fortaleza,Fortaleza,Marketplace,Boleto,2,1511.83,0.0
PED07025,2025-02-27,Cadeira Gamer,Móveis,Sobral,Interior,Loja Física,Boleto,1,1789.95,0.05
PED02781,2025-02-27,Notebook,Eletrônicos,Caucaia,Região Metropolitana,Marketplace,Cartão de Crédito,2,4744.23,0.05
PED06035,2025-02-27,Webcam,Acessórios,Fortaleza,Fortaleza,Marketplace,Cartão de Débito,2,229.65,0.0
PED03803,2025-02-27,Headset,Acessórios,Fortaleza,Fortaleza,Loja Física,Cartão de Crédito,2,148.6,0.05
PED05646,2025-02-27,Roteador,Informática,Sobral,Interior,Site,PIX,1,537.79,0.0
PED09670,2025-02-27,SSD 1TB,Informática,Juazeiro do Norte,Interior,Marketplace,PIX,1,434.01,0.0
PED09058,2025-02-27,Notebook,Eletrônicos,Maracanaú,Região Metropolitana,Loja Física,Cartão de Crédito,1,3639.71,0.0
PED09516,2025-02-27,Mouse,Acessórios,Fortaleza,Fortaleza,Marketplace,Boleto,3,286.2,0.0
PED07425,2025-02-27,Fone Bluetooth,Áudio,Juazeiro do Norte,Interior,Site,Boleto,1,418.66,0.15
PED08468,2025-02-27,Headset,Acessórios,Caucaia,Região Metropolitana,Site,Boleto,1,301.41,0.0
PED09562,2025-02-27,Memória RAM,Informática,Fortaleza,Fortaleza,Site,Cartão de Crédito,2,500.0,0.0
PED00175,2025-02-27,Smartphone,Eletrônicos,Caucaia,Região Metropolitana,Site,PIX,1,2017.47,0.1
PED02584,2025-02-28,Memória RAM,Informática,Itapipoca,Interior,Loja Física,Boleto,1,318.9,0.0
PED08973,2025-02-28,Headset,Acessórios,Sobral,Interior,Site,Boleto,2,154.18,0.0
PED07190,2025-02-28,Memória RAM,Informática,Maracanaú,Região Metropolitana,Loja Física,Cartão de Crédito,1,207.07,0.05
PED01517,2025-02-28,Webcam,Acessórios,Fortaleza,Fortaleza,Marketplace,PIX,2,620.65,0.0
PED01426,2025-02-28,Headset,Acessórios,Itapipoca,Interior,Loja Física,Boleto,1,528.14,0.1
PED02991,2025-02-28,Mouse,Acessórios,Fortaleza,Fortaleza,Marketplace,Cartão de Crédito,2,278.82,0.15
PED09448,2025-02-28,SSD 1TB,Informática,Juazeiro do Norte,Interior,Marketplace,Cartão de Débito,1,624.25,0.1
PED08035,2025-02-28,Mesa Escritório,Móveis,Sobral,Interior,Loja Física,Cartão de Débito,1,1546.68,0.1
PED01275,2025-02-28,Fone Bluetooth,Áudio,Juazeiro do Norte,Interior,Marketplace,Cartão de Crédito,1,478.85,0.15
PED01415,2025-02-28,Notebook,Eletrônicos,Sobral,Interior,Loja Física,Boleto,1,3795.96,0.0
PED07630,2025-02-28,Impressora,Informática,Fortaleza,Fortaleza,Marketplace,PIX,2,978.54,0.0
PED01752,2025-02-28,Mouse,Acessórios,Maracanaú,Região Metropolitana,Loja Física,PIX,1,146.58,0.15
PED09787,2025-02-28,Cadeira Gamer,Móveis,Caucaia,Região Metropolitana,Loja Física,PIX,1,1902.71,0.0
PED00211,2025-02-28,Caixa de Som,Áudio,Juazeiro do Norte,Interior,Loja Física,Boleto,1,354.32,0.0
PED06604,2025-02-28,SSD 1TB,Informática,Fortaleza,Fortaleza,Marketplace,Boleto,1,456.15,0.1
PED00034,2025-02-28,Roteador,Informática,Caucaia,Região Metropolitana,Marketplace,PIX,3,534.59,0.0
PED05018,2025-03-01,Notebook,Eletrônicos,Caucaia,Região Metropolitana,Site,Boleto,1,4068.94,0.0
PED05278,2025-03-01,Caixa de Som,Áudio,Fortaleza,Fortaleza,Loja Física,Cartão de Crédito,1,450.51,0.0
PED00020,2025-03-01,Headset,Acessórios,Sobral,Interior,Loja Física,PIX,2,129.4,0.0
PED04689,2025-03-01,Fone Bluetooth,Áudio,Sobral,Interior,Marketplace,Cartão de Débito,1,567.96,0.0
PED07473,2025-03-01,Smartphone,Eletrônicos,Sobral,Interior,Loja Física,Cartão de Débito,1,1784.05,0.05
PED03529,2025-03-01,SSD 1TB,Informática,Itapipoca,Interior,Loja Física,PIX,2,491.26,0.0
PED00974,2025-03-01,Notebook,Eletrônicos,Maracanaú,Região Metropolitana,Marketplace,Cartão de Débito,1,4583.71,0.1
PED03252,2025-03-01,SSD 1TB,Informática,Maracanaú,Região Metropolitana,Marketplace,PIX,1,348.01,0.0
PED07549,2025-03-01,Webcam,Acessórios,Itapipoca,Interior,Site,Cartão de Crédito,1,296.37,0.0
PED06590,2025-03-01,Mouse,Acessórios,Juazeiro do Norte,Interior,Marketplace,Cartão de Débito,1,95.38,0.05
PED01754,2025-03-01,Smartphone,Eletrônicos,Itapipoca,Interior,Site,PIX,1,3985.21,0.0
PED03551,2025-03-01,Cadeira Gamer,Móveis,Fortaleza,Fortaleza,Marketplace,Cartão de Débito,1,1744.12,0.0
PED03796,2025-03-01,Headset,Acessórios,Juazeiro do Norte,Interior,Site,Cartão de Débito,1,361.33,0.0
PED09675,2025-03-01,Mesa Escritório,Móveis,Fortaleza,Fortaleza,Site,Boleto,2,785.13,0.0
PED06688,2025-03-01,Memória RAM,Informática,Sobral,Interior,Loja Física,Cartão de Débito,1,159.29,0.0
PED05475,2025-03-01,Fone Bluetooth,Áudio,Juazeiro do Norte,Interior,Loja Física,Boleto,3,311.55,0.05
PED01432,2025-03-01,Headset,Acessórios,Caucaia,Região Metropolitana,Marketplace,PIX,2,217.17,0.0
PED07410,2025-03-01,Monitor,Eletrônicos,Fortaleza,Fortaleza,Marketplace,Cartão de Crédito,3,1345.24,0.1
PED07966,2025-03-02,Notebook,Eletrônicos,Sobral,Interior,Marketplace,Cartão de Crédito,2,4621.66,0.0
PED04083,2025-03-02,Monitor,Eletrônicos,Juazeiro do Norte,Interior,Loja Física,Boleto,1,785.12,0.05
PED09946,2025-03-02,Roteador,Informática,Sobral,Interior,Loja Física,Cartão de Crédito,1,297.33,0.0
PED09446,2025-03-02,Teclado,Acessórios,Fortaleza,Fortaleza,Loja Física,PIX,1,89.99,0.0
PED08094,2025-03-02,Fone Bluetooth,Áudio,Maracanaú,Região Metropolitana,Site,Boleto,1,437.38,0.0
PED00256,2025-03-02,Teclado,Acessórios,Itapipoca,Interior,Loja Física,Cartão de Crédito,1,273.36,0.0
PED04798,2025-03-02,Smartphone,Eletrônicos,Caucaia,Região Metropolitana,Loja Física,Cartão de Débito,1,3388.16,0.0
PED06985,2025-03-02,Fone Bluetooth,Áudio,Maracanaú,Região Metropolitana,Loja Física,PIX,2,615.74,0.0
PED04842,2025-03-02,Impressora,Informática,Caucaia,Região Metropolitana,Marketplace,Cartão de Débito,1,1499.51,0.0
PED07809,2025-03-02,Caixa de Som,Áudio,Caucaia,Região Metropolitana,Site,PIX,1,559.8,0.0
PED02939,2025-03-02,Monitor,Eletrônicos,Maracanaú,Região Metropolitana,Loja Física,Boleto,1,1461.28,0.0
PED07708,2025-03-02,Caixa de Som,Áudio,Fortaleza,Fortaleza,Loja Física,Cartão de Crédito,1,106.83,0.05
PED06523,2025-03-02,SSD 1TB,Informática,Itapipoca,Interior,Site,Boleto,1,492.37,0.0
PED00295,2025-03-02,Cadeira Gamer,Móveis,Caucaia,Região Metropolitana,Marketplace,PIX,1,1950.56,0.1
PED09950,2025-03-02,Caixa de Som,Áudio,Sobral,Interior,Site,Cartão de Crédito,1,532.66,0.15
PED05753,2025-03-02,Teclado,Acessórios,Caucaia,Região Metropolitana,Site,PIX,1,133.62,0.0
PED03398,2025-03-02,Mesa Escritório,Móveis,Maracanaú,Região Metropolitana,Site,Cartão de Crédito,1,546.41,0.0
PED02366,2025-03-02,Notebook,Eletrônicos,Sobral,Interior,Loja Física,PIX,3,5095.39,0.05
PED08810,2025-03-02,SSD 1TB,Informática,Caucaia,Região Metropolitana,Loja Física,PIX,2,489.97,0.0
PED06192,2025-03-03,Fone Bluetooth,Áudio,Sobral,Interior,Marketplace,Cartão de Crédito,1,303.7,0.1
PED06309,2025-03-03,SSD 1TB,Informática,Caucaia,Região Metropolitana,Loja Física,Boleto,1,323.45,0.0
PED00229,2025-03-03,Mesa Escritório,Móveis,Sobral,Interior,Loja Física,Boleto,1,927.97,0.0
PED08866,2025-03-03,Notebook,Eletrônicos,Fortaleza,Fortaleza,Site,Cartão de Crédito,1,4662.26,0.05
PED00629,2025-03-03,Smartphone,Eletrônicos,Itapipoca,Interior,Loja Física,Cartão de Débito,1,3220.47,0.15
PED06729,2025-03-03,Teclado,Acessórios,Fortaleza,Fortaleza,Marketplace,Cartão de Crédito,1,448.49,0.1
PED00097,2025-03-03,SSD 1TB,Informática,Fortaleza,Fortaleza,Marketplace,PIX,1,630.61,0.0
PED00101,2025-03-03,Impressora,Informática,Fortaleza,Fortaleza,Loja Física,Cartão de Débito,1,1293.81,0.0
PED02020,2025-03-03,Notebook,Eletrônicos,Caucaia,Região Metropolitana,Marketplace,Boleto,1,4930.13,0.1
PED03296,2025-03-03,Mesa Escritório,Móveis,Juazeiro do Norte,Interior,Marketplace,PIX,2,699.25,0.1
PED05432,2025-03-03,Roteador,Informática,Fortaleza,Fortaleza,Marketplace,Cartão de Débito,1,530.26,0.05
PED09402,2025-03-03,Caixa de Som,Áudio,Fortaleza,Fortaleza,Site,Cartão de Débito,2,549.98,0.0
PED06424,2025-03-04,Impressora,Informática,Fortaleza,Fortaleza,Marketplace,Boleto,1,1429.85,0.0
PED09884,2025-03-04,Mesa Escritório,Móveis,Sobral,Interior,Marketplace,Cartão de Débito,2,776.49,0.05
PED04808,2025-03-04,Roteador,Informática,Sobral,Interior,Site,Cartão de Débito,1,516.19,0.1
PED07582,2025-03-04,Teclado,Acessórios,Sobral,Interior,Site,Boleto,1,340.87,0.05
PED02040,2025-03-04,Teclado,Acessórios,Sobral,Interior,Marketplace,Boleto,1,155.74,0.0
PED00736,2025-03-04,Roteador,Informática,Sobral,Interior,Loja Física,Cartão de Crédito,1,519.49,0.0
PED06790,2025-03-04,Caixa de Som,Áudio,Fortaleza,Fortaleza,Site,Boleto,1,605.12,0.0
PED02518,2025-03-04,Notebook,Eletrônicos,Juazeiro do Norte,Interior,Marketplace,Cartão de Crédito,2,3579.97,0.0
PED08136,2025-03-04,Teclado,Acessórios,Caucaia,Região Metropolitana,Marketplace,Cartão de Crédito,1,71.51,0.15
PED00640,2025-03-04,Fone Bluetooth,Áudio,Sobral,Interior,Site,Boleto,1,548.56,0.1
PED04433,2025-03-04,SSD 1TB,Informática,Fortaleza,Fortaleza,Loja Física,Cartão de Crédito,3,406.17,0.0
PED01476,2025-03-04,Mouse,Acessórios,Caucaia,Região Metropolitana,Marketplace,Cartão de Débito,3,108.02,0.1
PED07454,2025-03-04,Fone Bluetooth,Áudio,Itapipoca,Interior,Marketplace,Boleto,1,531.66,0.0
PED08612,2025-03-04,Headset,Acessórios,Maracanaú,Região Metropolitana,Loja Física,Cartão de Débito,1,283.12,0.0
PED05383,2025-03-04,Notebook,Eletrônicos,Fortaleza,Fortaleza,Marketplace,Boleto,1,3903.44,0.1
PED06212,2025-03-04,Mouse,Acessórios,Fortaleza,Fortaleza,Loja Física,Cartão de Débito,2,253.23,0.1
PED09273,2025-03-04,Smartphone,Eletrônicos,Fortaleza,Fortaleza,Marketplace,Cartão de Débito,3,4181.55,0.0
PED01790,2025-03-04,Monitor,Eletrônicos,Caucaia,Região Metropolitana,Site,Cartão de Crédito,2,1284.48,0.05
PED06246,2025-03-04,SSD 1TB,Informática,Juazeiro do Norte,Interior,Marketplace,Boleto,1,469.76,0.05
PED00033,2025-03-04,Mouse,Acessórios,Fortaleza,Fortaleza,Marketplace,Cartão de Débito,1,54.86,0.05
PED03915,2025-03-04,Teclado,Acessórios,Fortaleza,Fortaleza,Loja Física,Cartão de Crédito,1,173.47,0.1
PED08983,2025-03-04,Cadeira Gamer,Móveis,Maracanaú,Região Metropolitana,Site,Boleto,2,677.42,0.05
PED04671,2025-03-05,Fone Bluetooth,Áudio,Fortaleza,Fortaleza,Site,Boleto,1,381.66,0.0
PED08419,2025-03-05,Cadeira Gamer,Móveis,Sobral,Interior,Loja Física,PIX,2,847.08,0.05
PED02585,2025-03-05,Notebook,Eletrônicos,Itapipoca,Interior,Loja Física,Cartão de Débito,2,6289.61,0.05
PED08698,2025-03-05,Monitor,Eletrônicos,Maracanaú,Região Metropolitana,Loja Física,Boleto,2,983.79,0.05
PED07191,2025-03-05,Smartphone,Eletrônicos,Fortaleza,Fortaleza,Loja Física,PIX,2,2738.92,0.0
PED08947,2025-03-05,Smartphone,Eletrônicos,Maracanaú,Região Metropolitana,Site,Cartão de Crédito,1,2342.02,0.1
PED01145,2025-03-05,Headset,Acessórios,Juazeiro do Norte,Interior,Marketplace,Cartão de Crédito,1,479.67,0.0
PED05440,2025-03-05,Roteador,Informática,Fortaleza,Fortaleza,Site,Cartão de Crédito,1,251.59,0.0
PED05333,2025-03-05,Mesa Escritório,Móveis,Caucaia,Região Metropolitana,Marketplace,Boleto,1,1478.74,0.15
PED07951,2025-03-05,Roteador,Informática,Fortaleza,Fortaleza,Marketplace,PIX,1,279.06,0.0
PED04773,2025-03-05,Monitor,Eletrônicos,Caucaia,Região Metropolitana,Loja Física,Boleto,1,1280.26,0.0
PED08800,2025-03-05,Fone Bluetooth,Áudio,Fortaleza,Fortaleza,Site,Boleto,1,156.67,0.0
PED05950,2025-03-05,Impressora,Informática,Itapipoca,Interior,Marketplace,Boleto,3,1545.03,0.0
PED03013,2025-03-05,Headset,Acessórios,Caucaia,Região Metropolitana,Site,Cartão de Crédito,1,172.45,0.0
PED09387,2025-03-05,Webcam,Acessórios,Fortaleza,Fortaleza,Loja Física,Cartão de Débito,1,551.11,0.05
PED08829,2025-03-05,Memória RAM,Informática,Juazeiro do Norte,Interior,Site,PIX,1,212.12,0.0
PED01977,2025-03-06,Headset,Acessórios,Fortaleza,Fortaleza,Site,Boleto,1,517.36,0.15
PED05078,2025-03-06,Notebook,Eletrônicos,Fortaleza,Fortaleza,Site,PIX,1,4792.48,0.05
PED01893,2025-03-06,Smartphone,Eletrônicos,Itapipoca,Interior,Site,Cartão de Débito,4,4262.98,0.0
PED06384,2025-03-06,Webcam,Acessórios,Maracanaú,Região Metropolitana,Site,Boleto,2,631.7,0.0
PED09899,2025-03-06,Headset,Acessórios,Fortaleza,Fortaleza,Marketplace,Cartão de Débito,1,418.81,0.0
PED05660,2025-03-06,Memória RAM,Informática,Fortaleza,Fortaleza,Site,PIX,1,355.06,0.1
PED09818,2025-03-06,Caixa de Som,Áudio,Fortaleza,Fortaleza,Site,Cartão de Crédito,2,537.76,0.0
PED08541,2025-03-06,Mouse,Acessórios,Sobral,Interior,Site,PIX,1,212.1,0.05
PED06654,2025-03-06,Teclado,Acessórios,Sobral,Interior,Site,Boleto,2,184.18,0.1
PED09565,2025-03-06,Headset,Acessórios,Fortaleza,Fortaleza,Marketplace,Boleto,1,525.38,0.1
PED06058,2025-03-06,Headset,Acessórios,Caucaia,Região Metropolitana,Marketplace,Cartão de Crédito,1,346.01,0.05
PED04532,2025-03-06,Caixa de Som,Áudio,Caucaia,Região Metropolitana,Marketplace,Cartão de Crédito,1,347.31,0.0
PED08583,2025-03-06,Fone Bluetooth,Áudio,Caucaia,Região Metropolitana,Site,Boleto,1,562.64,0.15
PED04396,2025-03-07,Memória RAM,Informática,Sobral,Interior,Loja Física,Boleto,1,346.78,0.0
PED04900,2025-03-07,Impressora,Informática,Fortaleza,Fortaleza,Marketplace,PIX,1,667.36,0.1
PED09756,2025-03-07,Webcam,Acessórios,Fortaleza,Fortaleza,Marketplace,Cartão de Débito,3,555.41,0.15
PED04815,2025-03-07,Roteador,Informática,Fortaleza,Fortaleza,Marketplace,Boleto,2,423.0,0.1
PED00891,2025-03-07,Mesa Escritório,Móveis,Fortaleza,Fortaleza,Marketplace,Cartão de Crédito,1,1422.86,0.0
PED08257,2025-03-07,Impressora,Informática,Itapipoca,Interior,Loja Física,Cartão de Crédito,1,1705.77,0.0
PED06804,2025-03-07,Webcam,Acessórios,Sobral,Interior,Loja Física,Boleto,1,288.94,0.1
PED06644,2025-03-07,SSD 1TB,Informática,Sobral,Interior,Site,Cartão de Crédito,3,612.39,0.0
PED03598,2025-03-07,Cadeira Gamer,Móveis,Caucaia,Região Metropolitana,Marketplace,Cartão de Débito,1,2154.64,0.15
PED03063,2025-03-07,Teclado,Acessórios,Sobral,Interior,Site,PIX,2,434.17,0.1
PED07443,2025-03-07,Fone Bluetooth,Áudio,Fortaleza,Fortaleza,Site,PIX,1,600.59,0.0
PED00148,2025-03-07,Mouse,Acessórios,Fortaleza,Fortaleza,Site,Boleto,2,242.28,0.0
PED02155,2025-03-07,Roteador,Informática,Caucaia,Região Metropolitana,Marketplace,Boleto,1,377.76,0.0
PED04008,2025-03-07,Webcam,Acessórios,Fortaleza,Fortaleza,Marketplace,Cartão de Crédito,1,265.68,0.05
PED04954,2025-03-07,Monitor,Eletrônicos,Fortaleza,Fortaleza,Loja Física,Boleto,1,1002.25,0.1
PED05287,2025-03-07,Notebook,Eletrônicos,Fortaleza,Fortaleza,Loja Física,Boleto,2,5320.47,0.1
PED03971,2025-03-07,SSD 1TB,Informática,Juazeiro do Norte,Interior,Loja Física,Boleto,1,495.57,0.0
PED07673,2025-03-07,Fone Bluetooth,Áudio,Sobral,Interior,Marketplace,Boleto,1,503.66,0.15
PED07819,2025-03-07,Roteador,Informática,Fortaleza,Fortaleza,Site,Boleto,2,443.7,0.1
PED02103,2025-03-08,Cadeira Gamer,Móveis,Fortaleza,Fortaleza,Site,Cartão de Débito,2,1539.84,0.0
PED05131,2025-03-08,Headset,Acessórios,Juazeiro do Norte,Interior,Loja Física,Cartão de Débito,1,434.23,0.05
PED04428,2025-03-08,Roteador,Informática,Fortaleza,Fortaleza,Site,Cartão de Débito,2,399.52,0.0
PED04444,2025-03-08,Fone Bluetooth,Áudio,Sobral,Interior,Loja Física,Boleto,2,372.14,0.1
PED04529,2025-03-08,Notebook,Eletrônicos,Juazeiro do Norte,Interior,Site,Cartão de Crédito,1,4838.87,0.0
PED01877,2025-03-08,Notebook,Eletrônicos,Fortaleza,Fortaleza,Loja Física,Cartão de Débito,1,6096.68,0.0
PED03481,2025-03-08,Smartphone,Eletrônicos,Fortaleza,Fortaleza,Site,Boleto,2,4462.9,0.0
PED02645,2025-03-08,Webcam,Acessórios,Juazeiro do Norte,Interior,Site,Cartão de Crédito,1,241.74,0.0
PED07204,2025-03-08,Caixa de Som,Áudio,Fortaleza,Fortaleza,Marketplace,Cartão de Débito,3,251.25,0.0
PED08442,2025-03-08,Cadeira Gamer,Móveis,Maracanaú,Região Metropolitana,Site,Boleto,1,2162.75,0.0
PED01710,2025-03-08,Notebook,Eletrônicos,Caucaia,Região Metropolitana,Loja Física,PIX,1,5047.86,0.05
PED08817,2025-03-08,Notebook,Eletrônicos,Fortaleza,Fortaleza,Marketplace,Cartão de Débito,1,5093.15,0.1
PED01601,2025-03-08,SSD 1TB,Informática,Fortaleza,Fortaleza,Site,Cartão de Crédito,3,394.44,0.0
PED05219,2025-03-08,Caixa de Som,Áudio,Fortaleza,Fortaleza,Loja Física,PIX,1,322.3,0.0
PED02804,2025-03-08,Webcam,Acessórios,Sobral,Interior,Site,PIX,1,135.84,0.0
PED03090,2025-03-08,Cadeira Gamer,Móveis,Fortaleza,Fortaleza,Site,Boleto,1,1583.92,0.0
PED01032,2025-03-08,Smartphone,Eletrônicos,Juazeiro do Norte,Interior,Loja Física,PIX,3,4208.82,0.0
PED01952,2025-03-09,Teclado,Acessórios,Fortaleza,Fortaleza,Site,PIX,1,235.54,0.1
PED02121,2025-03-09,Headset,Acessórios,Sobral,Interior,Site,PIX,2,371.55,0.0
PED07745,2025-03-09,Mouse,Acessórios,Maracanaú,Região Metropolitana,Marketplace,Cartão de Crédito,1,254.96,0.0
PED07782,2025-03-09,Memória RAM,Informática,Fortaleza,Fortaleza,Site,Cartão de Débito,1,516.43,0.0
PED04331,2025-03-09,Cadeira Gamer,Móveis,Caucaia,Região Metropolitana,Loja Física,Boleto,4,1959.78,0.0
PED00525,2025-03-09,Monitor,Eletrônicos,Juazeiro do Norte,Interior,Loja Física,Cartão de Crédito,2,1731.19,0.0
PED02325,2025-03-09,Caixa de Som,Áudio,Caucaia,Região Metropolitana,Site,Cartão de Crédito,2,415.24,0.1
PED00880,2025-03-09,Teclado,Acessórios,Fortaleza,Fortaleza,Site,PIX,1,198.29,0.05
PED05465,2025-03-09,SSD 1TB,Informática,Fortaleza,Fortaleza,Marketplace,Boleto,1,381.84,0.05
PED07532,2025-03-09,Headset,Acessórios,Maracanaú,Região Metropolitana,Marketplace,PIX,4,210.77,0.0
PED07498,2025-03-09,Roteador,Informática,Fortaleza,Fortaleza,Loja Física,Cartão de Débito,1,303.71,0.0
PED00839,2025-03-09,Mouse,Acessórios,Caucaia,Região Metropolitana,Marketplace,Boleto,2,63.0,0.15
PED09828,2025-03-09,Caixa de Som,Áudio,Fortaleza,Fortaleza,Site,Cartão de Crédito,1,689.32,0.15
PED07980,2025-03-09,SSD 1TB,Informática,Caucaia,Região Metropolitana,Loja Física,Cartão de Débito,1,595.08,0.0
PED01769,2025-03-09,Headset,Acessórios,Fortaleza,Fortaleza,Site,Cartão de Débito,1,358.39,0.0
PED07331,2025-03-09,Mouse,Acessórios,Maracanaú,Região Metropolitana,Loja Física,Boleto,2,48.86,0.1
PED08556,2025-03-09,Webcam,Acessórios,Sobral,Interior,Marketplace,Cartão de Crédito,1,443.96,0.0
PED00818,2025-03-09,Mesa Escritório,Móveis,Itapipoca,Interior,Loja Física,Boleto,2,550.41,0.15
PED03340,2025-03-09,Roteador,Informática,Fortaleza,Fortaleza,Marketplace,Boleto,2,389.26,0.05
PED09616,2025-03-09,Notebook,Eletrônicos,Itapipoca,Interior,Loja Física,PIX,1,6103.45,0.1
PED01604,2025-03-10,Notebook,Eletrônicos,Fortaleza,Fortaleza,Site,PIX,1,6402.44,0.0
PED06036,2025-03-10,Mesa Escritório,Móveis,Maracanaú,Região Metropolitana,Marketplace,Boleto,1,1412.81,0.0
PED05782,2025-03-10,Cadeira Gamer,Móveis,Maracanaú,Região Metropolitana,Loja Física,PIX,1,1464.57,0.0
PED03978,2025-03-10,Mouse,Acessórios,Caucaia,Região Metropolitana,Loja Física,PIX,2,280.86,0.0
PED02305,2025-03-10,SSD 1TB,Informática,Fortaleza,Fortaleza,Site,PIX,1,318.35,0.0
PED08267,2025-03-10,Headset,Acessórios,Fortaleza,Fortaleza,Loja Física,Cartão de Débito,1,126.3,0.05
PED04114,2025-03-10,Monitor,Eletrônicos,Caucaia,Região Metropolitana,Marketplace,Boleto,3,905.87,0.0
PED06490,2025-03-10,Impressora,Informática,Sobral,Interior,Site,Cartão de Débito,2,828.55,0.1
PED07584,2025-03-10,Mouse,Acessórios,Sobral,Interior,Loja Física,Boleto,1,238.1,0.1
PED04723,2025-03-11,Headset,Acessórios,Fortaleza,Fortaleza,Marketplace,Cartão de Débito,1,139.78,0.0
PED02811,2025-03-11,Fone Bluetooth,Áudio,Fortaleza,Fortaleza,Marketplace,Cartão de Crédito,1,617.56,0.0
PED03540,2025-03-11,Roteador,Informática,Maracanaú,Região Metropolitana,Site,Cartão de Crédito,1,468.61,0.05
PED07893,2025-03-11,Headset,Acessórios,Fortaleza,Fortaleza,Loja Física,PIX,1,233.25,0.05
PED07026,2025-03-11,Roteador,Informática,Fortaleza,Fortaleza,Marketplace,PIX,1,387.19,0.0
PED05170,2025-03-11,SSD 1TB,Informática,Caucaia,Região Metropolitana,Marketplace,Cartão de Débito,2,343.93,0.05
PED05030,2025-03-11,Roteador,Informática,Fortaleza,Fortaleza,Marketplace,Cartão de Débito,4,320.42,0.0
PED07564,2025-03-11,Cadeira Gamer,Móveis,Juazeiro do Norte,Interior,Site,Cartão de Débito,1,1640.93,0.1
PED07061,2025-03-11,SSD 1TB,Informática,Caucaia,Região Metropolitana,Site,Cartão de Débito,1,487.12,0.0
PED08818,2025-03-11,Teclado,Acessórios,Juazeiro do Norte,Interior,Marketplace,Boleto,1,102.46,0.05
PED04645,2025-03-11,Notebook,Eletrônicos,Caucaia,Região Metropolitana,Marketplace,Boleto,1,4431.79,0.0
PED01099,2025-03-11,Fone Bluetooth,Áudio,Itapipoca,Interior,Site,PIX,4,426.86,0.05
PED01036,2025-03-11,Headset,Acessórios,Maracanaú,Região Metropolitana,Marketplace,Cartão de Crédito,1,506.01,0.0
PED06778,2025-03-11,Teclado,Acessórios,Itapipoca,Interior,Marketplace,PIX,1,206.38,0.0
PED00764,2025-03-11,Monitor,Eletrônicos,Fortaleza,Fortaleza,Loja Física,Boleto,1,772.12,0.0
PED00201,2025-03-11,Webcam,Acessórios,Juazeiro do Norte,Interior,Site,Cartão de Crédito,1,545.11,0.0
PED05546,2025-03-11,Fone Bluetooth,Áudio,Juazeiro do Norte,Interior,Site,Boleto,1,86.43,0.05
PED00859,2025-03-11,Caixa de Som,Áudio,Caucaia,Região Metropolitana,Loja Física,PIX,2,470.19,0.0
PED06197,2025-03-11,Cadeira Gamer,Móveis,Caucaia,Região Metropolitana,Site,Boleto,1,695.7,0.1
PED04563,2025-03-11,Notebook,Eletrônicos,Itapipoca,Interior,Loja Física,Cartão de Crédito,1,4173.65,0.0
PED01747,2025-03-11,Teclado,Acessórios,Fortaleza,Fortaleza,Loja Física,Boleto,1,303.82,0.0
PED00364,2025-03-12,Mesa Escritório,Móveis,Sobral,Interior,Marketplace,PIX,1,1151.87,0.05
PED06857,2025-03-12,Smartphone,Eletrônicos,Fortaleza,Fortaleza,Loja Física,PIX,1,2653.07,0.0
PED00076,2025-03-12,Cadeira Gamer,Móveis,Caucaia,Região Metropolitana,Marketplace,PIX,4,1819.06,0.0
PED08689,2025-03-12,Roteador,Informática,Fortaleza,Fortaleza,Marketplace,Boleto,1,494.72,0.05
PED08868,2025-03-12,Headset,Acessórios,Caucaia,Região Metropolitana,Marketplace,Cartão de Crédito,1,341.35,0.0
PED09098,2025-03-12,Memória RAM,Informática,Juazeiro do Norte,Interior,Loja Física,Cartão de Crédito,1,504.84,0.15
PED01342,2025-03-12,Caixa de Som,Áudio,Maracanaú,Região Metropolitana,Site,Boleto,1,214.94,0.0
PED05384,2025-03-12,Fone Bluetooth,Áudio,Fortaleza,Fortaleza,Marketplace,Boleto,1,477.27,0.1
PED06233,2025-03-12,Mouse,Acessórios,Itapipoca,Interior,Site,Cartão de Débito,1,260.76,0.1
PED06378,2025-03-12,Smartphone,Eletrônicos,Fortaleza,Fortaleza,Site,PIX,2,2867.93,0.0
PED09027,2025-03-13,Roteador,Informática,Itapipoca,Interior,Loja Física,PIX,2,514.21,0.0
PED03817,2025-03-13,Teclado,Acessórios,Fortaleza,Fortaleza,Marketplace,PIX,1,112.13,0.0
PED07269,2025-03-13,Mouse,Acessórios,Maracanaú,Região Metropolitana,Loja Física,PIX,1,148.26,0.0
PED02703,2025-03-13,Teclado,Acessórios,Fortaleza,Fortaleza,Marketplace,Cartão de Débito,2,144.71,0.05
PED00735,2025-03-13,Smartphone,Eletrônicos,Sobral,Interior,Marketplace,PIX,1,3367.83,0.15
PED04196,2025-03-13,Headset,Acessórios,Maracanaú,Região Metropolitana,Marketplace,PIX,1,109.51,0.0
PED05023,2025-03-13,Cadeira Gamer,Móveis,Fortaleza,Fortaleza,Site,Cartão de Débito,1,881.68,0.0
PED09150,2025-03-13,Notebook,Eletrônicos,Caucaia,Região Metropolitana,Loja Física,Boleto,2,3748.23,0.0
PED01903,2025-03-13,Smartphone,Eletrônicos,Fortaleza,Fortaleza,Site,PIX,2,2874.57,0.0
PED00774,2025-03-13,Mesa Escritório,Móveis,Caucaia,Região Metropolitana,Marketplace,Cartão de Crédito,1,453.8,0.1
PED00007,2025-03-13,Roteador,Informática,Sobral,Interior,Loja Física,Cartão de Crédito,1,500.15,0.0
PED04708,2025-03-13,Fone Bluetooth,Áudio,Fortaleza,Fortaleza,Loja Física,PIX,1,206.0,0.0
PED06669,2025-03-13,Mouse,Acessórios,Fortaleza,Fortaleza,Site,PIX,1,100.05,0.0
PED08834,2025-03-13,Webcam,Acessórios,Maracanaú,Região Metropolitana,Loja Física,Cartão de Débito,1,373.12,0.0
PED02743,2025-03-13,Webcam,Acessórios,Fortaleza,Fortaleza,Site,Cartão de Débito,1,519.52,0.0
PED01352,2025-03-13,Caixa de Som,Áudio,Juazeiro do Norte,Interior,Loja Física,Cartão de Crédito,1,332.51,0.0
PED08646,2025-03-13,Cadeira Gamer,Móveis,Maracanaú,Região Metropolitana,Site,Cartão de Crédito,1,1201.88,0.0
PED01106,2025-03-13,Monitor,Eletrônicos,Caucaia,Região Metropolitana,Loja Física,PIX,1,1442.96,0.1
PED07518,2025-03-13,Memória RAM,Informática,Sobral,Interior,Site,Cartão de Crédito,2,531.36,0.0
PED00865,2025-03-13,Webcam,Acessórios,Fortaleza,Fortaleza,Site,Cartão de Débito,2,223.99,0.0
PED02374,2025-03-14,Mouse,Acessórios,Sobral,Interior,Loja Física,Cartão de Débito,1,126.4,0.1
PED04943,2025-03-14,Caixa de Som,Áudio,Itapipoca,Interior,Loja Física,Cartão de Débito,1,111.69,0.0
PED03028,2025-03-14,Mouse,Acessórios,Fortaleza,Fortaleza,Marketplace,Cartão de Crédito,3,271.26,0.0
PED03994,2025-03-14,Notebook,Eletrônicos,Juazeiro do Norte,Interior,Marketplace,Cartão de Débito,1,4554.18,0.1
PED01715,2025-03-14,Roteador,Informática,Fortaleza,Fortaleza,Marketplace,PIX,2,393.1,0.05
PED05702,2025-03-14,Memória RAM,Informática,Fortaleza,Fortaleza,Site,Cartão de Crédito,2,539.74,0.05
PED04040,2025-03-14,Teclado,Acessórios,Fortaleza,Fortaleza,Marketplace,Cartão de Crédito,2,177.7,0.05
PED00639,2025-03-14,Cadeira Gamer,Móveis,Maracanaú,Região Metropolitana,Loja Física,Cartão de Crédito,1,1666.41,0.0
PED00935,2025-03-14,Notebook,Eletrônicos,Sobral,Interior,Marketplace,Boleto,1,3505.42,0.1
PED08805,2025-03-14,SSD 1TB,Informática,Fortaleza,Fortaleza,Marketplace,Cartão de Débito,1,385.41,0.0
PED05831,2025-03-14,Mouse,Acessórios,Caucaia,Região Metropolitana,Loja Física,Boleto,1,214.11,0.0
PED08304,2025-03-14,Roteador,Informática,Maracanaú,Região Metropolitana,Marketplace,PIX,2,455.35,0.15
PED07003,2025-03-14,Memória RAM,Informática,Caucaia,Região Metropolitana,Marketplace,PIX,1,363.82,0.1
PED09209,2025-03-14,Teclado,Acessórios,Juazeiro do Norte,Interior,Marketplace,Cartão de Crédito,1,431.43,0.05
PED00464,2025-03-14,Roteador,Informática,Fortaleza,Fortaleza,Site,Cartão de Crédito,2,380.21,0.0
PED00025,2025-03-14,Notebook,Eletrônicos,Fortaleza,Fortaleza,Marketplace,Cartão de Crédito,3,4118.97,0.1
PED08760,2025-03-14,Roteador,Informática,Itapipoca,Interior,Loja Física,Boleto,1,327.27,0.1
PED00731,2025-03-14,Webcam,Acessórios,Sobral,Interior,Site,Boleto,2,352.47,0.0
PED07493,2025-03-14,Caixa de Som,Áudio,Fortaleza,Fortaleza,Marketplace,Cartão de Débito,1,499.44,0.05
PED06454,2025-03-14,Cadeira Gamer,Móveis,Fortaleza,Fortaleza,Site,Cartão de Débito,1,1615.71,0.0
PED08361,2025-03-15,Headset,Acessórios,Itapipoca,Interior,Site,Cartão de Débito,1,541.01,0.05
PED03270,2025-03-15,Teclado,Acessórios,Sobral,Interior,Site,Cartão de Crédito,1,419.35,0.0
PED03607,2025-03-15,Mesa Escritório,Móveis,Fortaleza,Fortaleza,Site,Cartão de Crédito,3,954.43,0.05
PED02827,2025-03-15,Caixa de Som,Áudio,Fortaleza,Fortaleza,Site,Boleto,1,718.48,0.0
PED00009,2025-03-15,Headset,Acessórios,Fortaleza,Fortaleza,Marketplace,Cartão de Crédito,1,335.7,0.15
PED07886,2025-03-15,Memória RAM,Informática,Juazeiro do Norte,Interior,Loja Física,Boleto,1,490.32,0.0
PED05915,2025-03-15,Mesa Escritório,Móveis,Fortaleza,Fortaleza,Marketplace,Boleto,1,1161.14,0.1
PED07746,2025-03-15,Monitor,Eletrônicos,Fortaleza,Fortaleza,Marketplace,Cartão de Débito,1,1861.98,0.0
PED07880,2025-03-15,Monitor,Eletrônicos,Juazeiro do Norte,Interior,Loja Física,Boleto,1,1450.54,0.0
PED07969,2025-03-15,Cadeira Gamer,Móveis,Maracanaú,Região Metropolitana,Loja Física,Boleto,2,872.26,0.0
PED02653,2025-03-15,Cadeira Gamer,Móveis,Fortaleza,Fortaleza,Site,Boleto,1,1783.25,0.0
PED03148,2025-03-15,Webcam,Acessórios,Sobral,Interior,Site,Cartão de Débito,2,223.94,0.0
PED05968,2025-03-15,Smartphone,Eletrônicos,Caucaia,Região Metropolitana,Site,PIX,1,1791.13,0.0
PED06920,2025-03-15,Cadeira Gamer,Móveis,Caucaia,Região Metropolitana,Loja Física,Cartão de Crédito,1,1895.81,0.0
PED01451,2025-03-16,Notebook,Eletrônicos,Sobral,Interior,Loja Física,Boleto,1,6184.06,0.0
PED07655,2025-03-16,Memória RAM,Informática,Fortaleza,Fortaleza,Marketplace,Boleto,1,278.78,0.0
PED00272,2025-03-16,Webcam,Acessórios,Fortaleza,Fortaleza,Loja Física,Boleto,1,319.83,0.0
PED05664,2025-03-16,Fone Bluetooth,Áudio,Fortaleza,Fortaleza,Marketplace,Cartão de Crédito,2,327.39,0.05
PED08888,2025-03-16,Monitor,Eletrônicos,Fortaleza,Fortaleza,Loja Física,Cartão de Crédito,4,1751.55,0.05
PED04751,2025-03-16,Monitor,Eletrônicos,Fortaleza,Fortaleza,Loja Física,Cartão de Crédito,1,1667.11,0.0
PED02513,2025-03-16,Fone Bluetooth,Áudio,Fortaleza,Fortaleza,Site,PIX,1,305.45,0.05
PED02319,2025-03-16,Caixa de Som,Áudio,Sobral,Interior,Site,Cartão de Débito,1,599.95,0.05
PED02032,2025-03-16,Caixa de Som,Áudio,Fortaleza,Fortaleza,Loja Física,Boleto,1,602.9,0.0
PED03191,2025-03-16,Fone Bluetooth,Áudio,Fortaleza,Fortaleza,Marketplace,PIX,3,220.48,0.15
PED00062,2025-03-16,Teclado,Acessórios,Fortaleza,Fortaleza,Site,Boleto,1,406.73,0.15
PED04286,2025-03-16,Caixa de Som,Áudio,Sobral,Interior,Marketplace,Cartão de Débito,1,254.04,0.0
PED09514,2025-03-16,Cadeira Gamer,Móveis,Fortaleza,Fortaleza,Site,PIX,1,1067.84,0.05
PED09000,2025-03-16,Impressora,Informática,Fortaleza,Fortaleza,Loja Física,Boleto,2,1142.12,0.0
PED09382,2025-03-16,Fone Bluetooth,Áudio,Fortaleza,Fortaleza,Site,PIX,1,498.3,0.0
PED01593,2025-03-17,Teclado,Acessórios,Sobral,Interior,Site,Boleto,1,355.95,0.0
PED06114,2025-03-17,Webcam,Acessórios,Fortaleza,Fortaleza,Loja Física,Boleto,3,143.26,0.0
PED07992,2025-03-17,Caixa de Som,Áudio,Sobral,Interior,Site,Cartão de Débito,2,531.12,0.05
PED08861,2025-03-17,Cadeira Gamer,Móveis,Maracanaú,Região Metropolitana,Marketplace,Boleto,2,1565.28,0.0
PED05366,2025-03-17,Monitor,Eletrônicos,Fortaleza,Fortaleza,Loja Física,Cartão de Crédito,1,713.41,0.0
PED00527,2025-03-17,Monitor,Eletrônicos,Fortaleza,Fortaleza,Loja Física,Cartão de Crédito,2,1642.77,0.0
PED05311,2025-03-17,Roteador,Informática,Maracanaú,Região Metropolitana,Marketplace,PIX,1,162.5,0.0
PED08779,2025-03-17,Fone Bluetooth,Áudio,Sobral,Interior,Site,PIX,4,328.67,0.0
PED03262,2025-03-17,Impressora,Informática,Fortaleza,Fortaleza,Marketplace,PIX,1,744.85,0.0
PED03586,2025-03-17,Memória RAM,Informática,Fortaleza,Fortaleza,Marketplace,PIX,2,253.85,0.0
PED02553,2025-03-17,Memória RAM,Informática,Caucaia,Região Metropolitana,Site,PIX,3,495.18,0.05
PED08097,2025-03-17,Smartphone,Eletrônicos,Juazeiro do Norte,Interior,Marketplace,PIX,1,2164.03,0.1
PED02431,2025-03-17,Roteador,Informática,Fortaleza,Fortaleza,Site,Cartão de Débito,2,326.37,0.1
PED09240,2025-03-17,Caixa de Som,Áudio,Fortaleza,Fortaleza,Marketplace,PIX,1,369.39,0.1
PED03346,2025-03-17,Caixa de Som,Áudio,Fortaleza,Fortaleza,Loja Física,PIX,1,785.63,0.05
PED02050,2025-03-17,Teclado,Acessórios,Juazeiro do Norte,Interior,Loja Física,PIX,1,198.86,0.05
PED07048,2025-03-17,Notebook,Eletrônicos,Sobral,Interior,Site,Boleto,2,6009.77,0.0
PED01252,2025-03-17,Webcam,Acessórios,Fortaleza,Fortaleza,Site,Cartão de Crédito,2,137.51,0.05
PED00221,2025-03-17,Cadeira Gamer,Móveis,Itapipoca,Interior,Loja Física,Cartão de Débito,1,1645.62,0.1
PED04438,2025-03-17,Roteador,Informática,Itapipoca,Interior,Site,Cartão de Crédito,1,597.81,0.05
PED05070,2025-03-17,Monitor,Eletrônicos,Juazeiro do Norte,Interior,Site,PIX,1,1107.12,0.0
PED02654,2025-03-17,Roteador,Informática,Maracanaú,Região Metropolitana,Loja Física,Cartão de Débito,2,392.68,0.05
PED07696,2025-03-17,Teclado,Acessórios,Fortaleza,Fortaleza,Loja Física,Cartão de Crédito,2,252.52,0.1
PED08699,2025-03-17,SSD 1TB,Informática,Fortaleza,Fortaleza,Loja Física,PIX,1,540.02,0.0
PED06883,2025-03-17,Teclado,Acessórios,Maracanaú,Região Metropolitana,Site,Cartão de Débito,2,350.1,0.0
PED06164,2025-03-18,Mouse,Acessórios,Itapipoca,Interior,Site,Cartão de Crédito,2,72.54,0.1
PED01325,2025-03-18,Smartphone,Eletrônicos,Maracanaú,Região Metropolitana,Marketplace,Boleto,2,3355.67,0.15
PED05093,2025-03-18,Webcam,Acessórios,Maracanaú,Região Metropolitana,Loja Física,Cartão de Débito,1,645.32,0.1
PED08196,2025-03-18,Smartphone,Eletrônicos,Fortaleza,Fortaleza,Marketplace,Cartão de Crédito,1,2017.11,0.1
PED06306,2025-03-18,Teclado,Acessórios,Fortaleza,Fortaleza,Site,Boleto,1,350.69,0.15
PED02357,2025-03-18,Monitor,Eletrônicos,Fortaleza,Fortaleza,Site,PIX,3,1663.95,0.0
PED01675,2025-03-18,SSD 1TB,Informática,Fortaleza,Fortaleza,Site,Cartão de Débito,2,357.24,0.0
PED03970,2025-03-18,Cadeira Gamer,Móveis,Fortaleza,Fortaleza,Marketplace,Boleto,1,1235.9,0.1
PED02170,2025-03-18,Roteador,Informática,Fortaleza,Fortaleza,Loja Física,Boleto,2,423.56,0.0
PED02120,2025-03-18,Smartphone,Eletrônicos,Sobral,Interior,Loja Física,Cartão de Crédito,2,3831.53,0.0
PED03772,2025-03-18,Mesa Escritório,Móveis,Caucaia,Região Metropolitana,Marketplace,Cartão de Débito,2,1475.54,0.0
PED08278,2025-03-18,Impressora,Informática,Juazeiro do Norte,Interior,Loja Física,Cartão de Crédito,1,1105.72,0.0
PED05701,2025-03-18,Mesa Escritório,Móveis,Maracanaú,Região Metropolitana,Loja Física,Boleto,1,1206.73,0.0
PED05597,2025-03-18,Mesa Escritório,Móveis,Fortaleza,Fortaleza,Loja Física,PIX,1,1135.9,0.1
PED06123,2025-03-18,Smartphone,Eletrônicos,Sobral,Interior,Loja Física,Cartão de Crédito,1,924.83,0.0
PED04052,2025-03-18,Headset,Acessórios,Sobral,Interior,Marketplace,Cartão de Crédito,3,377.16,0.0
PED06808,2025-03-18,Impressora,Informática,Fortaleza,Fortaleza,Marketplace,Cartão de Débito,1,609.17,0.0
PED03712,2025-03-18,Cadeira Gamer,Móveis,Maracanaú,Região Metropolitana,Site,PIX,1,2048.04,0.0
PED09243,2025-03-18,Memória RAM,Informática,Sobral,Interior,Loja Física,Cartão de Débito,1,489.08,0.0
PED08330,2025-03-18,Caixa de Som,Áudio,Caucaia,Região Metropolitana,Loja Física,Cartão de Débito,2,145.92,0.0
PED09972,2025-03-19,Caixa de Som,Áudio,Fortaleza,Fortaleza,Loja Física,PIX,1,486.15,0.15
PED04220,2025-03-19,Mesa Escritório,Móveis,Caucaia,Região Metropolitana,Marketplace,Boleto,1,1493.09,0.0
PED00173,2025-03-19,Teclado,Acessórios,Fortaleza,Fortaleza,Loja Física,Boleto,1,246.3,0.1
PED00884,2025-03-19,Webcam,Acessórios,Fortaleza,Fortaleza,Marketplace,Cartão de Crédito,1,286.67,0.15
PED04691,2025-03-19,Fone Bluetooth,Áudio,Fortaleza,Fortaleza,Marketplace,PIX,2,441.33,0.1
PED06385,2025-03-19,Caixa de Som,Áudio,Caucaia,Região Metropolitana,Marketplace,Boleto,2,798.73,0.0
PED07464,2025-03-19,Mesa Escritório,Móveis,Caucaia,Região Metropolitana,Site,Cartão de Débito,2,477.29,0.05
PED06218,2025-03-19,Mouse,Acessórios,Fortaleza,Fortaleza,Marketplace,PIX,1,143.43,0.0
PED04422,2025-03-19,Notebook,Eletrônicos,Caucaia,Região Metropolitana,Loja Física,Cartão de Crédito,1,3474.66,0.0
PED02931,2025-03-19,Monitor,Eletrônicos,Maracanaú,Região Metropolitana,Site,PIX,1,1178.73,0.0
PED00029,2025-03-19,SSD 1TB,Informática,Fortaleza,Fortaleza,Site,PIX,1,298.72,0.0
PED06762,2025-03-19,Monitor,Eletrônicos,Fortaleza,Fortaleza,Loja Física,Cartão de Crédito,1,1176.95,0.0
PED03202,2025-03-19,Impressora,Informática,Fortaleza,Fortaleza,Marketplace,Cartão de Crédito,1,653.0,0.1
PED02200,2025-03-19,Smartphone,Eletrônicos,Itapipoca,Interior,Marketplace,Cartão de Débito,2,1750.58,0.05
PED05274,2025-03-19,Impressora,Informática,Caucaia,Região Metropolitana,Site,PIX,2,1677.43,0.0
PED09016,2025-03-19,Memória RAM,Informática,Itapipoca,Interior,Site,PIX,1,363.26,0.0
PED00353,2025-03-19,Roteador,Informática,Maracanaú,Região Metropolitana,Marketplace,PIX,1,337.25,0.0
PED02922,2025-03-19,Cadeira Gamer,Móveis,Fortaleza,Fortaleza,Site,PIX,2,1292.14,0.05
PED07907,2025-03-19,Memória RAM,Informática,Caucaia,Região Metropolitana,Site,Cartão de Crédito,1,420.42,0.0
PED09532,2025-03-20,Mesa Escritório,Móveis,Fortaleza,Fortaleza,Loja Física,Cartão de Crédito,4,1502.42,0.15
PED08632,2025-03-20,Memória RAM,Informática,Juazeiro do Norte,Interior,Marketplace,Cartão de Crédito,3,216.58,0.05
PED00553,2025-03-20,Notebook,Eletrônicos,Caucaia,Região Metropolitana,Marketplace,Cartão de Débito,1,3898.01,0.0
PED07670,2025-03-20,Cadeira Gamer,Móveis,Juazeiro do Norte,Interior,Marketplace,Cartão de Débito,1,2022.09,0.05
PED07771,2025-03-20,Teclado,Acessórios,Maracanaú,Região Metropolitana,Site,Boleto,2,356.82,0.05
PED01446,2025-03-20,Fone Bluetooth,Áudio,Caucaia,Região Metropolitana,Site,Boleto,1,424.97,0.05
PED06944,2025-03-20,Webcam,Acessórios,Fortaleza,Fortaleza,Site,Cartão de Débito,1,143.73,0.1
PED02031,2025-03-20,SSD 1TB,Informática,Fortaleza,Fortaleza,Loja Física,Cartão de Crédito,3,365.58,0.0
PED03051,2025-03-20,Caixa de Som,Áudio,Fortaleza,Fortaleza,Marketplace,Cartão de Crédito,1,588.54,0.0
PED05628,2025-03-20,Memória RAM,Informática,Itapipoca,Interior,Marketplace,Cartão de Débito,1,215.41,0.0
PED03224,2025-03-21,Fone Bluetooth,Áudio,Sobral,Interior,Marketplace,Cartão de Débito,3,576.8,0.0
PED01548,2025-03-21,Memória RAM,Informática,Sobral,Interior,Marketplace,Cartão de Crédito,1,205.23,0.1
PED07115,2025-03-21,Roteador,Informática,Fortaleza,Fortaleza,Loja Física,Boleto,1,162.36,0.0
PED08165,2025-03-21,Smartphone,Eletrônicos,Fortaleza,Fortaleza,Loja Física,Boleto,1,3288.81,0.05
PED00750,2025-03-21,Roteador,Informática,Fortaleza,Fortaleza,Marketplace,Cartão de Débito,1,429.74,0.05
PED05560,2025-03-21,Impressora,Informática,Fortaleza,Fortaleza,Site,Cartão de Crédito,1,1766.34,0.0
PED09035,2025-03-21,Fone Bluetooth,Áudio,Fortaleza,Fortaleza,Site,Cartão de Crédito,1,434.62,0.0
PED00551,2025-03-21,Roteador,Informática,Fortaleza,Fortaleza,Marketplace,Cartão de Débito,2,325.58,0.0
PED02841,2025-03-21,Caixa de Som,Áudio,Sobral,Interior,Site,Cartão de Débito,1,717.48,0.0
PED05303,2025-03-21,Smartphone,Eletrônicos,Caucaia,Região Metropolitana,Loja Física,Cartão de Débito,1,4468.96,0.05
PED06147,2025-03-21,Headset,Acessórios,Juazeiro do Norte,Interior,Marketplace,Cartão de Débito,3,446.42,0.0
PED00651,2025-03-21,Smartphone,Eletrônicos,Maracanaú,Região Metropolitana,Marketplace,Cartão de Débito,1,3754.46,0.0
PED06929,2025-03-21,Fone Bluetooth,Áudio,Fortaleza,Fortaleza,Loja Física,Boleto,2,274.7,0.0
PED07502,2025-03-21,Webcam,Acessórios,Caucaia,Região Metropolitana,Loja Física,Boleto,1,285.78,0.0
PED03775,2025-03-21,Headset,Acessórios,Maracanaú,Região Metropolitana,Site,Cartão de Crédito,1,405.49,0.0
PED09817,2025-03-21,Smartphone,Eletrônicos,Maracanaú,Região Metropolitana,Site,Cartão de Débito,1,1620.23,0.15
PED04816,2025-03-21,Cadeira Gamer,Móveis,Maracanaú,Região Metropolitana,Site,Boleto,1,779.46,0.0
PED01437,2025-03-21,Headset,Acessórios,Fortaleza,Fortaleza,Loja Física,Cartão de Crédito,1,239.86,0.0
PED00006,2025-03-22,Cadeira Gamer,Móveis,Caucaia,Região Metropolitana,Marketplace,Cartão de Débito,1,1935.58,0.1
PED08516,2025-03-22,Webcam,Acessórios,Fortaleza,Fortaleza,Loja Física,Cartão de Crédito,2,243.57,0.0
PED06995,2025-03-22,Memória RAM,Informática,Fortaleza,Fortaleza,Marketplace,Cartão de Débito,1,485.43,0.0
PED04379,2025-03-22,Notebook,Eletrônicos,Fortaleza,Fortaleza,Loja Física,PIX,2,4419.1,0.05
PED03444,2025-03-22,Roteador,Informática,Juazeiro do Norte,Interior,Site,Cartão de Crédito,1,488.6,0.05
PED08103,2025-03-22,Caixa de Som,Áudio,Caucaia,Região Metropolitana,Site,Cartão de Crédito,1,764.05,0.0
PED01442,2025-03-22,Notebook,Eletrônicos,Maracanaú,Região Metropolitana,Loja Física,Cartão de Crédito,1,5065.83,0.1
PED01571,2025-03-22,Mouse,Acessórios,Caucaia,Região Metropolitana,Marketplace,Boleto,2,185.94,0.05
PED07225,2025-03-22,Caixa de Som,Áudio,Maracanaú,Região Metropolitana,Loja Física,Cartão de Débito,1,275.96,0.0
PED04677,2025-03-22,Caixa de Som,Áudio,Juazeiro do Norte,Interior,Loja Física,PIX,1,660.68,0.0
PED07571,2025-03-22,Roteador,Informática,Fortaleza,Fortaleza,Loja Física,Cartão de Débito,1,576.98,0.0
PED05452,2025-03-23,Cadeira Gamer,Móveis,Fortaleza,Fortaleza,Site,Cartão de Crédito,1,1911.73,0.1
PED02130,2025-03-23,Fone Bluetooth,Áudio,Juazeiro do Norte,Interior,Site,PIX,1,196.8,0.0
PED05456,2025-03-23,Fone Bluetooth,Áudio,Maracanaú,Região Metropolitana,Loja Física,Boleto,1,332.19,0.0
PED05977,2025-03-23,Mesa Escritório,Móveis,Caucaia,Região Metropolitana,Marketplace,Cartão de Crédito,1,1402.56,0.05
PED04354,2025-03-23,Impressora,Informática,Caucaia,Região Metropolitana,Site,Cartão de Débito,1,1289.69,0.0
PED09736,2025-03-23,Teclado,Acessórios,Fortaleza,Fortaleza,Loja Física,PIX,1,87.54,0.1
PED05719,2025-03-23,SSD 1TB,Informática,Sobral,Interior,Marketplace,Cartão de Débito,1,506.08,0.05
PED09840,2025-03-23,SSD 1TB,Informática,Fortaleza,Fortaleza,Site,Cartão de Crédito,1,605.69,0.0
PED07100,2025-03-23,Monitor,Eletrônicos,Fortaleza,Fortaleza,Loja Física,Cartão de Débito,1,1840.81,0.0
PED08535,2025-03-23,Fone Bluetooth,Áudio,Caucaia,Região Metropolitana,Marketplace,Boleto,1,362.38,0.1
PED03787,2025-03-23,Mouse,Acessórios,Maracanaú,Região Metropolitana,Site,Boleto,1,165.01,0.0
PED02664,2025-03-23,Notebook,Eletrônicos,Itapipoca,Interior,Loja Física,Cartão de Crédito,1,6363.14,0.05
PED08775,2025-03-23,Webcam,Acessórios,Fortaleza,Fortaleza,Site,Boleto,2,569.83,0.0
PED03515,2025-03-23,Teclado,Acessórios,Fortaleza,Fortaleza,Loja Física,Boleto,2,278.72,0.0
PED08635,2025-03-23,Notebook,Eletrônicos,Itapipoca,Interior,Loja Física,Boleto,2,3585.27,0.0
PED08337,2025-03-23,Teclado,Acessórios,Caucaia,Região Metropolitana,Loja Física,Cartão de Crédito,1,427.52,0.0
PED08995,2025-03-23,Roteador,Informática,Maracanaú,Região Metropolitana,Loja Física,Cartão de Débito,3,220.25,0.0
PED07090,2025-03-23,Impressora,Informática,Maracanaú,Região Metropolitana,Loja Física,Cartão de Crédito,1,597.58,0.0
PED06746,2025-03-24,Cadeira Gamer,Móveis,Juazeiro do Norte,Interior,Loja Física,Cartão de Crédito,2,1074.48,0.0
PED02760,2025-03-24,Caixa de Som,Áudio,Fortaleza,Fortaleza,Marketplace,Cartão de Crédito,1,504.73,0.0
PED01120,2025-03-24,Impressora,Informática,Itapipoca,Interior,Marketplace,Cartão de Crédito,1,1645.01,0.05
PED05754,2025-03-24,Headset,Acessórios,Fortaleza,Fortaleza,Loja Física,Cartão de Débito,1,431.78,0.1
PED05559,2025-03-24,Fone Bluetooth,Áudio,Sobral,Interior,Site,Cartão de Débito,1,357.37,0.0
PED01368,2025-03-24,Cadeira Gamer,Móveis,Fortaleza,Fortaleza,Site,Cartão de Crédito,4,699.81,0.0
PED03852,2025-03-24,Monitor,Eletrônicos,Fortaleza,Fortaleza,Loja Física,PIX,1,753.96,0.0
PED03259,2025-03-24,Headset,Acessórios,Fortaleza,Fortaleza,Marketplace,Boleto,1,538.06,0.1
PED09644,2025-03-24,Roteador,Informática,Juazeiro do Norte,Interior,Marketplace,Cartão de Crédito,1,528.42,0.05
PED04519,2025-03-24,Smartphone,Eletrônicos,Itapipoca,Interior,Marketplace,Cartão de Crédito,2,2047.49,0.05
PED04783,2025-03-24,Impressora,Informática,Maracanaú,Região Metropolitana,Loja Física,PIX,1,1271.94,0.0
PED02869,2025-03-24,Caixa de Som,Áudio,Sobral,Interior,Marketplace,Boleto,2,218.14,0.05
PED08755,2025-03-24,Roteador,Informática,Maracanaú,Região Metropolitana,Loja Física,PIX,1,216.63,0.1
PED02914,2025-03-24,Roteador,Informática,Maracanaú,Região Metropolitana,Marketplace,Cartão de Crédito,2,375.84,0.0
PED08332,2025-03-24,Smartphone,Eletrônicos,Fortaleza,Fortaleza,Marketplace,Cartão de Crédito,2,3745.47,0.0
PED00906,2025-03-24,Mesa Escritório,Móveis,Maracanaú,Região Metropolitana,Site,Boleto,2,1297.48,0.0
PED04127,2025-03-25,Fone Bluetooth,Áudio,Caucaia,Região Metropolitana,Loja Física,Cartão de Crédito,1,114.4,0.05
PED05316,2025-03-25,Teclado,Acessórios,Fortaleza,Fortaleza,Marketplace,Cartão de Débito,1,290.39,0.0
PED09008,2025-03-25,Teclado,Acessórios,Fortaleza,Fortaleza,Site,Cartão de Débito,1,120.29,0.05
PED09667,2025-03-25,Caixa de Som,Áudio,Fortaleza,Fortaleza,Loja Física,PIX,1,761.93,0.0
PED08294,2025-03-25,Caixa de Som,Áudio,Sobral,Interior,Loja Física,Cartão de Crédito,3,167.38,0.0
PED04410,2025-03-25,SSD 1TB,Informática,Fortaleza,Fortaleza,Marketplace,Cartão de Débito,1,409.34,0.0
PED05196,2025-03-25,SSD 1TB,Informática,Fortaleza,Fortaleza,Marketplace,Boleto,3,402.88,0.0
PED05638,2025-03-25,Notebook,Eletrônicos,Itapipoca,Interior,Loja Física,Cartão de Crédito,1,4494.3,0.15
PED03682,2025-03-25,Caixa de Som,Áudio,Maracanaú,Região Metropolitana,Site,PIX,1,234.57,0.1
PED05355,2025-03-25,Monitor,Eletrônicos,Sobral,Interior,Loja Física,Cartão de Débito,3,1137.72,0.0
PED02055,2025-03-25,Cadeira Gamer,Móveis,Fortaleza,Fortaleza,Loja Física,Cartão de Crédito,1,1395.21,0.1
PED02936,2025-03-25,Memória RAM,Informática,Itapipoca,Interior,Loja Física,PIX,2,444.31,0.1
PED07389,2025-03-25,Notebook,Eletrônicos,Fortaleza,Fortaleza,Marketplace,Boleto,2,5880.41,0.0
PED06525,2025-03-25,Teclado,Acessórios,Caucaia,Região Metropolitana,Marketplace,Cartão de Débito,1,395.53,0.0
PED07403,2025-03-25,SSD 1TB,Informática,Maracanaú,Região Metropolitana,Site,Cartão de Crédito,1,611.4,0.0
PED04289,2025-03-25,Smartphone,Eletrônicos,Fortaleza,Fortaleza,Loja Física,PIX,1,2103.52,0.0
PED07239,2025-03-25,Teclado,Acessórios,Maracanaú,Região Metropolitana,Loja Física,PIX,2,347.31,0.0
PED02655,2025-03-25,Teclado,Acessórios,Maracanaú,Região Metropolitana,Site,PIX,3,421.97,0.0
PED01824,2025-03-25,Teclado,Acessórios,Fortaleza,Fortaleza,Site,Cartão de Débito,1,355.32,0.0
PED04404,2025-03-26,Smartphone,Eletrônicos,Sobral,Interior,Marketplace,PIX,1,2957.94,0.0
PED08347,2025-03-26,Caixa de Som,Áudio,Fortaleza,Fortaleza,Marketplace,Boleto,1,675.35,0.05
PED04337,2025-03-26,Mesa Escritório,Móveis,Fortaleza,Fortaleza,Site,Boleto,4,1305.84,0.0
PED02771,2025-03-26,Fone Bluetooth,Áudio,Fortaleza,Fortaleza,Marketplace,Cartão de Crédito,1,220.87,0.05
PED09261,2025-03-26,Webcam,Acessórios,Fortaleza,Fortaleza,Site,Boleto,1,256.15,0.05
PED05725,2025-03-26,Caixa de Som,Áudio,Juazeiro do Norte,Interior,Marketplace,Cartão de Crédito,1,671.17,0.05
PED01959,2025-03-26,Fone Bluetooth,Áudio,Fortaleza,Fortaleza,Loja Física,PIX,1,548.21,0.15
PED02712,2025-03-26,Headset,Acessórios,Fortaleza,Fortaleza,Loja Física,PIX,3,358.34,0.0
PED09979,2025-03-26,Webcam,Acessórios,Fortaleza,Fortaleza,Marketplace,Boleto,1,309.02,0.05
PED03750,2025-03-26,Fone Bluetooth,Áudio,Itapipoca,Interior,Site,Cartão de Crédito,2,571.94,0.1
PED00208,2025-03-26,SSD 1TB,Informática,Fortaleza,Fortaleza,Marketplace,Boleto,2,309.2,0.0
PED03677,2025-03-26,Mesa Escritório,Móveis,Caucaia,Região Metropolitana,Loja Física,Boleto,1,866.4,0.05
PED03653,2025-03-26,Impressora,Informática,Fortaleza,Fortaleza,Loja Física,Boleto,2,1537.15,0.1
PED04051,2025-03-26,Impressora,Informática,Fortaleza,Fortaleza,Site,PIX,1,925.45,0.0
PED09605,2025-03-26,Mouse,Acessórios,Fortaleza,Fortaleza,Loja Física,Boleto,1,43.78,0.15
PED04257,2025-03-26,Impressora,Informática,Fortaleza,Fortaleza,Site,Cartão de Débito,2,824.83,0.05
PED09502,2025-03-26,Roteador,Informática,Caucaia,Região Metropolitana,Loja Física,Cartão de Crédito,3,505.03,0.0
PED01669,2025-03-26,Headset,Acessórios,Fortaleza,Fortaleza,Marketplace,Cartão de Crédito,1,272.88,0.15
PED09421,2025-03-26,Caixa de Som,Áudio,Sobral,Interior,Marketplace,Cartão de Crédito,3,714.2,0.0
PED05404,2025-03-27,Webcam,Acessórios,Caucaia,Região Metropolitana,Loja Física,PIX,1,524.07,0.0
PED02572,2025-03-27,Caixa de Som,Áudio,Sobral,Interior,Loja Física,Cartão de Crédito,2,166.05,0.0
PED09801,2025-03-27,Caixa de Som,Áudio,Itapipoca,Interior,Site,PIX,3,199.57,0.1
PED09906,2025-03-27,Mouse,Acessórios,Fortaleza,Fortaleza,Site,Cartão de Crédito,2,248.06,0.0
PED00607,2025-03-27,SSD 1TB,Informática,Caucaia,Região Metropolitana,Loja Física,Cartão de Débito,1,508.7,0.0
PED03668,2025-03-27,Mouse,Acessórios,Maracanaú,Região Metropolitana,Site,PIX,1,123.95,0.0
PED07719,2025-03-27,Teclado,Acessórios,Caucaia,Região Metropolitana,Marketplace,Cartão de Crédito,2,200.59,0.1
PED04770,2025-03-27,Notebook,Eletrônicos,Fortaleza,Fortaleza,Site,Cartão de Débito,1,3888.76,0.05
PED02260,2025-03-27,Fone Bluetooth,Áudio,Juazeiro do Norte,Interior,Loja Física,Cartão de Débito,1,470.08,0.15
PED04483,2025-03-27,Teclado,Acessórios,Maracanaú,Região Metropolitana,Site,Cartão de Crédito,1,323.24,0.1
PED05881,2025-03-27,Mouse,Acessórios,Sobral,Interior,Site,Cartão de Crédito,1,269.9,0.15
PED08636,2025-03-27,Memória RAM,Informática,Fortaleza,Fortaleza,Marketplace,PIX,2,484.84,0.05
PED05930,2025-03-27,Mesa Escritório,Móveis,Itapipoca,Interior,Loja Física,Cartão de Crédito,1,1303.63,0.0
PED07014,2025-03-27,Headset,Acessórios,Caucaia,Região Metropolitana,Loja Física,Cartão de Crédito,2,107.93,0.0
PED05468,2025-03-27,Caixa de Som,Áudio,Maracanaú,Região Metropolitana,Loja Física,PIX,2,562.37,0.05
PED08749,2025-03-27,Mesa Escritório,Móveis,Fortaleza,Fortaleza,Loja Física,Cartão de Crédito,2,957.28,0.05
PED02565,2025-03-27,Notebook,Eletrônicos,Caucaia,Região Metropolitana,Loja Física,Cartão de Crédito,3,3291.66,0.0
PED01455,2025-03-27,Cadeira Gamer,Móveis,Itapipoca,Interior,Loja Física,PIX,3,1570.01,0.15
PED07787,2025-03-27,Monitor,Eletrônicos,Itapipoca,Interior,Marketplace,Boleto,1,1057.19,0.0
PED00895,2025-03-27,Notebook,Eletrônicos,Juazeiro do Norte,Interior,Site,Cartão de Débito,1,6061.67,0.0
PED06701,2025-03-27,Smartphone,Eletrônicos,Caucaia,Região Metropolitana,Marketplace,Boleto,1,4143.13,0.0
PED02267,2025-03-28,Smartphone,Eletrônicos,Fortaleza,Fortaleza,Loja Física,Boleto,1,3327.63,0.1
PED04667,2025-03-28,Mouse,Acessórios,Fortaleza,Fortaleza,Loja Física,Boleto,1,218.26,0.1
PED08042,2025-03-28,Notebook,Eletrônicos,Caucaia,Região Metropolitana,Marketplace,Cartão de Débito,1,4728.64,0.15
PED03029,2025-03-28,Notebook,Eletrônicos,Sobral,Interior,Site,Cartão de Débito,1,5477.14,0.1
PED06606,2025-03-28,Roteador,Informática,Fortaleza,Fortaleza,Loja Física,PIX,1,586.57,0.1
PED09577,2025-03-28,SSD 1TB,Informática,Fortaleza,Fortaleza,Site,Cartão de Crédito,2,334.96,0.0
PED08422,2025-03-28,Headset,Acessórios,Fortaleza,Fortaleza,Site,PIX,1,114.11,0.05
PED00162,2025-03-28,SSD 1TB,Informática,Fortaleza,Fortaleza,Loja Física,Cartão de Crédito,1,338.24,0.05
PED05281,2025-03-28,Teclado,Acessórios,Fortaleza,Fortaleza,Loja Física,Boleto,1,364.46,0.0
PED08704,2025-03-28,Cadeira Gamer,Móveis,Fortaleza,Fortaleza,Marketplace,PIX,2,983.81,0.0
PED09349,2025-03-28,Roteador,Informática,Juazeiro do Norte,Interior,Marketplace,Cartão de Débito,1,205.37,0.1
PED02953,2025-03-28,Teclado,Acessórios,Maracanaú,Região Metropolitana,Loja Física,Cartão de Crédito,2,222.93,0.15
PED00778,2025-03-28,Webcam,Acessórios,Juazeiro do Norte,Interior,Marketplace,Boleto,1,546.49,0.0
PED00178,2025-03-28,Notebook,Eletrônicos,Caucaia,Região Metropolitana,Marketplace,Cartão de Crédito,2,3329.17,0.1
PED01240,2025-03-28,Mouse,Acessórios,Fortaleza,Fortaleza,Loja Física,Cartão de Crédito,1,86.3,0.0
PED02317,2025-03-28,Memória RAM,Informática,Maracanaú,Região Metropolitana,Site,Boleto,2,510.47,0.15
PED01057,2025-03-28,Fone Bluetooth,Áudio,Sobral,Interior,Site,Boleto,1,375.73,0.0
PED05836,2025-03-28,Webcam,Acessórios,Maracanaú,Região Metropolitana,Site,Cartão de Crédito,2,253.48,0.0
PED06448,2025-03-28,Webcam,Acessórios,Caucaia,Região Metropolitana,Marketplace,PIX,1,435.54,0.0
PED09170,2025-03-28,Fone Bluetooth,Áudio,Fortaleza,Fortaleza,Loja Física,PIX,1,466.81,0.05
PED02526,2025-03-28,Teclado,Acessórios,Fortaleza,Fortaleza,Loja Física,Cartão de Crédito,1,425.13,0.0
PED01000,2025-03-28,Teclado,Acessórios,Sobral,Interior,Marketplace,Cartão de Débito,2,222.68,0.05
PED03291,2025-03-29,Cadeira Gamer,Móveis,Caucaia,Região Metropolitana,Marketplace,Cartão de Crédito,1,1240.85,0.05
PED00534,2025-03-29,Notebook,Eletrônicos,Maracanaú,Região Metropolitana,Site,Cartão de Crédito,1,5669.38,0.0
PED00199,2025-03-29,Notebook,Eletrônicos,Maracanaú,Região Metropolitana,Marketplace,Cartão de Débito,1,3423.34,0.0
PED09418,2025-03-29,Roteador,Informática,Sobral,Interior,Site,Cartão de Crédito,3,573.27,0.0
PED05808,2025-03-29,Mouse,Acessórios,Sobral,Interior,Site,Boleto,1,247.94,0.1
PED07068,2025-03-29,Webcam,Acessórios,Sobral,Interior,Loja Física,PIX,2,289.98,0.0
PED05818,2025-03-29,SSD 1TB,Informática,Itapipoca,Interior,Marketplace,Cartão de Débito,2,410.81,0.0
PED00155,2025-03-29,Monitor,Eletrônicos,Itapipoca,Interior,Loja Física,Boleto,1,770.71,0.0
PED02231,2025-03-29,Monitor,Eletrônicos,Maracanaú,Região Metropolitana,Site,Boleto,1,1727.46,0.05
PED09436,2025-03-29,Headset,Acessórios,Fortaleza,Fortaleza,Site,Cartão de Débito,1,244.9,0.0
PED09927,2025-03-29,Notebook,Eletrônicos,Fortaleza,Fortaleza,Loja Física,Boleto,1,3531.03,0.05
PED04073,2025-03-29,Cadeira Gamer,Móveis,Sobral,Interior,Loja Física,Cartão de Crédito,4,1720.71,0.1
PED00326,2025-03-29,Headset,Acessórios,Itapipoca,Interior,Loja Física,Cartão de Crédito,2,392.5,0.05
PED04240,2025-03-29,Monitor,Eletrônicos,Itapipoca,Interior,Loja Física,Cartão de Débito,2,1795.52,0.0
PED00866,2025-03-29,Impressora,Informática,Caucaia,Região Metropolitana,Loja Física,Cartão de Crédito,1,1043.51,0.0
PED02344,2025-03-30,Notebook,Eletrônicos,Juazeiro do Norte,Interior,Marketplace,PIX,1,5523.46,0.0
PED06699,2025-03-30,Headset,Acessórios,Itapipoca,Interior,Site,Cartão de Crédito,1,405.62,0.0
PED06745,2025-03-30,Memória RAM,Informática,Itapipoca,Interior,Site,Cartão de Débito,1,543.82,0.0
PED06668,2025-03-30,Mouse,Acessórios,Sobral,Interior,Site,Boleto,1,190.58,0.0
PED07973,2025-03-30,Teclado,Acessórios,Sobral,Interior,Site,Cartão de Crédito,1,312.18,0.1
PED03081,2025-03-30,Webcam,Acessórios,Caucaia,Região Metropolitana,Site,PIX,2,689.4,0.0
PED03195,2025-03-30,Headset,Acessórios,Sobral,Interior,Site,PIX,1,183.51,0.05
PED03836,2025-03-30,Notebook,Eletrônicos,Fortaleza,Fortaleza,Site,Cartão de Débito,1,6002.39,0.0
PED08252,2025-03-30,SSD 1TB,Informática,Fortaleza,Fortaleza,Marketplace,Cartão de Débito,1,528.46,0.0
PED02370,2025-03-30,Notebook,Eletrônicos,Juazeiro do Norte,Interior,Marketplace,Cartão de Débito,1,5053.86,0.05
PED06850,2025-03-30,Teclado,Acessórios,Itapipoca,Interior,Marketplace,PIX,1,296.98,0.0
PED05261,2025-03-30,Teclado,Acessórios,Fortaleza,Fortaleza,Marketplace,Cartão de Crédito,1,124.48,0.0
PED06932,2025-03-30,Memória RAM,Informática,Caucaia,Região Metropolitana,Site,Cartão de Crédito,2,164.19,0.0
PED01990,2025-03-30,Memória RAM,Informática,Juazeiro do Norte,Interior,Loja Física,Cartão de Crédito,2,208.33,0.1
PED00220,2025-03-30,Roteador,Informática,Fortaleza,Fortaleza,Loja Física,Cartão de Débito,2,335.19,0.05
PED04234,2025-03-30,Headset,Acessórios,Sobral,Interior,Marketplace,Cartão de Crédito,1,238.25,0.0
PED00952,2025-03-30,Webcam,Acessórios,Sobral,Interior,Site,Boleto,2,205.94,0.0
PED09321,2025-03-30,Memória RAM,Informática,Maracanaú,Região Metropolitana,Site,Cartão de Crédito,2,306.93,0.05
PED00084,2025-03-30,Cadeira Gamer,Móveis,Maracanaú,Região Metropolitana,Site,Boleto,1,1027.99,0.0
PED06513,2025-03-31,Memória RAM,Informática,Fortaleza,Fortaleza,Loja Física,Cartão de Crédito,2,243.46,0.05
PED02998,2025-03-31,Headset,Acessórios,Fortaleza,Fortaleza,Marketplace,Boleto,2,212.35,0.1
PED01184,2025-03-31,Cadeira Gamer,Móveis,Sobral,Interior,Site,Boleto,2,1844.4,0.0
PED04417,2025-03-31,Teclado,Acessórios,Fortaleza,Fortaleza,Loja Física,Boleto,1,231.49,0.0
PED03854,2025-03-31,Mesa Escritório,Móveis,Itapipoca,Interior,Loja Física,PIX,1,503.91,0.0
PED07058,2025-03-31,SSD 1TB,Informática,Caucaia,Região Metropolitana,Marketplace,Cartão de Crédito,1,382.5,0.0
PED06678,2025-03-31,Roteador,Informática,Fortaleza,Fortaleza,Site,Boleto,1,492.98,0.1
PED09413,2025-03-31,Webcam,Acessórios,Fortaleza,Fortaleza,Loja Física,Cartão de Crédito,3,368.94,0.05
PED08020,2025-03-31,Smartphone,Eletrônicos,Maracanaú,Região Metropolitana,Site,Boleto,1,4494.01,0.05
PED07953,2025-03-31,Teclado,Acessórios,Fortaleza,Fortaleza,Marketplace,Cartão de Débito,1,292.57,0.15
PED01270,2025-03-31,Caixa de Som,Áudio,Fortaleza,Fortaleza,Site,PIX,2,418.37,0.1
PED04323,2025-03-31,Teclado,Acessórios,Juazeiro do Norte,Interior,Site,Cartão de Débito,2,151.69,0.0
PED01295,2025-03-31,Cadeira Gamer,Móveis,Maracanaú,Região Metropolitana,Loja Física,PIX,3,1656.92,0.1
PED07201,2025-03-31,Headset,Acessórios,Sobral,Interior,Site,Cartão de Débito,1,196.26,0.15
PED07198,2025-03-31,Webcam,Acessórios,Sobral,Interior,Site,Boleto,2,355.58,0.05
PED01785,2025-03-31,Headset,Acessórios,Fortaleza,Fortaleza,Loja Física,PIX,1,422.63,0.0
PED04765,2025-04-01,Headset,Acessórios,Fortaleza,Fortaleza,Loja Física,PIX,2,135.41,0.1
PED02754,2025-04-01,Mouse,Acessórios,Fortaleza,Fortaleza,Site,Cartão de Crédito,3,41.78,0.0
PED03543,2025-04-01,Monitor,Eletrônicos,Fortaleza,Fortaleza,Marketplace,Boleto,1,1120.12,0.0
PED04280,2025-04-01,Notebook,Eletrônicos,Sobral,Interior,Site,PIX,2,4212.87,0.0
PED02270,2025-04-01,Roteador,Informática,Fortaleza,Fortaleza,Marketplace,Boleto,2,209.5,0.0
PED03521,2025-04-01,Monitor,Eletrônicos,Fortaleza,Fortaleza,Site,PIX,1,1210.62,0.05
PED06232,2025-04-01,Cadeira Gamer,Móveis,Itapipoca,Interior,Loja Física,PIX,3,898.77,0.1
PED00420,2025-04-01,Smartphone,Eletrônicos,Fortaleza,Fortaleza,Marketplace,Cartão de Débito,4,2507.87,0.0
PED03583,2025-04-01,Monitor,Eletrônicos,Sobral,Interior,Loja Física,Cartão de Crédito,1,1345.02,0.05
PED05803,2025-04-01,Smartphone,Eletrônicos,Fortaleza,Fortaleza,Site,Boleto,2,2833.3,0.0
PED05948,2025-04-01,Mesa Escritório,Móveis,Itapipoca,Interior,Site,Boleto,2,489.11,0.05
PED04676,2025-04-02,Mesa Escritório,Móveis,Sobral,Interior,Marketplace,Cartão de Crédito,1,1599.8,0.0
PED04293,2025-04-02,Impressora,Informática,Juazeiro do Norte,Interior,Site,Boleto,2,830.21,0.05
PED09858,2025-04-02,Headset,Acessórios,Caucaia,Região Metropolitana,Site,Cartão de Crédito,1,513.96,0.0
PED00739,2025-04-02,Fone Bluetooth,Áudio,Caucaia,Região Metropolitana,Marketplace,PIX,4,428.55,0.0
PED08374,2025-04-02,Mesa Escritório,Móveis,Fortaleza,Fortaleza,Site,Cartão de Crédito,3,1571.39,0.0
PED08282,2025-04-02,Caixa de Som,Áudio,Itapipoca,Interior,Marketplace,PIX,1,493.99,0.0
PED01139,2025-04-02,SSD 1TB,Informática,Maracanaú,Região Metropolitana,Loja Física,Boleto,1,647.54,0.0
PED01122,2025-04-02,Cadeira Gamer,Móveis,Caucaia,Região Metropolitana,Loja Física,Cartão de Débito,2,1912.05,0.05
PED02218,2025-04-02,Mesa Escritório,Móveis,Maracanaú,Região Metropolitana,Loja Física,PIX,1,889.97,0.05
PED04459,2025-04-02,Smartphone,Eletrônicos,Fortaleza,Fortaleza,Marketplace,Boleto,2,4363.79,0.0
PED01695,2025-04-02,Mesa Escritório,Móveis,Fortaleza,Fortaleza,Site,Cartão de Débito,2,1158.86,0.1
PED02532,2025-04-02,Roteador,Informática,Juazeiro do Norte,Interior,Marketplace,Boleto,1,352.79,0.1
PED08027,2025-04-02,Fone Bluetooth,Áudio,Fortaleza,Fortaleza,Marketplace,Cartão de Débito,1,86.81,0.05
PED02505,2025-04-02,Mouse,Acessórios,Maracanaú,Região Metropolitana,Site,Cartão de Crédito,1,140.27,0.1
PED08078,2025-04-02,SSD 1TB,Informática,Itapipoca,Interior,Loja Física,PIX,1,465.47,0.0
PED00923,2025-04-02,Memória RAM,Informática,Caucaia,Região Metropolitana,Site,Boleto,1,206.72,0.0
PED03339,2025-04-02,Cadeira Gamer,Móveis,Itapipoca,Interior,Loja Física,PIX,3,1769.69,0.1
PED08121,2025-04-02,Notebook,Eletrônicos,Fortaleza,Fortaleza,Loja Física,PIX,2,3465.58,0.05
PED00314,2025-04-02,SSD 1TB,Informática,Maracanaú,Região Metropolitana,Site,PIX,1,500.86,0.0
PED02495,2025-04-02,Caixa de Som,Áudio,Maracanaú,Região Metropolitana,Loja Física,Cartão de Débito,1,151.3,0.05
PED09380,2025-04-02,SSD 1TB,Informática,Fortaleza,Fortaleza,Marketplace,PIX,1,546.45,0.0
PED00936,2025-04-02,Mouse,Acessórios,Fortaleza,Fortaleza,Loja Física,Cartão de Crédito,3,82.36,0.1
PED04911,2025-04-02,Mouse,Acessórios,Maracanaú,Região Metropolitana,Loja Física,Boleto,1,228.73,0.0
PED01160,2025-04-02,Monitor,Eletrônicos,Maracanaú,Região Metropolitana,Site,Boleto,1,994.02,0.05
PED02052,2025-04-02,Caixa de Som,Áudio,Fortaleza,Fortaleza,Marketplace,Cartão de Crédito,2,537.39,0.0
PED07917,2025-04-03,Mesa Escritório,Móveis,Caucaia,Região Metropolitana,Site,Cartão de Débito,3,1345.39,0.0
PED09528,2025-04-03,Headset,Acessórios,Juazeiro do Norte,Interior,Site,Boleto,4,200.75,0.05
PED03706,2025-04-03,Fone Bluetooth,Áudio,Fortaleza,Fortaleza,Loja Física,Cartão de Débito,2,218.19,0.05
PED07517,2025-04-03,Teclado,Acessórios,Juazeiro do Norte,Interior,Site,PIX,2,263.09,0.0
PED03558,2025-04-03,Memória RAM,Informática,Fortaleza,Fortaleza,Loja Física,Cartão de Débito,1,439.49,0.0
PED00896,2025-04-03,Fone Bluetooth,Áudio,Juazeiro do Norte,Interior,Site,Cartão de Crédito,3,214.54,0.05
PED09248,2025-04-03,Roteador,Informática,Caucaia,Região Metropolitana,Loja Física,Boleto,1,507.96,0.1
PED09917,2025-04-03,Memória RAM,Informática,Fortaleza,Fortaleza,Loja Física,PIX,2,177.42,0.0
PED00176,2025-04-03,SSD 1TB,Informática,Fortaleza,Fortaleza,Marketplace,Boleto,1,451.2,0.0
PED02729,2025-04-03,Roteador,Informática,Fortaleza,Fortaleza,Loja Física,Cartão de Débito,1,212.41,0.0
PED07227,2025-04-03,Roteador,Informática,Fortaleza,Fortaleza,Site,Boleto,1,297.36,0.0
PED03012,2025-04-03,Teclado,Acessórios,Itapipoca,Interior,Site,Boleto,1,377.41,0.0
PED04201,2025-04-03,Smartphone,Eletrônicos,Juazeiro do Norte,Interior,Marketplace,Cartão de Débito,1,3087.31,0.0
PED05325,2025-04-03,Notebook,Eletrônicos,Fortaleza,Fortaleza,Site,Boleto,1,6113.68,0.0
PED02741,2025-04-04,Cadeira Gamer,Móveis,Fortaleza,Fortaleza,Marketplace,Cartão de Crédito,1,2077.01,0.1
PED04180,2025-04-04,Memória RAM,Informática,Fortaleza,Fortaleza,Site,Boleto,1,467.98,0.15
PED06067,2025-04-04,Teclado,Acessórios,Fortaleza,Fortaleza,Site,Cartão de Crédito,1,386.68,0.05
PED09944,2025-04-04,Webcam,Acessórios,Fortaleza,Fortaleza,Marketplace,Cartão de Crédito,2,698.17,0.0
PED02492,2025-04-04,Fone Bluetooth,Áudio,Itapipoca,Interior,Marketplace,Boleto,1,417.68,0.0
PED04374,2025-04-04,Mesa Escritório,Móveis,Maracanaú,Região Metropolitana,Loja Física,Boleto,2,1323.0,0.0
PED04811,2025-04-04,Cadeira Gamer,Móveis,Fortaleza,Fortaleza,Loja Física,Cartão de Débito,1,1276.98,0.05
PED00192,2025-04-04,Mouse,Acessórios,Caucaia,Região Metropolitana,Loja Física,Boleto,1,270.0,0.1
PED00161,2025-04-04,Webcam,Acessórios,Fortaleza,Fortaleza,Marketplace,Cartão de Crédito,2,338.19,0.15
PED09095,2025-04-04,Smartphone,Eletrônicos,Fortaleza,Fortaleza,Marketplace,Cartão de Crédito,2,1334.71,0.0
PED08965,2025-04-04,SSD 1TB,Informática,Juazeiro do Norte,Interior,Marketplace,Cartão de Débito,2,303.91,0.05
PED06487,2025-04-04,Mouse,Acessórios,Caucaia,Região Metropolitana,Site,PIX,1,74.2,0.1
PED09989,2025-04-04,Notebook,Eletrônicos,Fortaleza,Fortaleza,Marketplace,Boleto,1,6430.18,0.05
PED03768,2025-04-04,Caixa de Som,Áudio,Fortaleza,Fortaleza,Loja Física,Cartão de Débito,1,732.39,0.0
PED01078,2025-04-04,Fone Bluetooth,Áudio,Caucaia,Região Metropolitana,Site,Boleto,1,277.67,0.0
PED08976,2025-04-04,Headset,Acessórios,Itapipoca,Interior,Loja Física,Boleto,3,132.81,0.05
PED03691,2025-04-05,SSD 1TB,Informática,Itapipoca,Interior,Site,Boleto,1,287.23,0.0
PED00885,2025-04-05,Notebook,Eletrônicos,Fortaleza,Fortaleza,Marketplace,PIX,1,5153.15,0.1
PED03814,2025-04-05,Webcam,Acessórios,Fortaleza,Fortaleza,Marketplace,PIX,1,601.88,0.0
PED03162,2025-04-05,SSD 1TB,Informática,Sobral,Interior,Site,Cartão de Crédito,1,648.99,0.1
PED07045,2025-04-05,Smartphone,Eletrônicos,Caucaia,Região Metropolitana,Loja Física,Cartão de Crédito,1,3473.1,0.0
PED04055,2025-04-05,Smartphone,Eletrônicos,Sobral,Interior,Site,Cartão de Débito,1,2669.13,0.05
PED08990,2025-04-05,Teclado,Acessórios,Fortaleza,Fortaleza,Site,PIX,4,322.32,0.1
PED05075,2025-04-05,Webcam,Acessórios,Caucaia,Região Metropolitana,Loja Física,Cartão de Crédito,3,319.33,0.0
PED01866,2025-04-05,SSD 1TB,Informática,Itapipoca,Interior,Loja Física,Cartão de Crédito,1,547.98,0.0
PED02730,2025-04-05,Mesa Escritório,Móveis,Fortaleza,Fortaleza,Site,Cartão de Crédito,1,1393.46,0.1
PED00520,2025-04-05,Mesa Escritório,Móveis,Caucaia,Região Metropolitana,Site,Cartão de Crédito,1,1465.91,0.0
PED02986,2025-04-05,Notebook,Eletrônicos,Juazeiro do Norte,Interior,Marketplace,Cartão de Débito,2,6056.65,0.05
PED08381,2025-04-05,Cadeira Gamer,Móveis,Fortaleza,Fortaleza,Site,Boleto,1,1906.31,0.0
PED05495,2025-04-05,SSD 1TB,Informática,Sobral,Interior,Marketplace,Cartão de Crédito,1,575.4,0.0
PED08319,2025-04-05,Cadeira Gamer,Móveis,Maracanaú,Região Metropolitana,Site,PIX,2,1445.49,0.0
PED02266,2025-04-06,Mouse,Acessórios,Caucaia,Região Metropolitana,Loja Física,Cartão de Crédito,1,138.86,0.0
PED08175,2025-04-06,SSD 1TB,Informática,Fortaleza,Fortaleza,Loja Física,Cartão de Débito,3,539.97,0.1
PED08761,2025-04-06,Fone Bluetooth,Áudio,Itapipoca,Interior,Marketplace,Boleto,1,247.25,0.0
PED07743,2025-04-06,Cadeira Gamer,Móveis,Fortaleza,Fortaleza,Site,Cartão de Crédito,1,1672.06,0.05
PED03473,2025-04-06,Impressora,Informática,Sobral,Interior,Site,Boleto,1,1185.28,0.05
PED00485,2025-04-06,Fone Bluetooth,Áudio,Caucaia,Região Metropolitana,Site,Cartão de Débito,1,184.24,0.1
PED02711,2025-04-06,Mesa Escritório,Móveis,Juazeiro do Norte,Interior,Marketplace,Boleto,1,467.71,0.0
PED07681,2025-04-06,Roteador,Informática,Fortaleza,Fortaleza,Loja Física,Cartão de Débito,1,442.14,0.0
PED06151,2025-04-06,Memória RAM,Informática,Fortaleza,Fortaleza,Site,Boleto,1,261.63,0.0
PED02852,2025-04-06,Notebook,Eletrônicos,Fortaleza,Fortaleza,Marketplace,Cartão de Crédito,1,6175.57,0.1
PED00425,2025-04-06,Webcam,Acessórios,Fortaleza,Fortaleza,Site,Boleto,1,528.61,0.15
PED08746,2025-04-06,Notebook,Eletrônicos,Fortaleza,Fortaleza,Site,PIX,1,5352.35,0.1
PED05122,2025-04-06,Impressora,Informática,Sobral,Interior,Loja Física,Cartão de Débito,1,1207.91,0.0
PED06436,2025-04-06,Roteador,Informática,Itapipoca,Interior,Site,Boleto,1,272.95,0.1
PED01309,2025-04-06,Smartphone,Eletrônicos,Fortaleza,Fortaleza,Loja Física,Boleto,1,3940.65,0.1
PED05793,2025-04-06,Webcam,Acessórios,Sobral,Interior,Marketplace,PIX,1,230.19,0.05
PED03537,2025-04-06,Mouse,Acessórios,Itapipoca,Interior,Marketplace,Boleto,1,172.89,0.0
PED04168,2025-04-06,SSD 1TB,Informática,Fortaleza,Fortaleza,Site,Boleto,1,371.25,0.0
PED09115,2025-04-06,Headset,Acessórios,Itapipoca,Interior,Site,Cartão de Débito,2,514.99,0.0
PED02034,2025-04-06,Mouse,Acessórios,Maracanaú,Região Metropolitana,Site,Cartão de Crédito,3,199.06,0.1
PED02213,2025-04-06,Caixa de Som,Áudio,Sobral,Interior,Loja Física,Cartão de Crédito,3,550.04,0.1
PED03235,2025-04-06,Notebook,Eletrônicos,Fortaleza,Fortaleza,Loja Física,Boleto,1,5390.81,0.0
PED01185,2025-04-06,Caixa de Som,Áudio,Fortaleza,Fortaleza,Loja Física,PIX,1,159.21,0.05
PED00002,2025-04-06,Fone Bluetooth,Áudio,Caucaia,Região Metropolitana,Loja Física,Cartão de Crédito,1,368.05,0.0
PED08979,2025-04-06,Cadeira Gamer,Móveis,Caucaia,Região Metropolitana,Site,Cartão de Débito,2,1868.57,0.0
PED09908,2025-04-06,Monitor,Eletrônicos,Maracanaú,Região Metropolitana,Loja Física,PIX,1,720.07,0.0
PED04786,2025-04-07,Cadeira Gamer,Móveis,Fortaleza,Fortaleza,Site,Boleto,1,1124.96,0.05
PED00398,2025-04-07,Webcam,Acessórios,Sobral,Interior,Site,PIX,1,586.26,0.05
PED09479,2025-04-07,Mouse,Acessórios,Caucaia,Região Metropolitana,Site,Cartão de Crédito,1,266.98,0.15
PED05252,2025-04-07,Impressora,Informática,Fortaleza,Fortaleza,Site,PIX,2,1667.26,0.1
PED08640,2025-04-07,Roteador,Informática,Caucaia,Região Metropolitana,Site,Cartão de Crédito,1,376.85,0.0
PED08770,2025-04-07,Monitor,Eletrônicos,Fortaleza,Fortaleza,Loja Física,PIX,2,1858.57,0.1
PED03665,2025-04-07,SSD 1TB,Informática,Itapipoca,Interior,Site,Cartão de Crédito,1,295.46,0.0
PED01162,2025-04-07,Roteador,Informática,Juazeiro do Norte,Interior,Marketplace,Cartão de Crédito,1,328.94,0.05
PED00624,2025-04-07,SSD 1TB,Informática,Fortaleza,Fortaleza,Marketplace,Cartão de Crédito,4,454.95,0.0
PED09374,2025-04-07,Impressora,Informática,Caucaia,Região Metropolitana,Loja Física,Cartão de Crédito,1,1488.27,0.1
PED05446,2025-04-07,Smartphone,Eletrônicos,Caucaia,Região Metropolitana,Site,Boleto,1,4193.43,0.15
PED05607,2025-04-07,Mesa Escritório,Móveis,Fortaleza,Fortaleza,Marketplace,PIX,1,817.24,0.05
PED04955,2025-04-08,Caixa de Som,Áudio,Caucaia,Região Metropolitana,Marketplace,Cartão de Débito,3,321.45,0.05
PED09816,2025-04-08,Roteador,Informática,Fortaleza,Fortaleza,Site,PIX,2,486.23,0.0
PED03897,2025-04-08,Headset,Acessórios,Maracanaú,Região Metropolitana,Site,Boleto,1,227.69,0.05
PED06234,2025-04-08,Mesa Escritório,Móveis,Sobral,Interior,Marketplace,Boleto,1,452.14,0.0
PED03175,2025-04-08,Cadeira Gamer,Móveis,Fortaleza,Fortaleza,Site,Boleto,2,1912.5,0.0
PED09278,2025-04-08,Teclado,Acessórios,Juazeiro do Norte,Interior,Marketplace,Cartão de Crédito,1,449.3,0.05
PED08444,2025-04-08,Monitor,Eletrônicos,Maracanaú,Região Metropolitana,Site,Cartão de Crédito,1,928.52,0.05
PED09182,2025-04-08,Memória RAM,Informática,Maracanaú,Região Metropolitana,Site,Boleto,1,289.26,0.0
PED07308,2025-04-08,Memória RAM,Informática,Itapipoca,Interior,Marketplace,Cartão de Crédito,1,497.74,0.0
PED06666,2025-04-08,Cadeira Gamer,Móveis,Sobral,Interior,Marketplace,PIX,2,746.89,0.0
PED00652,2025-04-08,Monitor,Eletrônicos,Caucaia,Região Metropolitana,Marketplace,Cartão de Débito,3,696.71,0.05
PED07370,2025-04-08,Webcam,Acessórios,Fortaleza,Fortaleza,Site,Cartão de Crédito,1,498.51,0.15
PED01689,2025-04-08,Smartphone,Eletrônicos,Maracanaú,Região Metropolitana,Loja Física,Cartão de Crédito,2,2198.52,0.15
PED03777,2025-04-09,Smartphone,Eletrônicos,Juazeiro do Norte,Interior,Loja Física,Cartão de Crédito,2,3059.62,0.0
PED00872,2025-04-09,Monitor,Eletrônicos,Fortaleza,Fortaleza,Loja Física,Boleto,2,1640.91,0.0
PED03151,2025-04-09,Fone Bluetooth,Áudio,Sobral,Interior,Site,Cartão de Crédito,1,95.57,0.05
PED01718,2025-04-09,Webcam,Acessórios,Itapipoca,Interior,Site,Cartão de Débito,1,222.9,0.0
PED09885,2025-04-09,Smartphone,Eletrônicos,Caucaia,Região Metropolitana,Site,Boleto,1,2656.69,0.0
PED05033,2025-04-09,Fone Bluetooth,Áudio,Caucaia,Região Metropolitana,Loja Física,PIX,3,247.2,0.05
PED09935,2025-04-09,SSD 1TB,Informática,Caucaia,Região Metropolitana,Marketplace,Cartão de Débito,1,288.02,0.15
PED05797,2025-04-09,Teclado,Acessórios,Maracanaú,Região Metropolitana,Loja Física,Cartão de Crédito,4,421.82,0.05
PED05338,2025-04-09,Notebook,Eletrônicos,Sobral,Interior,Marketplace,Cartão de Crédito,1,4770.16,0.0
PED05166,2025-04-09,Fone Bluetooth,Áudio,Maracanaú,Região Metropolitana,Site,Cartão de Débito,1,481.17,0.05
PED06226,2025-04-09,Mouse,Acessórios,Fortaleza,Fortaleza,Loja Física,Cartão de Débito,1,267.71,0.1
PED04160,2025-04-09,Headset,Acessórios,Fortaleza,Fortaleza,Site,Boleto,2,396.22,0.05
PED01658,2025-04-09,Fone Bluetooth,Áudio,Fortaleza,Fortaleza,Site,Boleto,1,506.77,0.0
PED08331,2025-04-10,Monitor,Eletrônicos,Itapipoca,Interior,Marketplace,PIX,2,813.04,0.05
PED08264,2025-04-10,Teclado,Acessórios,Fortaleza,Fortaleza,Marketplace,Cartão de Débito,2,345.55,0.0
PED09628,2025-04-10,Headset,Acessórios,Fortaleza,Fortaleza,Site,Cartão de Débito,1,376.81,0.1
PED01723,2025-04-10,Roteador,Informática,Caucaia,Região Metropolitana,Marketplace,Cartão de Crédito,1,423.88,0.15
PED07972,2025-04-10,Mouse,Acessórios,Fortaleza,Fortaleza,Loja Física,Cartão de Crédito,2,43.45,0.0
PED02617,2025-04-10,Notebook,Eletrônicos,Juazeiro do Norte,Interior,Marketplace,Cartão de Débito,3,5731.94,0.0
PED01377,2025-04-10,Mouse,Acessórios,Sobral,Interior,Site,Boleto,1,219.55,0.0
PED07128,2025-04-10,SSD 1TB,Informática,Fortaleza,Fortaleza,Loja Física,Boleto,1,368.89,0.0
PED03015,2025-04-10,Webcam,Acessórios,Juazeiro do Norte,Interior,Marketplace,Cartão de Débito,2,522.75,0.0
PED06137,2025-04-10,Smartphone,Eletrônicos,Itapipoca,Interior,Site,Boleto,2,2974.8,0.0
PED07689,2025-04-10,Roteador,Informática,Maracanaú,Região Metropolitana,Loja Física,Boleto,1,341.97,0.0
PED04260,2025-04-10,Teclado,Acessórios,Fortaleza,Fortaleza,Loja Física,Cartão de Débito,2,156.18,0.1
PED01264,2025-04-10,Webcam,Acessórios,Itapipoca,Interior,Site,Boleto,4,639.98,0.05
PED01289,2025-04-10,Caixa de Som,Áudio,Sobral,Interior,Loja Física,Cartão de Crédito,1,622.0,0.05
PED03146,2025-04-10,Notebook,Eletrônicos,Caucaia,Região Metropolitana,Loja Física,Boleto,1,5281.84,0.0
PED03656,2025-04-10,Headset,Acessórios,Fortaleza,Fortaleza,Marketplace,Cartão de Débito,3,129.25,0.0
PED07155,2025-04-10,Impressora,Informática,Juazeiro do Norte,Interior,Marketplace,PIX,1,1183.7,0.05
PED04706,2025-04-11,Caixa de Som,Áudio,Fortaleza,Fortaleza,Loja Física,Cartão de Débito,1,681.35,0.0
PED06539,2025-04-11,SSD 1TB,Informática,Juazeiro do Norte,Interior,Loja Física,Boleto,1,540.07,0.0
PED00444,2025-04-11,Mesa Escritório,Móveis,Fortaleza,Fortaleza,Loja Física,Cartão de Crédito,1,795.55,0.0
PED08539,2025-04-11,Roteador,Informática,Fortaleza,Fortaleza,Marketplace,PIX,2,312.49,0.05
PED03468,2025-04-11,Webcam,Acessórios,Fortaleza,Fortaleza,Loja Física,Cartão de Débito,1,304.64,0.0
PED04986,2025-04-11,Impressora,Informática,Fortaleza,Fortaleza,Site,Boleto,3,843.59,0.0
PED06432,2025-04-11,Notebook,Eletrônicos,Maracanaú,Região Metropolitana,Marketplace,Cartão de Débito,1,3276.28,0.05
PED08111,2025-04-11,Headset,Acessórios,Fortaleza,Fortaleza,Marketplace,PIX,1,449.64,0.0
PED09025,2025-04-11,Headset,Acessórios,Juazeiro do Norte,Interior,Marketplace,PIX,1,191.08,0.0
PED08599,2025-04-11,Smartphone,Eletrônicos,Fortaleza,Fortaleza,Site,Boleto,1,2751.16,0.05
PED02340,2025-04-11,Mouse,Acessórios,Caucaia,Região Metropolitana,Loja Física,PIX,4,91.62,0.0
PED04279,2025-04-11,Impressora,Informática,Fortaleza,Fortaleza,Loja Física,Cartão de Débito,2,776.64,0.0
PED08673,2025-04-12,Fone Bluetooth,Áudio,Fortaleza,Fortaleza,Site,PIX,1,86.08,0.1
PED00598,2025-04-12,Mouse,Acessórios,Fortaleza,Fortaleza,Marketplace,Cartão de Crédito,2,55.61,0.0
PED09067,2025-04-12,Notebook,Eletrônicos,Juazeiro do Norte,Interior,Loja Física,Boleto,2,4707.75,0.0
PED00668,2025-04-12,Fone Bluetooth,Áudio,Maracanaú,Região Metropolitana,Site,Boleto,1,574.06,0.0
PED05365,2025-04-12,Headset,Acessórios,Caucaia,Região Metropolitana,Site,PIX,1,148.72,0.05
PED08110,2025-04-12,Mesa Escritório,Móveis,Itapipoca,Interior,Marketplace,Boleto,1,1262.11,0.0
PED08025,2025-04-12,Notebook,Eletrônicos,Fortaleza,Fortaleza,Site,Boleto,2,5880.32,0.0
PED06554,2025-04-12,Teclado,Acessórios,Fortaleza,Fortaleza,Marketplace,Boleto,1,118.49,0.0
PED01729,2025-04-12,Notebook,Eletrônicos,Juazeiro do Norte,Interior,Marketplace,PIX,3,5389.59,0.1
PED00968,2025-04-12,Cadeira Gamer,Móveis,Caucaia,Região Metropolitana,Loja Física,Cartão de Débito,1,1168.64,0.05
PED00152,2025-04-12,Roteador,Informática,Caucaia,Região Metropolitana,Marketplace,PIX,1,535.23,0.05
PED02254,2025-04-12,Cadeira Gamer,Móveis,Fortaleza,Fortaleza,Loja Física,Cartão de Crédito,1,1401.68,0.0
PED03080,2025-04-12,Webcam,Acessórios,Sobral,Interior,Site,Cartão de Crédito,1,525.88,0.0
PED07167,2025-04-12,Fone Bluetooth,Áudio,Itapipoca,Interior,Site,Cartão de Crédito,3,197.62,0.0
PED03850,2025-04-12,Teclado,Acessórios,Fortaleza,Fortaleza,Marketplace,Boleto,1,221.06,0.05
PED03121,2025-04-12,Memória RAM,Informática,Fortaleza,Fortaleza,Loja Física,Cartão de Débito,2,485.11,0.0
PED08474,2025-04-13,Headset,Acessórios,Fortaleza,Fortaleza,Site,Cartão de Débito,1,513.48,0.0
PED03388,2025-04-13,Caixa de Som,Áudio,Itapipoca,Interior,Loja Física,Cartão de Crédito,1,267.3,0.1
PED03214,2025-04-13,Roteador,Informática,Fortaleza,Fortaleza,Site,Cartão de Crédito,1,395.97,0.15
PED06530,2025-04-13,Cadeira Gamer,Móveis,Fortaleza,Fortaleza,Loja Física,Cartão de Crédito,2,1069.84,0.0
PED05462,2025-04-13,Fone Bluetooth,Áudio,Fortaleza,Fortaleza,Site,Boleto,1,206.55,0.0
PED00038,2025-04-13,Fone Bluetooth,Áudio,Fortaleza,Fortaleza,Loja Física,Cartão de Crédito,1,368.35,0.15
PED03422,2025-04-13,Headset,Acessórios,Fortaleza,Fortaleza,Marketplace,Cartão de Débito,1,163.45,0.0
PED04198,2025-04-13,Memória RAM,Informática,Caucaia,Região Metropolitana,Loja Física,Cartão de Débito,2,276.26,0.0
PED00440,2025-04-13,Monitor,Eletrônicos,Maracanaú,Região Metropolitana,Loja Física,PIX,1,1632.18,0.15
PED06896,2025-04-13,Smartphone,Eletrônicos,Itapipoca,Interior,Loja Física,Cartão de Crédito,1,2421.78,0.1
PED05459,2025-04-13,Mesa Escritório,Móveis,Fortaleza,Fortaleza,Marketplace,Cartão de Débito,1,1008.99,0.05
PED08186,2025-04-13,Memória RAM,Informática,Fortaleza,Fortaleza,Loja Física,PIX,1,293.95,0.15
PED00595,2025-04-13,Roteador,Informática,Fortaleza,Fortaleza,Marketplace,Cartão de Débito,1,513.8,0.0
PED09391,2025-04-13,Teclado,Acessórios,Caucaia,Região Metropolitana,Site,Cartão de Débito,1,307.8,0.0
PED05679,2025-04-13,Caixa de Som,Áudio,Fortaleza,Fortaleza,Marketplace,Cartão de Débito,1,709.07,0.0
PED03194,2025-04-13,SSD 1TB,Informática,Maracanaú,Região Metropolitana,Loja Física,Boleto,2,301.74,0.0
PED07535,2025-04-13,Roteador,Informática,Sobral,Interior,Site,Cartão de Débito,4,225.04,0.0
PED03745,2025-04-13,Mouse,Acessórios,Juazeiro do Norte,Interior,Marketplace,Cartão de Débito,1,78.56,0.0
PED03727,2025-04-13,Mouse,Acessórios,Itapipoca,Interior,Marketplace,Boleto,1,41.81,0.0
PED00907,2025-04-13,Fone Bluetooth,Áudio,Sobral,Interior,Loja Física,Cartão de Débito,2,368.61,0.1
PED06635,2025-04-13,Teclado,Acessórios,Juazeiro do Norte,Interior,Site,Cartão de Crédito,1,216.2,0.0
PED02238,2025-04-13,Mesa Escritório,Móveis,Juazeiro do Norte,Interior,Site,Boleto,2,767.6,0.05
PED09030,2025-04-13,Smartphone,Eletrônicos,Itapipoca,Interior,Marketplace,PIX,1,1432.82,0.0
PED03401,2025-04-13,Cadeira Gamer,Móveis,Itapipoca,Interior,Loja Física,Cartão de Crédito,1,1084.62,0.05
PED06650,2025-04-13,Caixa de Som,Áudio,Fortaleza,Fortaleza,Loja Física,Cartão de Débito,1,272.54,0.05
PED01007,2025-04-14,Fone Bluetooth,Áudio,Sobral,Interior,Loja Física,Cartão de Crédito,1,253.63,0.15
PED01562,2025-04-14,Headset,Acessórios,Fortaleza,Fortaleza,Site,PIX,1,245.38,0.15
PED04525,2025-04-14,Monitor,Eletrônicos,Fortaleza,Fortaleza,Loja Física,Cartão de Crédito,1,1534.98,0.0
PED05359,2025-04-14,Teclado,Acessórios,Itapipoca,Interior,Marketplace,Cartão de Débito,2,344.52,0.0
PED01128,2025-04-14,Smartphone,Eletrônicos,Fortaleza,Fortaleza,Loja Física,PIX,1,1857.89,0.0
PED09586,2025-04-14,SSD 1TB,Informática,Caucaia,Região Metropolitana,Marketplace,Cartão de Débito,2,387.09,0.0
PED05945,2025-04-14,Webcam,Acessórios,Fortaleza,Fortaleza,Site,Boleto,4,634.1,0.1
PED01211,2025-04-14,Headset,Acessórios,Fortaleza,Fortaleza,Site,Cartão de Crédito,1,206.04,0.1
PED06066,2025-04-14,Caixa de Som,Áudio,Fortaleza,Fortaleza,Marketplace,Cartão de Crédito,1,367.26,0.05
PED07922,2025-04-14,Notebook,Eletrônicos,Caucaia,Região Metropolitana,Site,Cartão de Crédito,1,4629.9,0.0
PED05036,2025-04-14,Mesa Escritório,Móveis,Fortaleza,Fortaleza,Site,Cartão de Débito,2,1032.25,0.15
PED03173,2025-04-14,Headset,Acessórios,Sobral,Interior,Site,Cartão de Crédito,2,409.53,0.0
PED09734,2025-04-14,Mouse,Acessórios,Fortaleza,Fortaleza,Site,PIX,1,70.4,0.0
PED08051,2025-04-14,SSD 1TB,Informática,Fortaleza,Fortaleza,Site,Cartão de Débito,1,634.14,0.05
PED03106,2025-04-15,Mouse,Acessórios,Fortaleza,Fortaleza,Loja Física,Cartão de Crédito,3,294.22,0.15
PED01033,2025-04-15,SSD 1TB,Informática,Fortaleza,Fortaleza,Marketplace,PIX,1,486.93,0.0
PED04013,2025-04-15,Mouse,Acessórios,Caucaia,Região Metropolitana,Site,PIX,2,74.14,0.15
PED01097,2025-04-15,Webcam,Acessórios,Fortaleza,Fortaleza,Marketplace,Cartão de Crédito,1,266.13,0.15
PED09097,2025-04-15,Fone Bluetooth,Áudio,Itapipoca,Interior,Site,PIX,1,578.4,0.0
PED06320,2025-04-15,Teclado,Acessórios,Itapipoca,Interior,Marketplace,PIX,1,190.71,0.05
PED05827,2025-04-15,Caixa de Som,Áudio,Fortaleza,Fortaleza,Marketplace,Boleto,1,742.56,0.1
PED01506,2025-04-15,Monitor,Eletrônicos,Fortaleza,Fortaleza,Loja Física,Boleto,1,1062.7,0.0
PED02960,2025-04-15,SSD 1TB,Informática,Juazeiro do Norte,Interior,Marketplace,Cartão de Débito,1,486.72,0.15
PED07071,2025-04-15,Mouse,Acessórios,Caucaia,Região Metropolitana,Site,PIX,1,247.96,0.0
PED02384,2025-04-15,Impressora,Informática,Itapipoca,Interior,Loja Física,PIX,2,1738.8,0.05
PED00313,2025-04-15,Notebook,Eletrônicos,Juazeiro do Norte,Interior,Loja Física,PIX,1,3818.39,0.1
PED07561,2025-04-15,Roteador,Informática,Juazeiro do Norte,Interior,Site,Boleto,1,193.31,0.0
PED04191,2025-04-15,Roteador,Informática,Fortaleza,Fortaleza,Marketplace,Cartão de Débito,4,331.11,0.0
PED03975,2025-04-16,Cadeira Gamer,Móveis,Caucaia,Região Metropolitana,Site,Cartão de Crédito,2,711.08,0.0
PED02821,2025-04-16,Cadeira Gamer,Móveis,Fortaleza,Fortaleza,Loja Física,PIX,3,1945.67,0.0
PED08383,2025-04-16,Impressora,Informática,Fortaleza,Fortaleza,Loja Física,PIX,3,1287.42,0.05
PED01090,2025-04-16,Mesa Escritório,Móveis,Caucaia,Região Metropolitana,Site,Cartão de Débito,2,960.58,0.05
PED08427,2025-04-16,Notebook,Eletrônicos,Maracanaú,Região Metropolitana,Loja Física,Cartão de Débito,1,4111.98,0.05
PED04493,2025-04-16,Monitor,Eletrônicos,Fortaleza,Fortaleza,Marketplace,Cartão de Débito,1,850.04,0.0
PED03302,2025-04-16,Fone Bluetooth,Áudio,Maracanaú,Região Metropolitana,Site,Cartão de Crédito,1,355.73,0.0
PED07569,2025-04-16,Mesa Escritório,Móveis,Caucaia,Região Metropolitana,Site,Cartão de Débito,1,1183.18,0.0
PED00209,2025-04-16,Roteador,Informática,Juazeiro do Norte,Interior,Loja Física,Cartão de Débito,1,450.8,0.0
PED03299,2025-04-16,Teclado,Acessórios,Sobral,Interior,Site,Cartão de Crédito,1,251.38,0.05
PED09389,2025-04-16,SSD 1TB,Informática,Fortaleza,Fortaleza,Site,Cartão de Débito,3,484.48,0.0
PED07984,2025-04-16,Notebook,Eletrônicos,Caucaia,Região Metropolitana,Site,PIX,1,6488.89,0.05
PED05758,2025-04-16,Caixa de Som,Áudio,Maracanaú,Região Metropolitana,Loja Física,Cartão de Crédito,1,660.95,0.05
PED05721,2025-04-16,SSD 1TB,Informática,Fortaleza,Fortaleza,Loja Física,Cartão de Débito,1,363.34,0.05
PED01308,2025-04-16,Fone Bluetooth,Áudio,Fortaleza,Fortaleza,Loja Física,Boleto,1,608.5,0.15
PED00381,2025-04-16,Caixa de Som,Áudio,Maracanaú,Região Metropolitana,Marketplace,PIX,1,259.88,0.0
PED07826,2025-04-16,Mesa Escritório,Móveis,Fortaleza,Fortaleza,Site,PIX,1,1497.48,0.05
PED00606,2025-04-16,Cadeira Gamer,Móveis,Itapipoca,Interior,Loja Física,PIX,1,2102.03,0.0
PED07376,2025-04-17,Impressora,Informática,Fortaleza,Fortaleza,Site,PIX,1,1399.85,0.0
PED08385,2025-04-17,Mesa Escritório,Móveis,Maracanaú,Região Metropolitana,Marketplace,Boleto,1,1182.31,0.0
PED00419,2025-04-17,Headset,Acessórios,Juazeiro do Norte,Interior,Site,Cartão de Crédito,3,242.34,0.0
PED09722,2025-04-17,Teclado,Acessórios,Juazeiro do Norte,Interior,Loja Física,Cartão de Débito,1,214.32,0.05
PED04297,2025-04-17,Fone Bluetooth,Áudio,Fortaleza,Fortaleza,Marketplace,Cartão de Débito,1,286.29,0.15
PED01591,2025-04-17,Memória RAM,Informática,Maracanaú,Região Metropolitana,Loja Física,Cartão de Débito,1,453.18,0.1
PED06387,2025-04-17,Mouse,Acessórios,Maracanaú,Região Metropolitana,Site,Cartão de Crédito,1,157.08,0.1
PED04991,2025-04-17,Webcam,Acessórios,Juazeiro do Norte,Interior,Site,Cartão de Débito,1,475.24,0.05
PED00487,2025-04-17,Cadeira Gamer,Móveis,Itapipoca,Interior,Site,Boleto,4,1893.51,0.1
PED05035,2025-04-17,Notebook,Eletrônicos,Caucaia,Região Metropolitana,Marketplace,Boleto,2,5383.79,0.0
PED07848,2025-04-17,Monitor,Eletrônicos,Juazeiro do Norte,Interior,Loja Física,Cartão de Crédito,2,1117.2,0.05
PED04600,2025-04-17,SSD 1TB,Informática,Maracanaú,Região Metropolitana,Marketplace,Boleto,1,389.76,0.0
PED07573,2025-04-17,Webcam,Acessórios,Sobral,Interior,Loja Física,Cartão de Débito,1,441.79,0.0
PED03628,2025-04-17,Headset,Acessórios,Caucaia,Região Metropolitana,Loja Física,Cartão de Débito,1,214.37,0.0
PED05962,2025-04-17,Cadeira Gamer,Móveis,Juazeiro do Norte,Interior,Site,Cartão de Crédito,1,1518.23,0.1
PED02859,2025-04-18,Smartphone,Eletrônicos,Fortaleza,Fortaleza,Site,Cartão de Crédito,2,3298.29,0.0
PED02329,2025-04-18,Headset,Acessórios,Caucaia,Região Metropolitana,Site,Boleto,2,403.27,0.1
PED04535,2025-04-18,Mouse,Acessórios,Maracanaú,Região Metropolitana,Loja Física,Boleto,3,82.11,0.0
PED00478,2025-04-18,Mouse,Acessórios,Maracanaú,Região Metropolitana,Marketplace,PIX,2,113.5,0.0
PED08614,2025-04-18,Notebook,Eletrônicos,Fortaleza,Fortaleza,Marketplace,Cartão de Débito,2,4007.29,0.0
PED03638,2025-04-18,Headset,Acessórios,Maracanaú,Região Metropolitana,Site,PIX,1,522.45,0.1
PED04948,2025-04-18,Memória RAM,Informática,Fortaleza,Fortaleza,Loja Física,Boleto,1,353.74,0.0
PED00424,2025-04-18,Caixa de Som,Áudio,Fortaleza,Fortaleza,Loja Física,Cartão de Débito,1,219.07,0.0
PED07751,2025-04-18,Webcam,Acessórios,Caucaia,Região Metropolitana,Marketplace,Cartão de Débito,1,181.67,0.05
PED04351,2025-04-18,Cadeira Gamer,Móveis,Fortaleza,Fortaleza,Site,PIX,2,1480.47,0.0
PED01496,2025-04-18,Memória RAM,Informática,Maracanaú,Região Metropolitana,Site,PIX,2,300.27,0.05
PED04216,2025-04-18,Cadeira Gamer,Móveis,Caucaia,Região Metropolitana,Loja Física,Boleto,1,1631.56,0.1
PED05277,2025-04-18,Impressora,Informática,Juazeiro do Norte,Interior,Site,Boleto,2,899.43,0.0
PED09314,2025-04-18,Roteador,Informática,Caucaia,Região Metropolitana,Marketplace,Boleto,2,215.61,0.05
PED08695,2025-04-19,Smartphone,Eletrônicos,Juazeiro do Norte,Interior,Marketplace,Cartão de Crédito,3,3679.37,0.1
PED05504,2025-04-19,Teclado,Acessórios,Juazeiro do Norte,Interior,Site,PIX,3,218.74,0.05
PED04365,2025-04-19,Cadeira Gamer,Móveis,Caucaia,Região Metropolitana,Site,Boleto,3,855.49,0.1
PED05012,2025-04-19,Mouse,Acessórios,Juazeiro do Norte,Interior,Site,PIX,1,257.43,0.0
PED07023,2025-04-19,Fone Bluetooth,Áudio,Juazeiro do Norte,Interior,Site,PIX,1,579.11,0.1
PED01858,2025-04-19,Caixa de Som,Áudio,Fortaleza,Fortaleza,Loja Física,Boleto,1,208.99,0.05
PED03356,2025-04-19,Roteador,Informática,Maracanaú,Região Metropolitana,Loja Física,Cartão de Débito,2,310.22,0.05
PED09943,2025-04-19,Impressora,Informática,Caucaia,Região Metropolitana,Loja Física,PIX,1,1131.37,0.05
PED03979,2025-04-19,Roteador,Informática,Juazeiro do Norte,Interior,Site,Cartão de Débito,1,172.35,0.0
PED01804,2025-04-19,Caixa de Som,Áudio,Fortaleza,Fortaleza,Loja Física,Cartão de Débito,3,594.22,0.0
PED06696,2025-04-19,Memória RAM,Informática,Maracanaú,Região Metropolitana,Marketplace,Boleto,2,500.1,0.05
PED05738,2025-04-19,Cadeira Gamer,Móveis,Fortaleza,Fortaleza,Marketplace,PIX,1,867.69,0.0
PED01460,2025-04-19,Fone Bluetooth,Áudio,Fortaleza,Fortaleza,Loja Física,Cartão de Débito,3,160.37,0.0
PED02870,2025-04-19,Monitor,Eletrônicos,Fortaleza,Fortaleza,Marketplace,Cartão de Crédito,2,1090.84,0.0
PED08255,2025-04-19,Impressora,Informática,Fortaleza,Fortaleza,Loja Física,Cartão de Débito,2,1607.19,0.15
PED02614,2025-04-19,Cadeira Gamer,Móveis,Caucaia,Região Metropolitana,Marketplace,Cartão de Débito,2,1294.79,0.05
PED01227,2025-04-19,Mouse,Acessórios,Fortaleza,Fortaleza,Marketplace,Boleto,4,285.87,0.0
PED05320,2025-04-19,Cadeira Gamer,Móveis,Maracanaú,Região Metropolitana,Site,PIX,1,795.11,0.0
PED00771,2025-04-19,SSD 1TB,Informática,Fortaleza,Fortaleza,Site,Cartão de Débito,1,318.22,0.0
PED06409,2025-04-19,Webcam,Acessórios,Fortaleza,Fortaleza,Marketplace,Boleto,1,635.54,0.05
PED06026,2025-04-19,Teclado,Acessórios,Caucaia,Região Metropolitana,Loja Física,PIX,1,294.4,0.1
PED04554,2025-04-19,SSD 1TB,Informática,Sobral,Interior,Marketplace,Cartão de Débito,1,368.22,0.05
PED07001,2025-04-19,Caixa de Som,Áudio,Fortaleza,Fortaleza,Site,Boleto,1,489.45,0.0
PED08580,2025-04-19,Headset,Acessórios,Sobral,Interior,Loja Física,PIX,4,471.11,0.1
PED09105,2025-04-20,Cadeira Gamer,Móveis,Fortaleza,Fortaleza,Marketplace,PIX,1,1154.2,0.0
PED07083,2025-04-20,Memória RAM,Informática,Fortaleza,Fortaleza,Marketplace,Cartão de Crédito,1,336.5,0.0
PED06809,2025-04-20,Webcam,Acessórios,Sobral,Interior,Marketplace,PIX,1,206.87,0.0
PED06330,2025-04-20,Headset,Acessórios,Fortaleza,Fortaleza,Marketplace,Cartão de Débito,1,326.23,0.1
PED05939,2025-04-20,Cadeira Gamer,Móveis,Caucaia,Região Metropolitana,Loja Física,Cartão de Débito,1,1428.28,0.05
PED08629,2025-04-20,Memória RAM,Informática,Fortaleza,Fortaleza,Loja Física,Cartão de Crédito,1,156.94,0.0
PED02085,2025-04-20,Teclado,Acessórios,Sobral,Interior,Site,Boleto,4,112.57,0.0
PED04476,2025-04-20,Caixa de Som,Áudio,Maracanaú,Região Metropolitana,Marketplace,PIX,1,453.45,0.15
PED06570,2025-04-20,Caixa de Som,Áudio,Fortaleza,Fortaleza,Loja Física,PIX,2,475.17,0.1
PED03832,2025-04-20,SSD 1TB,Informática,Fortaleza,Fortaleza,Loja Física,PIX,1,620.9,0.0
PED06891,2025-04-20,Cadeira Gamer,Móveis,Fortaleza,Fortaleza,Loja Física,PIX,1,1983.26,0.15
PED00041,2025-04-20,Smartphone,Eletrônicos,Juazeiro do Norte,Interior,Marketplace,Cartão de Crédito,1,1880.45,0.0
PED02746,2025-04-20,Mesa Escritório,Móveis,Maracanaú,Região Metropolitana,Marketplace,PIX,1,1239.61,0.05
PED07304,2025-04-20,Cadeira Gamer,Móveis,Maracanaú,Região Metropolitana,Marketplace,Cartão de Débito,1,1491.54,0.0
PED05535,2025-04-21,Fone Bluetooth,Áudio,Fortaleza,Fortaleza,Marketplace,Boleto,2,431.9,0.1
PED04426,2025-04-21,Fone Bluetooth,Áudio,Caucaia,Região Metropolitana,Marketplace,Cartão de Crédito,1,98.28,0.0
PED06390,2025-04-21,Monitor,Eletrônicos,Fortaleza,Fortaleza,Marketplace,Boleto,1,889.75,0.0
PED05615,2025-04-21,Smartphone,Eletrônicos,Sobral,Interior,Marketplace,Cartão de Crédito,1,4434.48,0.0
PED00158,2025-04-21,Roteador,Informática,Caucaia,Região Metropolitana,Site,Cartão de Débito,1,210.55,0.0
PED06188,2025-04-21,Memória RAM,Informática,Fortaleza,Fortaleza,Site,Boleto,2,451.11,0.05
PED00150,2025-04-21,Notebook,Eletrônicos,Fortaleza,Fortaleza,Site,Boleto,1,3442.52,0.0
PED03941,2025-04-21,Mesa Escritório,Móveis,Caucaia,Região Metropolitana,Marketplace,Cartão de Crédito,1,1516.25,0.1
PED07929,2025-04-21,Fone Bluetooth,Áudio,Sobral,Interior,Site,PIX,1,80.66,0.0
PED09651,2025-04-21,Headset,Acessórios,Fortaleza,Fortaleza,Marketplace,Cartão de Débito,1,481.29,0.1
PED06795,2025-04-21,Teclado,Acessórios,Sobral,Interior,Site,Cartão de Débito,2,161.32,0.1
PED08675,2025-04-21,Smartphone,Eletrônicos,Fortaleza,Fortaleza,Site,Cartão de Crédito,1,2356.3,0.15
PED09238,2025-04-21,Impressora,Informática,Juazeiro do Norte,Interior,Site,PIX,2,835.64,0.0
PED02240,2025-04-21,Impressora,Informática,Fortaleza,Fortaleza,Site,PIX,1,1129.32,0.05
PED00421,2025-04-21,Mouse,Acessórios,Fortaleza,Fortaleza,Marketplace,PIX,2,52.52,0.0
PED09121,2025-04-21,Fone Bluetooth,Áudio,Fortaleza,Fortaleza,Loja Física,Boleto,1,493.28,0.0
PED01490,2025-04-21,SSD 1TB,Informática,Itapipoca,Interior,Site,Cartão de Crédito,3,493.82,0.1
PED09647,2025-04-21,Cadeira Gamer,Móveis,Itapipoca,Interior,Site,Boleto,4,1207.93,0.0
PED09623,2025-04-21,Memória RAM,Informática,Caucaia,Região Metropolitana,Marketplace,Boleto,2,499.13,0.0
PED04415,2025-04-22,Roteador,Informática,Itapipoca,Interior,Site,Boleto,3,286.5,0.15
PED06855,2025-04-22,Headset,Acessórios,Fortaleza,Fortaleza,Site,Cartão de Débito,1,547.12,0.0
PED02175,2025-04-22,Mouse,Acessórios,Juazeiro do Norte,Interior,Site,PIX,1,49.15,0.1
PED05976,2025-04-22,Mouse,Acessórios,Fortaleza,Fortaleza,Loja Física,PIX,1,116.15,0.05
PED03926,2025-04-22,Teclado,Acessórios,Fortaleza,Fortaleza,Marketplace,Boleto,1,81.78,0.0
PED00053,2025-04-22,Mouse,Acessórios,Fortaleza,Fortaleza,Marketplace,Boleto,3,129.88,0.0
PED04435,2025-04-22,Impressora,Informática,Sobral,Interior,Site,Boleto,1,1306.41,0.0
PED07140,2025-04-22,Headset,Acessórios,Itapipoca,Interior,Marketplace,Cartão de Débito,3,171.4,0.0
PED03993,2025-04-22,Mesa Escritório,Móveis,Fortaleza,Fortaleza,Loja Física,PIX,1,554.11,0.0
PED00819,2025-04-22,Webcam,Acessórios,Juazeiro do Norte,Interior,Loja Física,Cartão de Débito,1,184.97,0.15
PED00028,2025-04-22,Impressora,Informática,Fortaleza,Fortaleza,Loja Física,Cartão de Crédito,1,787.76,0.0
PED02367,2025-04-22,Notebook,Eletrônicos,Maracanaú,Região Metropolitana,Marketplace,PIX,2,4239.45,0.1
PED02043,2025-04-22,Notebook,Eletrônicos,Caucaia,Região Metropolitana,Loja Física,Cartão de Crédito,2,3898.89,0.1
PED08844,2025-04-22,Monitor,Eletrônicos,Maracanaú,Região Metropolitana,Marketplace,Cartão de Crédito,3,1330.13,0.1
PED09336,2025-04-22,Headset,Acessórios,Caucaia,Região Metropolitana,Loja Física,Cartão de Crédito,2,510.93,0.0
PED06109,2025-04-22,Smartphone,Eletrônicos,Itapipoca,Interior,Loja Física,Cartão de Débito,2,4498.35,0.05
PED05759,2025-04-22,Webcam,Acessórios,Maracanaú,Região Metropolitana,Loja Física,PIX,4,573.24,0.0
PED09632,2025-04-22,Headset,Acessórios,Fortaleza,Fortaleza,Site,Cartão de Crédito,1,383.32,0.0
PED03838,2025-04-22,Fone Bluetooth,Áudio,Fortaleza,Fortaleza,Site,PIX,3,546.57,0.0
PED02592,2025-04-22,SSD 1TB,Informática,Fortaleza,Fortaleza,Loja Física,PIX,1,350.25,0.0
PED07905,2025-04-22,Mesa Escritório,Móveis,Fortaleza,Fortaleza,Site,Cartão de Débito,2,908.79,0.1
PED02761,2025-04-22,Impressora,Informática,Fortaleza,Fortaleza,Marketplace,Cartão de Débito,1,1175.75,0.0
PED08968,2025-04-22,Cadeira Gamer,Móveis,Fortaleza,Fortaleza,Marketplace,Cartão de Débito,1,1938.5,0.0
PED01239,2025-04-23,Cadeira Gamer,Móveis,Sobral,Interior,Loja Física,PIX,1,2132.52,0.0
PED01233,2025-04-23,Mesa Escritório,Móveis,Fortaleza,Fortaleza,Loja Física,PIX,1,602.01,0.0
PED00014,2025-04-23,Monitor,Eletrônicos,Caucaia,Região Metropolitana,Loja Física,Cartão de Crédito,1,1640.1,0.0
PED02721,2025-04-23,Teclado,Acessórios,Caucaia,Região Metropolitana,Marketplace,PIX,2,256.46,0.15
PED01249,2025-04-23,Caixa de Som,Áudio,Fortaleza,Fortaleza,Loja Física,Cartão de Débito,1,352.6,0.15
PED07714,2025-04-23,Notebook,Eletrônicos,Maracanaú,Região Metropolitana,Site,Cartão de Crédito,2,4219.7,0.0
PED03812,2025-04-23,Headset,Acessórios,Fortaleza,Fortaleza,Marketplace,PIX,3,409.91,0.1
PED03430,2025-04-23,Teclado,Acessórios,Caucaia,Região Metropolitana,Marketplace,PIX,1,306.44,0.0
PED09981,2025-04-23,Mesa Escritório,Móveis,Caucaia,Região Metropolitana,Marketplace,Boleto,2,960.1,0.0
PED06614,2025-04-23,Fone Bluetooth,Áudio,Caucaia,Região Metropolitana,Site,Cartão de Débito,1,125.23,0.1
PED05479,2025-04-23,Fone Bluetooth,Áudio,Fortaleza,Fortaleza,Marketplace,Boleto,2,272.38,0.0
PED09581,2025-04-23,Impressora,Informática,Fortaleza,Fortaleza,Site,Cartão de Crédito,2,1603.2,0.0
PED02902,2025-04-23,Monitor,Eletrônicos,Caucaia,Região Metropolitana,Loja Física,Cartão de Débito,3,1068.15,0.0
PED05304,2025-04-23,Cadeira Gamer,Móveis,Caucaia,Região Metropolitana,Site,Boleto,1,1550.06,0.0
PED04494,2025-04-23,Roteador,Informática,Juazeiro do Norte,Interior,Site,PIX,1,490.48,0.0
PED08218,2025-04-23,Caixa de Som,Áudio,Caucaia,Região Metropolitana,Marketplace,Cartão de Crédito,1,509.69,0.0
PED03277,2025-04-23,Webcam,Acessórios,Fortaleza,Fortaleza,Loja Física,PIX,1,622.49,0.0
PED09926,2025-04-23,Mesa Escritório,Móveis,Fortaleza,Fortaleza,Site,Cartão de Crédito,2,543.56,0.0
PED04328,2025-04-23,Cadeira Gamer,Móveis,Fortaleza,Fortaleza,Loja Física,Cartão de Crédito,1,1412.58,0.0
PED03181,2025-04-23,Roteador,Informática,Fortaleza,Fortaleza,Loja Física,Boleto,2,469.11,0.0
PED07590,2025-04-24,Impressora,Informática,Maracanaú,Região Metropolitana,Loja Física,PIX,1,919.47,0.0
PED05180,2025-04-24,Headset,Acessórios,Itapipoca,Interior,Marketplace,PIX,2,237.23,0.0
PED08916,2025-04-24,SSD 1TB,Informática,Fortaleza,Fortaleza,Loja Física,Boleto,1,307.08,0.15
PED03183,2025-04-24,Fone Bluetooth,Áudio,Maracanaú,Região Metropolitana,Loja Física,PIX,1,624.88,0.0
PED09966,2025-04-24,Mesa Escritório,Móveis,Fortaleza,Fortaleza,Site,Boleto,3,1132.67,0.0
PED05425,2025-04-24,Caixa de Som,Áudio,Fortaleza,Fortaleza,Site,PIX,1,348.81,0.15
PED01626,2025-04-24,Headset,Acessórios,Fortaleza,Fortaleza,Site,Cartão de Crédito,1,495.19,0.1
PED02800,2025-04-24,Memória RAM,Informática,Fortaleza,Fortaleza,Loja Física,PIX,2,512.33,0.1
PED02310,2025-04-24,Caixa de Som,Áudio,Fortaleza,Fortaleza,Loja Física,PIX,2,242.72,0.0
PED05562,2025-04-24,Mouse,Acessórios,Juazeiro do Norte,Interior,Site,Cartão de Crédito,1,156.89,0.0
PED08203,2025-04-24,Fone Bluetooth,Áudio,Maracanaú,Região Metropolitana,Marketplace,PIX,1,463.97,0.0
PED07414,2025-04-24,Smartphone,Eletrônicos,Itapipoca,Interior,Loja Física,Cartão de Crédito,1,2505.93,0.0
PED03215,2025-04-24,Notebook,Eletrônicos,Caucaia,Região Metropolitana,Loja Física,Cartão de Débito,1,6071.6,0.0
PED00966,2025-04-24,Fone Bluetooth,Áudio,Juazeiro do Norte,Interior,Loja Física,PIX,2,549.46,0.15
PED04856,2025-04-24,Mesa Escritório,Móveis,Sobral,Interior,Loja Física,PIX,1,610.67,0.0
PED02782,2025-04-24,Webcam,Acessórios,Fortaleza,Fortaleza,Marketplace,Boleto,1,686.05,0.05
PED08709,2025-04-24,Cadeira Gamer,Móveis,Fortaleza,Fortaleza,Site,PIX,1,1247.08,0.0
PED06977,2025-04-25,Memória RAM,Informática,Fortaleza,Fortaleza,Site,PIX,3,419.67,0.0
PED03840,2025-04-25,Webcam,Acessórios,Juazeiro do Norte,Interior,Marketplace,Boleto,1,495.6,0.0
PED01610,2025-04-25,Mouse,Acessórios,Maracanaú,Região Metropolitana,Marketplace,Boleto,1,242.12,0.1
PED06653,2025-04-25,Webcam,Acessórios,Itapipoca,Interior,Site,Cartão de Crédito,2,413.6,0.05
PED08723,2025-04-25,Memória RAM,Informática,Juazeiro do Norte,Interior,Site,Cartão de Débito,4,539.7,0.05
PED07339,2025-04-25,Fone Bluetooth,Áudio,Juazeiro do Norte,Interior,Loja Física,Boleto,3,178.49,0.1
PED06022,2025-04-25,Impressora,Informática,Caucaia,Região Metropolitana,Loja Física,PIX,2,614.09,0.0
PED07490,2025-04-25,SSD 1TB,Informática,Itapipoca,Interior,Site,Boleto,1,381.46,0.15
PED09164,2025-04-25,Teclado,Acessórios,Juazeiro do Norte,Interior,Site,PIX,3,214.52,0.15
PED02716,2025-04-25,Headset,Acessórios,Sobral,Interior,Site,PIX,1,150.45,0.0
PED06121,2025-04-25,Mouse,Acessórios,Fortaleza,Fortaleza,Loja Física,Boleto,1,67.31,0.0
PED04958,2025-04-25,Headset,Acessórios,Juazeiro do Norte,Interior,Site,Boleto,2,309.11,0.0
PED02582,2025-04-25,Fone Bluetooth,Áudio,Sobral,Interior,Loja Física,Boleto,2,571.74,0.05
PED05405,2025-04-25,Roteador,Informática,Fortaleza,Fortaleza,Loja Física,PIX,1,508.75,0.15
PED01559,2025-04-25,Notebook,Eletrônicos,Caucaia,Região Metropolitana,Site,PIX,1,4953.19,0.0
PED05372,2025-04-25,Teclado,Acessórios,Caucaia,Região Metropolitana,Site,Cartão de Crédito,1,123.41,0.0
PED01647,2025-04-25,Smartphone,Eletrônicos,Sobral,Interior,Site,PIX,1,926.12,0.0
PED05248,2025-04-25,Webcam,Acessórios,Fortaleza,Fortaleza,Loja Física,Cartão de Débito,1,247.04,0.0
PED03893,2025-04-25,Mesa Escritório,Móveis,Maracanaú,Região Metropolitana,Site,Boleto,2,704.28,0.05
PED05710,2025-04-26,Mesa Escritório,Móveis,Fortaleza,Fortaleza,Loja Física,Cartão de Crédito,2,946.26,0.0
PED09460,2025-04-26,Cadeira Gamer,Móveis,Juazeiro do Norte,Interior,Site,Cartão de Crédito,1,1889.34,0.15
PED02332,2025-04-26,Teclado,Acessórios,Fortaleza,Fortaleza,Marketplace,Boleto,2,81.43,0.0
PED09364,2025-04-26,Memória RAM,Informática,Fortaleza,Fortaleza,Site,Boleto,4,268.41,0.0
PED07035,2025-04-26,Roteador,Informática,Itapipoca,Interior,Marketplace,Cartão de Crédito,2,391.25,0.0
PED02581,2025-04-26,Monitor,Eletrônicos,Maracanaú,Região Metropolitana,Site,Boleto,1,1822.08,0.1
PED05991,2025-04-26,Roteador,Informática,Caucaia,Região Metropolitana,Site,Cartão de Débito,3,190.4,0.0
PED06363,2025-04-26,Mesa Escritório,Móveis,Fortaleza,Fortaleza,Site,Cartão de Crédito,1,1429.68,0.0
PED04455,2025-04-26,Teclado,Acessórios,Fortaleza,Fortaleza,Site,Boleto,1,169.61,0.0
PED04089,2025-04-26,Headset,Acessórios,Itapipoca,Interior,Loja Física,PIX,1,501.32,0.15
PED00260,2025-04-26,Monitor,Eletrônicos,Sobral,Interior,Site,Cartão de Crédito,1,1563.9,0.0
PED08832,2025-04-26,Mesa Escritório,Móveis,Fortaleza,Fortaleza,Marketplace,Boleto,2,1163.59,0.0
PED05474,2025-04-26,Smartphone,Eletrônicos,Juazeiro do Norte,Interior,Marketplace,Cartão de Débito,2,3100.49,0.1
PED01634,2025-04-26,Cadeira Gamer,Móveis,Fortaleza,Fortaleza,Marketplace,Cartão de Crédito,1,1887.82,0.05
PED02462,2025-04-26,Caixa de Som,Áudio,Itapipoca,Interior,Site,Cartão de Crédito,3,549.97,0.0
PED01656,2025-04-26,Headset,Acessórios,Juazeiro do Norte,Interior,Site,Boleto,1,542.35,0.15
PED08593,2025-04-26,Roteador,Informática,Juazeiro do Norte,Interior,Marketplace,Cartão de Crédito,1,253.88,0.0
PED08515,2025-04-26,Fone Bluetooth,Áudio,Caucaia,Região Metropolitana,Site,Boleto,1,197.81,0.05
PED00660,2025-04-26,Mesa Escritório,Móveis,Caucaia,Região Metropolitana,Marketplace,Boleto,2,937.07,0.05
PED01474,2025-04-27,Impressora,Informática,Caucaia,Região Metropolitana,Site,Boleto,1,1431.02,0.15
PED07990,2025-04-27,Fone Bluetooth,Áudio,Maracanaú,Região Metropolitana,Marketplace,Boleto,1,225.61,0.0
PED03445,2025-04-27,Monitor,Eletrônicos,Sobral,Interior,Marketplace,Cartão de Crédito,2,1253.19,0.15
PED09179,2025-04-27,Headset,Acessórios,Juazeiro do Norte,Interior,Marketplace,Boleto,1,499.32,0.0
PED04758,2025-04-27,Teclado,Acessórios,Sobral,Interior,Site,PIX,1,188.79,0.1
PED03184,2025-04-27,Smartphone,Eletrônicos,Fortaleza,Fortaleza,Site,Cartão de Crédito,2,2943.67,0.05
PED09136,2025-04-27,Roteador,Informática,Itapipoca,Interior,Marketplace,Boleto,2,256.43,0.05
PED00814,2025-04-27,Mesa Escritório,Móveis,Fortaleza,Fortaleza,Marketplace,Boleto,4,1297.99,0.0
PED02591,2025-04-27,SSD 1TB,Informática,Caucaia,Região Metropolitana,Marketplace,Boleto,2,345.5,0.0
PED06735,2025-04-27,Mesa Escritório,Móveis,Maracanaú,Região Metropolitana,Marketplace,Cartão de Crédito,1,835.56,0.0
PED00111,2025-04-27,Mouse,Acessórios,Maracanaú,Região Metropolitana,Site,PIX,1,208.4,0.0
PED04477,2025-04-27,Fone Bluetooth,Áudio,Maracanaú,Região Metropolitana,Loja Física,Cartão de Crédito,1,514.72,0.1
PED01293,2025-04-27,Caixa de Som,Áudio,Caucaia,Região Metropolitana,Loja Física,Boleto,1,399.87,0.1
PED03361,2025-04-27,Headset,Acessórios,Sobral,Interior,Site,Boleto,1,108.11,0.0
PED03413,2025-04-27,SSD 1TB,Informática,Fortaleza,Fortaleza,Loja Física,Cartão de Débito,1,330.66,0.1
PED00078,2025-04-28,Teclado,Acessórios,Caucaia,Região Metropolitana,Loja Física,Cartão de Débito,1,111.08,0.0
PED09199,2025-04-28,Impressora,Informática,Fortaleza,Fortaleza,Loja Física,Cartão de Débito,1,686.56,0.1
PED07378,2025-04-28,Webcam,Acessórios,Maracanaú,Região Metropolitana,Marketplace,Cartão de Crédito,2,384.54,0.0
PED07257,2025-04-28,Webcam,Acessórios,Sobral,Interior,Marketplace,Boleto,3,224.13,0.05
PED03953,2025-04-28,SSD 1TB,Informática,Caucaia,Região Metropolitana,Site,Cartão de Crédito,1,549.4,0.0
PED04649,2025-04-28,Headset,Acessórios,Caucaia,Região Metropolitana,Site,Cartão de Crédito,1,155.26,0.05
PED09626,2025-04-28,Fone Bluetooth,Áudio,Caucaia,Região Metropolitana,Site,Cartão de Crédito,2,289.44,0.0
PED03459,2025-04-28,SSD 1TB,Informática,Fortaleza,Fortaleza,Site,Cartão de Crédito,2,576.92,0.05
PED01743,2025-04-28,Mesa Escritório,Móveis,Caucaia,Região Metropolitana,Loja Física,Cartão de Crédito,2,1487.55,0.0
PED03409,2025-04-28,Smartphone,Eletrônicos,Fortaleza,Fortaleza,Marketplace,Boleto,1,3077.84,0.05
PED05256,2025-04-28,Headset,Acessórios,Fortaleza,Fortaleza,Loja Física,Boleto,2,346.54,0.1
PED05094,2025-04-28,SSD 1TB,Informática,Sobral,Interior,Loja Física,Cartão de Débito,2,489.41,0.0
PED03337,2025-04-28,Headset,Acessórios,Fortaleza,Fortaleza,Site,Cartão de Crédito,2,425.63,0.0
PED01380,2025-04-28,Fone Bluetooth,Áudio,Fortaleza,Fortaleza,Loja Física,PIX,1,167.22,0.05
PED08155,2025-04-28,Monitor,Eletrônicos,Sobral,Interior,Marketplace,PIX,1,776.54,0.1
PED04126,2025-04-29,Cadeira Gamer,Móveis,Juazeiro do Norte,Interior,Site,PIX,1,767.9,0.05
PED04006,2025-04-29,Mesa Escritório,Móveis,Fortaleza,Fortaleza,Marketplace,Cartão de Crédito,1,1280.35,0.0
PED02047,2025-04-29,Mouse,Acessórios,Fortaleza,Fortaleza,Marketplace,Cartão de Crédito,1,274.22,0.1
PED01445,2025-04-29,Mesa Escritório,Móveis,Juazeiro do Norte,Interior,Marketplace,Cartão de Crédito,1,961.76,0.0
PED08989,2025-04-29,Monitor,Eletrônicos,Fortaleza,Fortaleza,Site,Boleto,4,694.87,0.0
PED01144,2025-04-29,Smartphone,Eletrônicos,Fortaleza,Fortaleza,Marketplace,Cartão de Débito,2,1358.7,0.15
PED06357,2025-04-29,Monitor,Eletrônicos,Itapipoca,Interior,Loja Física,Boleto,1,1285.85,0.0
PED07260,2025-04-29,Smartphone,Eletrônicos,Fortaleza,Fortaleza,Loja Física,Cartão de Débito,1,3102.55,0.1
PED00376,2025-04-29,Caixa de Som,Áudio,Fortaleza,Fortaleza,Site,PIX,1,316.5,0.1
PED05357,2025-04-29,Fone Bluetooth,Áudio,Caucaia,Região Metropolitana,Site,PIX,1,188.0,0.05
PED05347,2025-04-29,Mesa Escritório,Móveis,Maracanaú,Região Metropolitana,Marketplace,Cartão de Débito,1,1164.59,0.0
PED07397,2025-04-29,Monitor,Eletrônicos,Fortaleza,Fortaleza,Marketplace,Boleto,2,1870.44,0.0
PED05245,2025-04-29,SSD 1TB,Informática,Sobral,Interior,Site,Boleto,3,634.92,0.0
PED08862,2025-04-29,Smartphone,Eletrônicos,Sobral,Interior,Marketplace,Cartão de Débito,2,2975.53,0.1
PED09167,2025-04-30,Impressora,Informática,Caucaia,Região Metropolitana,Marketplace,Cartão de Crédito,1,1651.07,0.0
PED06229,2025-04-30,Webcam,Acessórios,Juazeiro do Norte,Interior,Loja Física,PIX,1,580.14,0.1
PED09649,2025-04-30,Memória RAM,Informática,Fortaleza,Fortaleza,Marketplace,PIX,1,463.41,0.0
PED09267,2025-04-30,Fone Bluetooth,Áudio,Sobral,Interior,Marketplace,PIX,1,368.23,0.0
PED03282,2025-04-30,Cadeira Gamer,Móveis,Maracanaú,Região Metropolitana,Marketplace,Cartão de Débito,2,1732.08,0.0
PED02977,2025-04-30,Mesa Escritório,Móveis,Maracanaú,Região Metropolitana,Site,PIX,2,1193.6,0.0
PED03917,2025-04-30,Fone Bluetooth,Áudio,Caucaia,Região Metropolitana,Marketplace,Cartão de Crédito,1,496.4,0.0
PED09549,2025-04-30,Notebook,Eletrônicos,Maracanaú,Região Metropolitana,Site,Cartão de Crédito,1,3586.12,0.05
PED05720,2025-04-30,Monitor,Eletrônicos,Fortaleza,Fortaleza,Site,Cartão de Débito,1,812.86,0.1
PED01738,2025-04-30,Roteador,Informática,Fortaleza,Fortaleza,Site,PIX,3,557.93,0.0
PED05602,2025-04-30,Impressora,Informática,Juazeiro do Norte,Interior,Marketplace,Cartão de Crédito,3,1792.38,0.0
PED09686,2025-04-30,Webcam,Acessórios,Fortaleza,Fortaleza,Loja Física,PIX,1,565.38,0.0
PED07321,2025-04-30,Monitor,Eletrônicos,Fortaleza,Fortaleza,Marketplace,PIX,3,1273.33,0.05
PED01464,2025-04-30,Smartphone,Eletrônicos,Sobral,Interior,Site,PIX,4,3579.4,0.05
PED07656,2025-04-30,Fone Bluetooth,Áudio,Caucaia,Região Metropolitana,Marketplace,Cartão de Crédito,1,102.41,0.15
PED02334,2025-04-30,Memória RAM,Informática,Juazeiro do Norte,Interior,Loja Física,Cartão de Crédito,1,242.01,0.0
PED09990,2025-04-30,Webcam,Acessórios,Sobral,Interior,Loja Física,Cartão de Crédito,1,495.27,0.0
PED08953,2025-04-30,Roteador,Informática,Fortaleza,Fortaleza,Marketplace,PIX,3,532.99,0.1
PED07388,2025-05-01,Impressora,Informática,Juazeiro do Norte,Interior,Site,PIX,3,887.33,0.0
PED08616,2025-05-01,SSD 1TB,Informática,Fortaleza,Fortaleza,Site,Cartão de Débito,1,399.28,0.1
PED09533,2025-05-01,Webcam,Acessórios,Fortaleza,Fortaleza,Loja Física,Cartão de Crédito,2,670.78,0.0
PED07474,2025-05-01,Notebook,Eletrônicos,Maracanaú,Região Metropolitana,Loja Física,Cartão de Débito,1,4788.86,0.0
PED00915,2025-05-01,Monitor,Eletrônicos,Fortaleza,Fortaleza,Loja Física,Boleto,1,1616.7,0.15
PED06630,2025-05-01,Fone Bluetooth,Áudio,Caucaia,Região Metropolitana,Loja Física,Boleto,1,143.42,0.05
PED07484,2025-05-01,Fone Bluetooth,Áudio,Fortaleza,Fortaleza,Marketplace,Cartão de Crédito,1,585.1,0.1
PED04801,2025-05-01,Mouse,Acessórios,Fortaleza,Fortaleza,Marketplace,Cartão de Débito,1,92.88,0.1
PED05496,2025-05-01,Monitor,Eletrônicos,Maracanaú,Região Metropolitana,Site,Cartão de Crédito,1,663.34,0.05
PED05925,2025-05-01,Fone Bluetooth,Áudio,Maracanaú,Região Metropolitana,Loja Física,PIX,1,341.71,0.0
PED05714,2025-05-01,Mesa Escritório,Móveis,Fortaleza,Fortaleza,Marketplace,PIX,2,1089.56,0.0
PED01192,2025-05-01,Headset,Acessórios,Juazeiro do Norte,Interior,Site,Cartão de Débito,1,312.24,0.0
PED01965,2025-05-01,SSD 1TB,Informática,Fortaleza,Fortaleza,Loja Física,PIX,1,649.34,0.0
PED02113,2025-05-01,Mouse,Acessórios,Sobral,Interior,Loja Física,Boleto,3,128.75,0.15
PED09953,2025-05-01,Mouse,Acessórios,Sobral,Interior,Loja Física,PIX,1,220.04,0.0
PED09629,2025-05-01,Roteador,Informática,Caucaia,Região Metropolitana,Site,Cartão de Crédito,1,300.41,0.15
PED06559,2025-05-02,Teclado,Acessórios,Sobral,Interior,Loja Física,PIX,2,416.07,0.1
PED05851,2025-05-02,Webcam,Acessórios,Caucaia,Região Metropolitana,Loja Física,PIX,1,605.74,0.0
PED02182,2025-05-02,Caixa de Som,Áudio,Maracanaú,Região Metropolitana,Loja Física,Boleto,1,789.77,0.0
PED06444,2025-05-02,Impressora,Informática,Itapipoca,Interior,Site,Boleto,1,1474.11,0.15
PED06426,2025-05-02,Mesa Escritório,Móveis,Maracanaú,Região Metropolitana,Site,Cartão de Crédito,3,1497.28,0.0
PED06983,2025-05-02,Webcam,Acessórios,Fortaleza,Fortaleza,Site,Cartão de Débito,1,576.68,0.0
PED02619,2025-05-02,Memória RAM,Informática,Itapipoca,Interior,Marketplace,Boleto,3,214.8,0.1
PED08963,2025-05-02,Headset,Acessórios,Sobral,Interior,Marketplace,Cartão de Crédito,1,103.25,0.1
PED07345,2025-05-02,Headset,Acessórios,Fortaleza,Fortaleza,Site,PIX,1,404.96,0.0
PED08542,2025-05-02,Fone Bluetooth,Áudio,Maracanaú,Região Metropolitana,Loja Física,Cartão de Débito,1,308.66,0.0
PED05037,2025-05-02,Monitor,Eletrônicos,Fortaleza,Fortaleza,Loja Física,Cartão de Débito,1,1322.54,0.1
PED09265,2025-05-02,Roteador,Informática,Maracanaú,Região Metropolitana,Site,Cartão de Crédito,1,593.9,0.0
PED02943,2025-05-02,Mouse,Acessórios,Sobral,Interior,Site,Boleto,3,299.5,0.0
PED04238,2025-05-02,Fone Bluetooth,Áudio,Fortaleza,Fortaleza,Marketplace,Cartão de Débito,1,291.74,0.0
PED03258,2025-05-02,Cadeira Gamer,Móveis,Fortaleza,Fortaleza,Marketplace,Cartão de Débito,1,2114.72,0.0
PED02434,2025-05-02,Monitor,Eletrônicos,Maracanaú,Região Metropolitana,Site,Boleto,2,667.49,0.0
PED06248,2025-05-02,Memória RAM,Informática,Fortaleza,Fortaleza,Site,Cartão de Crédito,2,517.06,0.1
PED00989,2025-05-02,Notebook,Eletrônicos,Itapipoca,Interior,Marketplace,Boleto,3,3564.11,0.0
PED01745,2025-05-03,Mouse,Acessórios,Fortaleza,Fortaleza,Site,Cartão de Crédito,1,287.05,0.0
PED08225,2025-05-03,Mouse,Acessórios,Itapipoca,Interior,Marketplace,Cartão de Débito,1,264.34,0.05
PED08809,2025-05-03,Mouse,Acessórios,Fortaleza,Fortaleza,Site,Cartão de Crédito,2,101.25,0.1
PED08244,2025-05-03,Teclado,Acessórios,Fortaleza,Fortaleza,Site,Boleto,3,117.98,0.05
PED05150,2025-05-03,Mesa Escritório,Móveis,Sobral,Interior,Loja Física,Cartão de Débito,3,1333.25,0.0
PED05087,2025-05-03,Mesa Escritório,Móveis,Juazeiro do Norte,Interior,Loja Física,Boleto,1,1042.63,0.1
PED01463,2025-05-03,Caixa de Som,Áudio,Caucaia,Região Metropolitana,Site,Boleto,3,445.28,0.05
PED07445,2025-05-03,Caixa de Som,Áudio,Fortaleza,Fortaleza,Marketplace,Cartão de Débito,2,157.3,0.05
PED08578,2025-05-03,Fone Bluetooth,Áudio,Sobral,Interior,Marketplace,Boleto,2,159.23,0.0
PED08960,2025-05-03,Headset,Acessórios,Fortaleza,Fortaleza,Loja Física,Boleto,1,280.67,0.15
PED09941,2025-05-03,Smartphone,Eletrônicos,Maracanaú,Região Metropolitana,Loja Física,Boleto,1,1178.95,0.0
PED02087,2025-05-03,SSD 1TB,Informática,Fortaleza,Fortaleza,Marketplace,Boleto,1,619.17,0.15
PED01602,2025-05-03,Teclado,Acessórios,Fortaleza,Fortaleza,Marketplace,Cartão de Crédito,1,205.47,0.05
PED00035,2025-05-03,Smartphone,Eletrônicos,Maracanaú,Região Metropolitana,Marketplace,Cartão de Crédito,2,2984.11,0.0
PED04327,2025-05-03,Smartphone,Eletrônicos,Maracanaú,Região Metropolitana,Loja Física,Cartão de Crédito,3,1760.96,0.0
PED08554,2025-05-03,Mouse,Acessórios,Maracanaú,Região Metropolitana,Site,Cartão de Crédito,4,70.24,0.0
PED02822,2025-05-04,Caixa de Som,Áudio,Fortaleza,Fortaleza,Site,PIX,3,396.05,0.0
PED04452,2025-05-04,Caixa de Som,Áudio,Fortaleza,Fortaleza,Loja Física,Cartão de Débito,1,380.89,0.1
PED07553,2025-05-04,Roteador,Informática,Caucaia,Região Metropolitana,Marketplace,PIX,2,281.55,0.1
PED04496,2025-05-04,Mouse,Acessórios,Sobral,Interior,Loja Física,PIX,1,68.1,0.0
PED08603,2025-05-04,Monitor,Eletrônicos,Fortaleza,Fortaleza,Loja Física,Cartão de Crédito,1,1122.09,0.15
PED01668,2025-05-04,Monitor,Eletrônicos,Fortaleza,Fortaleza,Marketplace,Cartão de Débito,4,807.87,0.1
PED07332,2025-05-04,Memória RAM,Informática,Fortaleza,Fortaleza,Marketplace,Cartão de Crédito,2,208.0,0.0
PED08421,2025-05-04,Memória RAM,Informática,Fortaleza,Fortaleza,Site,Cartão de Crédito,3,347.96,0.0
PED08420,2025-05-04,Monitor,Eletrônicos,Fortaleza,Fortaleza,Loja Física,Cartão de Crédito,2,1807.94,0.05
PED01725,2025-05-04,SSD 1TB,Informática,Fortaleza,Fortaleza,Site,Cartão de Débito,1,319.88,0.0
PED01214,2025-05-04,Webcam,Acessórios,Fortaleza,Fortaleza,Loja Física,Cartão de Crédito,1,231.9,0.05
PED05843,2025-05-04,Mouse,Acessórios,Fortaleza,Fortaleza,Marketplace,Cartão de Crédito,1,265.31,0.05
PED02253,2025-05-04,Impressora,Informática,Fortaleza,Fortaleza,Site,Boleto,1,1303.73,0.0
PED08425,2025-05-04,Fone Bluetooth,Áudio,Maracanaú,Região Metropolitana,Marketplace,Cartão de Débito,1,471.98,0.0
PED02197,2025-05-04,Webcam,Acessórios,Fortaleza,Fortaleza,Marketplace,Boleto,2,221.82,0.05
PED08003,2025-05-04,Mouse,Acessórios,Fortaleza,Fortaleza,Marketplace,Cartão de Débito,1,76.85,0.0
PED02906,2025-05-04,Notebook,Eletrônicos,Sobral,Interior,Marketplace,Cartão de Crédito,1,3804.02,0.1
PED08116,2025-05-04,Smartphone,Eletrônicos,Fortaleza,Fortaleza,Site,Boleto,3,1142.43,0.05
PED01443,2025-05-05,Roteador,Informática,Maracanaú,Região Metropolitana,Marketplace,PIX,2,427.12,0.0
PED04544,2025-05-05,Notebook,Eletrônicos,Fortaleza,Fortaleza,Loja Física,Cartão de Débito,1,4409.08,0.0
PED04573,2025-05-05,Monitor,Eletrônicos,Fortaleza,Fortaleza,Loja Física,Cartão de Crédito,1,723.98,0.1
PED08096,2025-05-05,SSD 1TB,Informática,Fortaleza,Fortaleza,Loja Física,PIX,1,310.74,0.0
PED09088,2025-05-05,Monitor,Eletrônicos,Fortaleza,Fortaleza,Site,PIX,1,1876.37,0.05
PED02176,2025-05-05,Headset,Acessórios,Fortaleza,Fortaleza,Marketplace,Boleto,1,348.28,0.0
PED03770,2025-05-05,Cadeira Gamer,Móveis,Caucaia,Região Metropolitana,Site,Boleto,2,1886.19,0.0
PED02459,2025-05-05,Fone Bluetooth,Áudio,Itapipoca,Interior,Site,Cartão de Débito,1,604.26,0.0
PED08845,2025-05-05,Headset,Acessórios,Fortaleza,Fortaleza,Loja Física,Cartão de Débito,1,520.1,0.05
PED01161,2025-05-05,Impressora,Informática,Caucaia,Região Metropolitana,Site,Cartão de Crédito,1,578.78,0.0
PED04659,2025-05-05,Mouse,Acessórios,Juazeiro do Norte,Interior,Marketplace,Cartão de Crédito,2,115.52,0.0
PED04747,2025-05-05,Teclado,Acessórios,Sobral,Interior,Site,Cartão de Crédito,1,171.78,0.0
PED00623,2025-05-05,Fone Bluetooth,Áudio,Sobral,Interior,Marketplace,Cartão de Crédito,2,299.33,0.1
PED00600,2025-05-05,Memória RAM,Informática,Juazeiro do Norte,Interior,Site,Cartão de Crédito,1,380.74,0.0
PED08701,2025-05-05,Caixa de Som,Áudio,Sobral,Interior,Marketplace,Cartão de Crédito,2,770.47,0.05
PED04489,2025-05-05,Smartphone,Eletrônicos,Caucaia,Região Metropolitana,Loja Física,Cartão de Crédito,3,3326.8,0.0
PED09891,2025-05-05,Impressora,Informática,Fortaleza,Fortaleza,Loja Física,Cartão de Crédito,1,1746.2,0.0
PED00903,2025-05-05,Webcam,Acessórios,Fortaleza,Fortaleza,Marketplace,Cartão de Crédito,3,617.44,0.0
PED00110,2025-05-05,Monitor,Eletrônicos,Juazeiro do Norte,Interior,Loja Física,Cartão de Crédito,1,1537.23,0.05
PED08891,2025-05-05,Roteador,Informática,Fortaleza,Fortaleza,Site,Boleto,2,523.31,0.0
PED04194,2025-05-06,Webcam,Acessórios,Fortaleza,Fortaleza,Marketplace,PIX,1,367.1,0.0
PED09821,2025-05-06,Mesa Escritório,Móveis,Caucaia,Região Metropolitana,Marketplace,Cartão de Débito,2,963.9,0.1
PED02538,2025-05-06,Mouse,Acessórios,Caucaia,Região Metropolitana,Marketplace,Boleto,1,243.66,0.05
PED05770,2025-05-06,Cadeira Gamer,Móveis,Itapipoca,Interior,Marketplace,PIX,1,1158.99,0.1
PED09585,2025-05-06,SSD 1TB,Informática,Fortaleza,Fortaleza,Marketplace,Cartão de Débito,1,381.76,0.1
PED08137,2025-05-06,Webcam,Acessórios,Maracanaú,Região Metropolitana,Site,PIX,1,281.39,0.0
PED09527,2025-05-06,Mesa Escritório,Móveis,Maracanaú,Região Metropolitana,Site,Boleto,2,1279.28,0.1
PED01012,2025-05-06,Memória RAM,Informática,Maracanaú,Região Metropolitana,Loja Física,Cartão de Débito,1,501.31,0.0
PED08001,2025-05-07,Monitor,Eletrônicos,Fortaleza,Fortaleza,Site,Boleto,1,1339.54,0.0
PED00476,2025-05-07,Notebook,Eletrônicos,Fortaleza,Fortaleza,Marketplace,Cartão de Débito,1,4765.51,0.0
PED00449,2025-05-07,Mouse,Acessórios,Fortaleza,Fortaleza,Marketplace,PIX,1,102.9,0.0
PED00474,2025-05-07,Monitor,Eletrônicos,Fortaleza,Fortaleza,Site,PIX,1,1118.99,0.0
PED00691,2025-05-07,Cadeira Gamer,Móveis,Maracanaú,Região Metropolitana,Loja Física,PIX,2,1744.65,0.0
PED05114,2025-05-07,Notebook,Eletrônicos,Itapipoca,Interior,Marketplace,Boleto,1,5965.33,0.0
PED02469,2025-05-07,Notebook,Eletrônicos,Maracanaú,Região Metropolitana,Loja Física,Boleto,1,4945.99,0.05
PED08011,2025-05-07,Caixa de Som,Áudio,Fortaleza,Fortaleza,Site,PIX,1,153.35,0.0
PED08259,2025-05-07,Webcam,Acessórios,Maracanaú,Região Metropolitana,Site,Cartão de Crédito,1,205.19,0.05
PED05269,2025-05-07,Roteador,Informática,Fortaleza,Fortaleza,Marketplace,Cartão de Débito,1,495.42,0.0
PED00502,2025-05-07,Webcam,Acessórios,Fortaleza,Fortaleza,Site,Boleto,1,501.9,0.05
PED03016,2025-05-07,Fone Bluetooth,Áudio,Caucaia,Região Metropolitana,Marketplace,PIX,1,512.33,0.05
PED05044,2025-05-07,Headset,Acessórios,Maracanaú,Região Metropolitana,Site,Cartão de Débito,4,207.42,0.0
PED03671,2025-05-07,Smartphone,Eletrônicos,Itapipoca,Interior,Marketplace,PIX,1,3554.61,0.05
PED02002,2025-05-07,Smartphone,Eletrônicos,Juazeiro do Norte,Interior,Loja Física,Cartão de Crédito,2,2996.02,0.0
PED07816,2025-05-07,Impressora,Informática,Juazeiro do Norte,Interior,Loja Física,Cartão de Débito,3,1507.05,0.05
PED05530,2025-05-07,SSD 1TB,Informática,Fortaleza,Fortaleza,Loja Física,Boleto,1,355.92,0.1
PED01939,2025-05-07,Headset,Acessórios,Fortaleza,Fortaleza,Site,Boleto,1,289.37,0.0
PED09843,2025-05-07,Caixa de Som,Áudio,Fortaleza,Fortaleza,Marketplace,PIX,1,790.82,0.15
PED00056,2025-05-08,Impressora,Informática,Juazeiro do Norte,Interior,Marketplace,Cartão de Débito,1,1183.9,0.05
PED06508,2025-05-08,Notebook,Eletrônicos,Sobral,Interior,Loja Física,PIX,1,3760.04,0.0
PED06338,2025-05-08,Headset,Acessórios,Fortaleza,Fortaleza,Marketplace,Boleto,3,307.48,0.0
PED08727,2025-05-08,Monitor,Eletrônicos,Maracanaú,Região Metropolitana,Loja Física,Cartão de Crédito,1,1277.77,0.05
PED03625,2025-05-08,Smartphone,Eletrônicos,Fortaleza,Fortaleza,Loja Física,PIX,1,1295.24,0.0
PED04499,2025-05-08,Memória RAM,Informática,Fortaleza,Fortaleza,Loja Física,Boleto,1,332.82,0.0
PED00223,2025-05-08,Monitor,Eletrônicos,Caucaia,Região Metropolitana,Marketplace,Cartão de Crédito,3,1030.16,0.0
PED07278,2025-05-08,Mesa Escritório,Móveis,Juazeiro do Norte,Interior,Loja Física,Boleto,1,1171.88,0.0
PED01187,2025-05-08,Memória RAM,Informática,Itapipoca,Interior,Site,PIX,2,396.51,0.0
PED07076,2025-05-08,Caixa de Som,Áudio,Fortaleza,Fortaleza,Loja Física,Cartão de Crédito,2,556.76,0.0
PED08501,2025-05-08,Cadeira Gamer,Móveis,Caucaia,Região Metropolitana,Marketplace,Cartão de Débito,2,854.95,0.05
PED09711,2025-05-08,Roteador,Informática,Fortaleza,Fortaleza,Loja Física,Cartão de Débito,1,396.3,0.0
PED04575,2025-05-08,Cadeira Gamer,Móveis,Fortaleza,Fortaleza,Loja Física,Boleto,1,1219.17,0.0
PED00191,2025-05-08,Memória RAM,Informática,Juazeiro do Norte,Interior,Site,PIX,2,455.25,0.0
PED06622,2025-05-08,SSD 1TB,Informática,Maracanaú,Região Metropolitana,Marketplace,Cartão de Crédito,1,336.84,0.0
PED02160,2025-05-08,Headset,Acessórios,Itapipoca,Interior,Loja Física,Cartão de Débito,1,503.89,0.0
PED02012,2025-05-08,Roteador,Informática,Caucaia,Região Metropolitana,Marketplace,Boleto,1,272.2,0.0
PED09208,2025-05-09,Memória RAM,Informática,Fortaleza,Fortaleza,Site,Boleto,3,410.78,0.0
PED01447,2025-05-09,SSD 1TB,Informática,Sobral,Interior,Marketplace,Cartão de Crédito,1,567.29,0.1
PED06045,2025-05-09,Teclado,Acessórios,Fortaleza,Fortaleza,Marketplace,Boleto,3,146.44,0.0
PED03314,2025-05-09,Fone Bluetooth,Áudio,Fortaleza,Fortaleza,Marketplace,PIX,3,444.18,0.1
PED09300,2025-05-09,SSD 1TB,Informática,Fortaleza,Fortaleza,Loja Física,PIX,2,549.09,0.05
PED07456,2025-05-09,Mouse,Acessórios,Itapipoca,Interior,Marketplace,PIX,1,238.45,0.0
PED00021,2025-05-09,SSD 1TB,Informática,Sobral,Interior,Loja Física,Boleto,4,630.33,0.0
PED08923,2025-05-09,Cadeira Gamer,Móveis,Itapipoca,Interior,Site,PIX,1,2157.5,0.1
PED07916,2025-05-09,Headset,Acessórios,Juazeiro do Norte,Interior,Marketplace,Cartão de Crédito,1,484.07,0.05
PED03123,2025-05-09,Mesa Escritório,Móveis,Caucaia,Região Metropolitana,Marketplace,Boleto,1,781.91,0.15
PED06578,2025-05-09,Mouse,Acessórios,Caucaia,Região Metropolitana,Loja Física,Boleto,1,276.99,0.0
PED00144,2025-05-09,Roteador,Informática,Juazeiro do Norte,Interior,Marketplace,Cartão de Crédito,1,190.19,0.0
PED04033,2025-05-10,Mesa Escritório,Móveis,Caucaia,Região Metropolitana,Loja Física,Cartão de Débito,2,1388.19,0.05
PED00077,2025-05-10,Teclado,Acessórios,Fortaleza,Fortaleza,Site,PIX,1,284.31,0.0
PED05419,2025-05-10,Roteador,Informática,Fortaleza,Fortaleza,Marketplace,Boleto,1,294.91,0.0
PED01315,2025-05-10,Teclado,Acessórios,Fortaleza,Fortaleza,Site,Cartão de Débito,1,253.0,0.0
PED08751,2025-05-10,SSD 1TB,Informática,Fortaleza,Fortaleza,Marketplace,Boleto,2,566.62,0.15
PED08336,2025-05-10,Roteador,Informática,Sobral,Interior,Site,Cartão de Débito,1,487.48,0.0
PED03918,2025-05-10,Roteador,Informática,Maracanaú,Região Metropolitana,Site,PIX,1,438.7,0.05
PED01303,2025-05-10,Headset,Acessórios,Caucaia,Região Metropolitana,Marketplace,PIX,1,380.46,0.0
PED08091,2025-05-10,Webcam,Acessórios,Sobral,Interior,Site,Cartão de Débito,2,170.23,0.05
PED05984,2025-05-10,Cadeira Gamer,Móveis,Maracanaú,Região Metropolitana,Site,Cartão de Débito,1,1510.4,0.0
PED01181,2025-05-10,Monitor,Eletrônicos,Fortaleza,Fortaleza,Loja Física,Boleto,2,1359.45,0.05
PED01146,2025-05-10,Webcam,Acessórios,Fortaleza,Fortaleza,Marketplace,Cartão de Crédito,1,181.82,0.05
PED06851,2025-05-10,Mouse,Acessórios,Fortaleza,Fortaleza,Site,PIX,1,135.97,0.1
PED00978,2025-05-10,Memória RAM,Informática,Fortaleza,Fortaleza,Marketplace,Cartão de Débito,2,235.49,0.05
PED09980,2025-05-10,Memória RAM,Informática,Caucaia,Região Metropolitana,Marketplace,Cartão de Débito,2,170.92,0.0
PED00057,2025-05-11,Impressora,Informática,Caucaia,Região Metropolitana,Loja Física,Boleto,1,1381.16,0.0
PED06663,2025-05-11,Fone Bluetooth,Áudio,Juazeiro do Norte,Interior,Marketplace,Cartão de Débito,2,500.79,0.0
PED07059,2025-05-11,SSD 1TB,Informática,Maracanaú,Região Metropolitana,Marketplace,Cartão de Débito,1,313.74,0.0
PED09985,2025-05-11,Fone Bluetooth,Áudio,Maracanaú,Região Metropolitana,Site,Cartão de Débito,1,596.28,0.1
PED08484,2025-05-11,Notebook,Eletrônicos,Juazeiro do Norte,Interior,Loja Física,Cartão de Débito,1,6041.45,0.0
PED06202,2025-05-11,Fone Bluetooth,Áudio,Fortaleza,Fortaleza,Marketplace,Cartão de Crédito,1,318.35,0.1
PED09043,2025-05-11,Fone Bluetooth,Áudio,Caucaia,Região Metropolitana,Marketplace,Cartão de Débito,1,372.18,0.0
PED04897,2025-05-11,Cadeira Gamer,Móveis,Juazeiro do Norte,Interior,Marketplace,Cartão de Crédito,1,1869.92,0.1
PED00800,2025-05-11,Teclado,Acessórios,Maracanaú,Região Metropolitana,Loja Física,PIX,4,176.63,0.0
PED00942,2025-05-11,Webcam,Acessórios,Fortaleza,Fortaleza,Marketplace,Cartão de Débito,2,608.09,0.0
PED08207,2025-05-11,Notebook,Eletrônicos,Itapipoca,Interior,Marketplace,Cartão de Débito,1,6353.88,0.0
PED05167,2025-05-11,Monitor,Eletrônicos,Juazeiro do Norte,Interior,Marketplace,Cartão de Crédito,3,921.11,0.0
PED04586,2025-05-11,Fone Bluetooth,Áudio,Fortaleza,Fortaleza,Marketplace,Cartão de Débito,4,114.22,0.0
PED01884,2025-05-11,Impressora,Informática,Maracanaú,Região Metropolitana,Marketplace,Cartão de Crédito,2,1626.48,0.0
PED05973,2025-05-11,Roteador,Informática,Fortaleza,Fortaleza,Site,Cartão de Débito,1,215.79,0.1
PED01809,2025-05-11,Memória RAM,Informática,Fortaleza,Fortaleza,Site,Cartão de Crédito,2,433.24,0.05
PED08299,2025-05-11,SSD 1TB,Informática,Fortaleza,Fortaleza,Loja Física,PIX,2,413.49,0.0
PED04727,2025-05-11,Smartphone,Eletrônicos,Fortaleza,Fortaleza,Site,PIX,1,3536.47,0.15
PED01807,2025-05-12,Memória RAM,Informática,Fortaleza,Fortaleza,Site,Boleto,2,175.25,0.1
PED08750,2025-05-12,Caixa de Som,Áudio,Maracanaú,Região Metropolitana,Loja Física,PIX,1,158.12,0.05
PED01784,2025-05-12,Fone Bluetooth,Áudio,Fortaleza,Fortaleza,Loja Física,Cartão de Crédito,1,122.42,0.0
PED06290,2025-05-12,Impressora,Informática,Fortaleza,Fortaleza,Marketplace,Cartão de Débito,1,726.94,0.0
PED05317,2025-05-12,Headset,Acessórios,Caucaia,Região Metropolitana,Marketplace,Boleto,1,487.32,0.0
PED06676,2025-05-12,Webcam,Acessórios,Fortaleza,Fortaleza,Marketplace,Cartão de Débito,1,680.17,0.05
PED00590,2025-05-12,Mesa Escritório,Móveis,Juazeiro do Norte,Interior,Loja Física,Boleto,1,1000.07,0.0
PED06633,2025-05-12,Headset,Acessórios,Fortaleza,Fortaleza,Site,Cartão de Débito,2,443.5,0.05
PED08197,2025-05-12,Mouse,Acessórios,Itapipoca,Interior,Marketplace,PIX,1,289.6,0.05
PED01067,2025-05-12,SSD 1TB,Informática,Sobral,Interior,Site,PIX,1,464.93,0.0
PED05120,2025-05-12,Roteador,Informática,Fortaleza,Fortaleza,Site,Boleto,1,369.83,0.0
PED03937,2025-05-12,Monitor,Eletrônicos,Fortaleza,Fortaleza,Loja Física,Cartão de Débito,2,1252.59,0.0
PED00238,2025-05-12,Mouse,Acessórios,Sobral,Interior,Loja Física,Boleto,1,137.03,0.05
PED02854,2025-05-12,Teclado,Acessórios,Fortaleza,Fortaleza,Site,Cartão de Débito,1,249.91,0.05
PED04346,2025-05-12,Memória RAM,Informática,Juazeiro do Norte,Interior,Loja Física,PIX,1,415.72,0.0
PED06252,2025-05-12,Mouse,Acessórios,Fortaleza,Fortaleza,Loja Física,Cartão de Débito,1,294.35,0.0
PED04308,2025-05-13,SSD 1TB,Informática,Juazeiro do Norte,Interior,Site,PIX,2,566.62,0.05
PED09975,2025-05-13,Notebook,Eletrônicos,Caucaia,Região Metropolitana,Marketplace,Boleto,1,3237.08,0.05
PED07864,2025-05-13,Cadeira Gamer,Móveis,Fortaleza,Fortaleza,Site,Boleto,2,1365.42,0.0
PED09896,2025-05-13,Caixa de Som,Áudio,Sobral,Interior,Marketplace,PIX,1,687.53,0.0
PED03427,2025-05-13,Webcam,Acessórios,Caucaia,Região Metropolitana,Loja Física,Cartão de Débito,1,525.27,0.0
PED04538,2025-05-13,Headset,Acessórios,Itapipoca,Interior,Loja Física,Cartão de Crédito,2,230.09,0.1
PED07640,2025-05-13,Webcam,Acessórios,Caucaia,Região Metropolitana,Marketplace,Cartão de Débito,2,598.78,0.0
PED05501,2025-05-13,Impressora,Informática,Sobral,Interior,Loja Física,Cartão de Crédito,1,1068.68,0.0
PED07663,2025-05-13,Cadeira Gamer,Móveis,Itapipoca,Interior,Marketplace,Cartão de Crédito,1,1609.59,0.0
PED09130,2025-05-13,Teclado,Acessórios,Maracanaú,Região Metropolitana,Loja Física,Cartão de Crédito,1,277.01,0.1
PED06092,2025-05-13,Cadeira Gamer,Móveis,Juazeiro do Norte,Interior,Loja Física,Cartão de Crédito,1,1798.64,0.1
PED09542,2025-05-13,Smartphone,Eletrônicos,Fortaleza,Fortaleza,Site,Cartão de Crédito,2,3487.54,0.15
PED03890,2025-05-13,Notebook,Eletrônicos,Fortaleza,Fortaleza,Loja Física,Cartão de Débito,1,3326.34,0.0
PED03705,2025-05-14,Impressora,Informática,Juazeiro do Norte,Interior,Loja Física,Cartão de Débito,1,1097.06,0.0
PED05378,2025-05-14,Fone Bluetooth,Áudio,Fortaleza,Fortaleza,Loja Física,Cartão de Débito,2,394.51,0.0
PED07471,2025-05-14,Cadeira Gamer,Móveis,Fortaleza,Fortaleza,Marketplace,Cartão de Débito,1,1100.44,0.0
PED06623,2025-05-14,Monitor,Eletrônicos,Fortaleza,Fortaleza,Loja Física,Cartão de Crédito,1,782.33,0.0
PED04124,2025-05-14,SSD 1TB,Informática,Fortaleza,Fortaleza,Marketplace,PIX,1,589.24,0.0
PED00724,2025-05-14,Mouse,Acessórios,Maracanaú,Região Metropolitana,Loja Física,Boleto,1,274.86,0.0
PED03154,2025-05-14,Monitor,Eletrônicos,Fortaleza,Fortaleza,Loja Física,Cartão de Crédito,1,708.99,0.0
PED04833,2025-05-14,Caixa de Som,Áudio,Maracanaú,Região Metropolitana,Site,Cartão de Débito,3,507.7,0.0
PED04094,2025-05-14,Mouse,Acessórios,Fortaleza,Fortaleza,Loja Física,Boleto,1,99.28,0.1
PED08562,2025-05-14,Smartphone,Eletrônicos,Fortaleza,Fortaleza,Marketplace,Cartão de Débito,1,3838.85,0.05
PED06179,2025-05-14,Monitor,Eletrônicos,Itapipoca,Interior,Marketplace,Cartão de Crédito,2,1345.99,0.0
PED05111,2025-05-14,SSD 1TB,Informática,Caucaia,Região Metropolitana,Marketplace,Cartão de Débito,2,414.26,0.0
PED02820,2025-05-14,Monitor,Eletrônicos,Caucaia,Região Metropolitana,Site,Cartão de Crédito,2,875.33,0.05
PED06250,2025-05-14,Headset,Acessórios,Fortaleza,Fortaleza,Marketplace,PIX,1,438.95,0.05
PED00985,2025-05-14,Webcam,Acessórios,Sobral,Interior,Site,Cartão de Crédito,1,378.78,0.0
PED00146,2025-05-14,Roteador,Informática,Fortaleza,Fortaleza,Marketplace,Cartão de Débito,2,511.35,0.0
PED03511,2025-05-14,Mesa Escritório,Móveis,Caucaia,Região Metropolitana,Site,PIX,1,1577.39,0.0
PED07680,2025-05-14,SSD 1TB,Informática,Itapipoca,Interior,Marketplace,Cartão de Crédito,1,310.19,0.0
PED04265,2025-05-14,Notebook,Eletrônicos,Juazeiro do Norte,Interior,Loja Física,Cartão de Débito,4,5089.87,0.1
PED07837,2025-05-14,Mesa Escritório,Móveis,Fortaleza,Fortaleza,Marketplace,Cartão de Crédito,1,1176.67,0.0
PED03532,2025-05-14,Headset,Acessórios,Juazeiro do Norte,Interior,Site,Boleto,3,542.57,0.1
PED09593,2025-05-14,Webcam,Acessórios,Fortaleza,Fortaleza,Marketplace,PIX,3,591.74,0.0
PED02151,2025-05-14,Roteador,Informática,Itapipoca,Interior,Site,Cartão de Débito,1,532.3,0.15
PED08440,2025-05-14,Notebook,Eletrônicos,Fortaleza,Fortaleza,Loja Física,Cartão de Débito,2,5831.1,0.05
PED03767,2025-05-15,Roteador,Informática,Fortaleza,Fortaleza,Site,Cartão de Crédito,2,384.7,0.1
PED00938,2025-05-15,Webcam,Acessórios,Itapipoca,Interior,Site,PIX,3,602.59,0.1
PED04626,2025-05-15,Impressora,Informática,Itapipoca,Interior,Loja Física,Cartão de Crédito,1,644.23,0.1
PED04694,2025-05-15,Impressora,Informática,Fortaleza,Fortaleza,Site,Cartão de Crédito,1,953.79,0.0
PED09655,2025-05-15,Mesa Escritório,Móveis,Maracanaú,Região Metropolitana,Site,Cartão de Crédito,1,674.35,0.05
PED04611,2025-05-15,Headset,Acessórios,Fortaleza,Fortaleza,Marketplace,Cartão de Crédito,1,107.42,0.1
PED06506,2025-05-15,Cadeira Gamer,Móveis,Fortaleza,Fortaleza,Loja Física,Boleto,1,1578.53,0.05
PED08944,2025-05-15,Smartphone,Eletrônicos,Fortaleza,Fortaleza,Site,PIX,1,3179.16,0.05
PED04591,2025-05-15,Headset,Acessórios,Fortaleza,Fortaleza,Site,Cartão de Crédito,2,219.03,0.0
PED03044,2025-05-15,Webcam,Acessórios,Sobral,Interior,Marketplace,Cartão de Crédito,1,685.71,0.0
PED08537,2025-05-15,Impressora,Informática,Sobral,Interior,Marketplace,Cartão de Crédito,1,1013.3,0.0
PED03246,2025-05-15,Smartphone,Eletrônicos,Caucaia,Região Metropolitana,Loja Física,Cartão de Débito,3,1213.25,0.05
PED02426,2025-05-15,Mouse,Acessórios,Juazeiro do Norte,Interior,Loja Física,Boleto,2,169.49,0.0
PED01154,2025-05-15,Fone Bluetooth,Áudio,Fortaleza,Fortaleza,Site,PIX,2,564.39,0.0
PED04400,2025-05-15,Notebook,Eletrônicos,Fortaleza,Fortaleza,Site,Boleto,1,5350.47,0.0
PED04914,2025-05-15,Roteador,Informática,Maracanaú,Região Metropolitana,Marketplace,Cartão de Débito,1,407.24,0.1
PED02861,2025-05-15,Roteador,Informática,Juazeiro do Norte,Interior,Loja Física,PIX,1,380.76,0.05
PED09916,2025-05-15,Cadeira Gamer,Móveis,Caucaia,Região Metropolitana,Loja Física,Cartão de Débito,1,1147.94,0.1
PED07593,2025-05-16,Memória RAM,Informática,Fortaleza,Fortaleza,Loja Física,Boleto,1,437.91,0.0
PED02520,2025-05-16,Cadeira Gamer,Móveis,Sobral,Interior,Loja Física,PIX,1,1028.87,0.0
PED05263,2025-05-16,Caixa de Som,Áudio,Fortaleza,Fortaleza,Marketplace,Cartão de Débito,2,640.91,0.0
PED09742,2025-05-16,Fone Bluetooth,Áudio,Caucaia,Região Metropolitana,Site,PIX,3,393.99,0.15
PED02464,2025-05-16,Caixa de Som,Áudio,Fortaleza,Fortaleza,Marketplace,Boleto,3,380.21,0.0
PED07778,2025-05-16,Cadeira Gamer,Móveis,Juazeiro do Norte,Interior,Marketplace,Boleto,3,1486.51,0.0
PED00718,2025-05-16,Caixa de Som,Áudio,Fortaleza,Fortaleza,Loja Física,PIX,4,421.56,0.0
PED02430,2025-05-16,Webcam,Acessórios,Juazeiro do Norte,Interior,Loja Física,PIX,1,498.02,0.0
PED06165,2025-05-16,Monitor,Eletrônicos,Juazeiro do Norte,Interior,Site,PIX,2,673.32,0.1
PED00362,2025-05-16,Cadeira Gamer,Móveis,Fortaleza,Fortaleza,Site,PIX,1,1004.87,0.1
PED08148,2025-05-16,Mouse,Acessórios,Fortaleza,Fortaleza,Site,Cartão de Débito,2,218.24,0.1
PED00807,2025-05-16,Mesa Escritório,Móveis,Fortaleza,Fortaleza,Site,Cartão de Débito,2,724.92,0.15
PED07307,2025-05-16,Teclado,Acessórios,Maracanaú,Região Metropolitana,Loja Física,PIX,1,234.94,0.0
PED03539,2025-05-17,Monitor,Eletrônicos,Itapipoca,Interior,Site,Boleto,1,1078.87,0.0
PED01098,2025-05-17,Smartphone,Eletrônicos,Maracanaú,Região Metropolitana,Site,Cartão de Crédito,4,3187.27,0.05
PED01761,2025-05-17,Webcam,Acessórios,Caucaia,Região Metropolitana,Marketplace,Cartão de Crédito,1,262.68,0.05
PED07073,2025-05-17,Caixa de Som,Áudio,Fortaleza,Fortaleza,Site,Boleto,1,769.76,0.0
PED02933,2025-05-17,Webcam,Acessórios,Fortaleza,Fortaleza,Loja Física,Cartão de Crédito,1,482.44,0.0
PED08168,2025-05-17,SSD 1TB,Informática,Fortaleza,Fortaleza,Loja Física,Cartão de Crédito,2,396.39,0.0
PED02015,2025-05-17,Teclado,Acessórios,Itapipoca,Interior,Loja Física,Cartão de Débito,2,434.57,0.05
PED08178,2025-05-17,Monitor,Eletrônicos,Sobral,Interior,Loja Física,Cartão de Débito,1,1148.89,0.15
PED00202,2025-05-17,Impressora,Informática,Fortaleza,Fortaleza,Loja Física,Cartão de Débito,1,1232.52,0.1
PED00911,2025-05-17,Impressora,Informática,Caucaia,Região Metropolitana,Site,Cartão de Crédito,3,1409.33,0.0
PED09432,2025-05-17,Mouse,Acessórios,Fortaleza,Fortaleza,Site,Cartão de Débito,1,206.29,0.05
PED09041,2025-05-17,Roteador,Informática,Maracanaú,Região Metropolitana,Site,PIX,1,374.23,0.0
PED08930,2025-05-17,Mesa Escritório,Móveis,Caucaia,Região Metropolitana,Loja Física,Cartão de Débito,1,1207.37,0.0
PED07428,2025-05-17,Mesa Escritório,Móveis,Maracanaú,Região Metropolitana,Site,Cartão de Débito,1,940.7,0.0
PED06521,2025-05-17,Mesa Escritório,Móveis,Sobral,Interior,Site,PIX,1,1023.35,0.0
PED06557,2025-05-17,Mesa Escritório,Móveis,Caucaia,Região Metropolitana,Site,Cartão de Crédito,1,454.37,0.0
PED06893,2025-05-17,Monitor,Eletrônicos,Juazeiro do Norte,Interior,Site,Cartão de Crédito,1,792.24,0.0
PED04829,2025-05-17,Headset,Acessórios,Juazeiro do Norte,Interior,Marketplace,Cartão de Débito,1,443.05,0.0
PED06064,2025-05-17,Fone Bluetooth,Áudio,Fortaleza,Fortaleza,Loja Física,Cartão de Crédito,1,176.47,0.1
PED03128,2025-05-17,Fone Bluetooth,Áudio,Fortaleza,Fortaleza,Marketplace,Cartão de Crédito,2,233.14,0.1
PED07176,2025-05-17,SSD 1TB,Informática,Fortaleza,Fortaleza,Loja Física,Cartão de Crédito,2,568.73,0.0
PED07763,2025-05-17,Cadeira Gamer,Móveis,Fortaleza,Fortaleza,Site,Boleto,1,1960.1,0.1
PED04539,2025-05-18,Cadeira Gamer,Móveis,Fortaleza,Fortaleza,Marketplace,Cartão de Débito,1,2157.4,0.0
PED04507,2025-05-18,Notebook,Eletrônicos,Sobral,Interior,Marketplace,Cartão de Crédito,1,5350.98,0.0
PED03434,2025-05-18,Caixa de Som,Áudio,Caucaia,Região Metropolitana,Marketplace,Boleto,1,635.44,0.0
PED02665,2025-05-18,Memória RAM,Informática,Fortaleza,Fortaleza,Marketplace,Cartão de Débito,1,289.82,0.0
PED06017,2025-05-18,Mesa Escritório,Móveis,Itapipoca,Interior,Loja Física,Cartão de Crédito,1,630.42,0.1
PED09609,2025-05-18,Headset,Acessórios,Maracanaú,Região Metropolitana,Loja Física,Cartão de Débito,3,457.44,0.0
PED02850,2025-05-18,Headset,Acessórios,Itapipoca,Interior,Loja Física,PIX,1,155.62,0.1
PED09178,2025-05-18,Smartphone,Eletrônicos,Fortaleza,Fortaleza,Loja Física,Boleto,1,2468.49,0.05
PED05110,2025-05-18,Caixa de Som,Áudio,Itapipoca,Interior,Marketplace,PIX,3,161.55,0.0
PED05675,2025-05-18,Caixa de Som,Áudio,Sobral,Interior,Loja Física,Boleto,1,743.54,0.0
PED08018,2025-05-18,Fone Bluetooth,Áudio,Itapipoca,Interior,Loja Física,PIX,1,566.28,0.05
PED06571,2025-05-18,Teclado,Acessórios,Caucaia,Região Metropolitana,Site,PIX,4,105.48,0.0
PED00472,2025-05-18,Roteador,Informática,Caucaia,Região Metropolitana,Site,Boleto,1,318.07,0.05
PED00631,2025-05-18,SSD 1TB,Informática,Itapipoca,Interior,Site,PIX,1,459.56,0.0
PED00658,2025-05-19,Webcam,Acessórios,Caucaia,Região Metropolitana,Site,Cartão de Crédito,2,402.96,0.0
PED08138,2025-05-19,Roteador,Informática,Itapipoca,Interior,Site,PIX,1,560.45,0.05
PED03471,2025-05-19,Mouse,Acessórios,Fortaleza,Fortaleza,Marketplace,Cartão de Débito,2,277.81,0.0
PED06940,2025-05-19,Mouse,Acessórios,Fortaleza,Fortaleza,Loja Física,Cartão de Crédito,1,269.15,0.1
PED06952,2025-05-19,Memória RAM,Informática,Itapipoca,Interior,Loja Física,Boleto,3,150.47,0.05
PED00950,2025-05-19,Cadeira Gamer,Móveis,Itapipoca,Interior,Loja Física,Cartão de Crédito,2,823.46,0.0
PED07171,2025-05-19,Mesa Escritório,Móveis,Sobral,Interior,Site,Boleto,1,923.14,0.1
PED07002,2025-05-19,Mouse,Acessórios,Sobral,Interior,Marketplace,PIX,1,282.09,0.05
PED07750,2025-05-19,Memória RAM,Informática,Fortaleza,Fortaleza,Loja Física,Cartão de Crédito,1,397.61,0.0
PED07434,2025-05-19,Mesa Escritório,Móveis,Fortaleza,Fortaleza,Loja Física,PIX,1,1575.03,0.1
PED02667,2025-05-19,Cadeira Gamer,Móveis,Fortaleza,Fortaleza,Site,Cartão de Crédito,1,1757.68,0.0
PED00846,2025-05-19,Monitor,Eletrônicos,Maracanaú,Região Metropolitana,Site,Cartão de Crédito,1,716.11,0.0
PED06721,2025-05-19,Impressora,Informática,Fortaleza,Fortaleza,Loja Física,Cartão de Crédito,3,649.67,0.0
PED05554,2025-05-19,Headset,Acessórios,Caucaia,Região Metropolitana,Site,PIX,3,174.09,0.0
PED09683,2025-05-19,Memória RAM,Informática,Maracanaú,Região Metropolitana,Site,PIX,1,468.56,0.0
PED09575,2025-05-19,Webcam,Acessórios,Fortaleza,Fortaleza,Loja Física,PIX,1,143.01,0.1
PED05750,2025-05-19,Teclado,Acessórios,Juazeiro do Norte,Interior,Site,Cartão de Crédito,1,295.53,0.1
PED05426,2025-05-19,SSD 1TB,Informática,Sobral,Interior,Site,PIX,1,537.97,0.1
PED09519,2025-05-19,Mouse,Acessórios,Fortaleza,Fortaleza,Site,PIX,1,149.02,0.1
PED02195,2025-05-19,Cadeira Gamer,Móveis,Juazeiro do Norte,Interior,Site,Cartão de Crédito,1,1987.24,0.0
PED09489,2025-05-19,Teclado,Acessórios,Maracanaú,Região Metropolitana,Marketplace,PIX,1,226.49,0.0
PED06715,2025-05-19,Caixa de Som,Áudio,Fortaleza,Fortaleza,Marketplace,Boleto,1,395.11,0.1
PED02309,2025-05-19,Mesa Escritório,Móveis,Juazeiro do Norte,Interior,Marketplace,Boleto,3,1361.41,0.0
PED06328,2025-05-19,Cadeira Gamer,Móveis,Fortaleza,Fortaleza,Loja Física,PIX,1,936.5,0.0
PED04768,2025-05-19,Fone Bluetooth,Áudio,Caucaia,Região Metropolitana,Marketplace,PIX,2,182.33,0.0
PED02958,2025-05-19,Webcam,Acessórios,Fortaleza,Fortaleza,Site,PIX,2,311.11,0.05
PED06278,2025-05-19,Mesa Escritório,Móveis,Itapipoca,Interior,Marketplace,Boleto,1,1385.37,0.05
PED06272,2025-05-19,Memória RAM,Informática,Sobral,Interior,Marketplace,Cartão de Crédito,1,416.18,0.05
PED04950,2025-05-19,Cadeira Gamer,Móveis,Sobral,Interior,Loja Física,Cartão de Crédito,2,741.57,0.05
PED05135,2025-05-19,Cadeira Gamer,Móveis,Caucaia,Região Metropolitana,Loja Física,PIX,1,1502.72,0.0
PED01501,2025-05-19,Mouse,Acessórios,Caucaia,Região Metropolitana,Loja Física,Boleto,1,42.55,0.0
PED03967,2025-05-20,Monitor,Eletrônicos,Caucaia,Região Metropolitana,Marketplace,Cartão de Crédito,1,1766.98,0.0
PED02455,2025-05-20,Fone Bluetooth,Áudio,Fortaleza,Fortaleza,Loja Física,Cartão de Débito,1,522.84,0.15
PED08668,2025-05-20,Impressora,Informática,Sobral,Interior,Loja Física,Boleto,1,1262.61,0.0
PED07314,2025-05-20,SSD 1TB,Informática,Sobral,Interior,Loja Física,Cartão de Crédito,1,392.88,0.0
PED09339,2025-05-20,SSD 1TB,Informática,Itapipoca,Interior,Marketplace,Cartão de Crédito,1,394.68,0.1
PED09554,2025-05-20,Headset,Acessórios,Fortaleza,Fortaleza,Site,PIX,1,243.27,0.05
PED07522,2025-05-20,Cadeira Gamer,Móveis,Fortaleza,Fortaleza,Marketplace,Cartão de Crédito,1,979.53,0.0
PED04011,2025-05-20,Smartphone,Eletrônicos,Juazeiro do Norte,Interior,Marketplace,Cartão de Crédito,1,3424.43,0.1
PED06158,2025-05-20,Impressora,Informática,Itapipoca,Interior,Site,PIX,4,1197.65,0.0
PED05689,2025-05-20,Memória RAM,Informática,Fortaleza,Fortaleza,Site,Cartão de Crédito,1,452.29,0.0
PED01085,2025-05-20,Caixa de Som,Áudio,Fortaleza,Fortaleza,Site,Boleto,1,439.33,0.0
PED09793,2025-05-20,Fone Bluetooth,Áudio,Juazeiro do Norte,Interior,Site,Cartão de Crédito,1,198.72,0.05
PED08897,2025-05-20,Cadeira Gamer,Móveis,Juazeiro do Norte,Interior,Site,PIX,2,1756.91,0.0
PED07721,2025-05-20,Impressora,Informática,Caucaia,Região Metropolitana,Loja Física,Cartão de Débito,2,651.34,0.05
PED00909,2025-05-20,Impressora,Informática,Maracanaú,Região Metropolitana,Loja Física,Boleto,1,800.09,0.1
PED07799,2025-05-20,Webcam,Acessórios,Fortaleza,Fortaleza,Loja Física,Cartão de Débito,1,305.35,0.0
PED04256,2025-05-20,Roteador,Informática,Fortaleza,Fortaleza,Site,Cartão de Crédito,1,201.92,0.1
PED04912,2025-05-21,Webcam,Acessórios,Sobral,Interior,Marketplace,Cartão de Crédito,1,676.11,0.1
PED00377,2025-05-21,Cadeira Gamer,Móveis,Maracanaú,Região Metropolitana,Marketplace,PIX,1,903.94,0.0
PED05561,2025-05-21,Smartphone,Eletrônicos,Sobral,Interior,Site,Boleto,2,3039.12,0.0
PED01048,2025-05-21,Monitor,Eletrônicos,Sobral,Interior,Site,PIX,3,1072.98,0.0
PED09518,2025-05-21,Cadeira Gamer,Móveis,Sobral,Interior,Marketplace,Cartão de Crédito,1,1088.15,0.0
PED01878,2025-05-21,Impressora,Informática,Fortaleza,Fortaleza,Loja Física,PIX,1,752.49,0.1
PED01882,2025-05-21,Mouse,Acessórios,Maracanaú,Região Metropolitana,Site,Cartão de Crédito,1,263.75,0.1
PED05484,2025-05-21,Smartphone,Eletrônicos,Juazeiro do Norte,Interior,Marketplace,Cartão de Débito,3,3656.71,0.0
PED03004,2025-05-21,Impressora,Informática,Fortaleza,Fortaleza,Loja Física,Cartão de Débito,2,907.29,0.15
PED09196,2025-05-21,SSD 1TB,Informática,Maracanaú,Região Metropolitana,Loja Física,PIX,2,565.77,0.0
PED00131,2025-05-21,Headset,Acessórios,Fortaleza,Fortaleza,Marketplace,PIX,1,505.57,0.0
PED02236,2025-05-21,Monitor,Eletrônicos,Juazeiro do Norte,Interior,Site,Boleto,1,1192.73,0.1
PED07550,2025-05-21,Teclado,Acessórios,Caucaia,Região Metropolitana,Loja Física,PIX,3,97.1,0.05
PED02001,2025-05-21,Notebook,Eletrônicos,Juazeiro do Norte,Interior,Marketplace,PIX,1,4396.36,0.05
PED04104,2025-05-21,Notebook,Eletrônicos,Sobral,Interior,Loja Física,Boleto,1,5758.94,0.15
PED07583,2025-05-21,Mesa Escritório,Móveis,Fortaleza,Fortaleza,Loja Física,PIX,4,1192.94,0.0
PED01961,2025-05-22,Roteador,Informática,Sobral,Interior,Loja Física,Boleto,1,426.71,0.05
PED02247,2025-05-22,Smartphone,Eletrônicos,Fortaleza,Fortaleza,Marketplace,Boleto,1,968.33,0.0
PED07385,2025-05-22,Webcam,Acessórios,Sobral,Interior,Site,PIX,1,645.22,0.1
PED06305,2025-05-22,Cadeira Gamer,Móveis,Fortaleza,Fortaleza,Loja Física,PIX,1,1902.7,0.0
PED03743,2025-05-22,Monitor,Eletrônicos,Fortaleza,Fortaleza,Loja Física,Cartão de Débito,1,977.12,0.0
PED09370,2025-05-22,Caixa de Som,Áudio,Caucaia,Região Metropolitana,Marketplace,PIX,2,546.2,0.0
PED00675,2025-05-22,Monitor,Eletrônicos,Maracanaú,Região Metropolitana,Site,Cartão de Crédito,2,1187.58,0.0
PED02180,2025-05-22,SSD 1TB,Informática,Caucaia,Região Metropolitana,Site,Cartão de Débito,1,468.78,0.1
PED04578,2025-05-22,Mesa Escritório,Móveis,Juazeiro do Norte,Interior,Site,PIX,2,1456.64,0.0
PED03265,2025-05-22,SSD 1TB,Informática,Fortaleza,Fortaleza,Site,Cartão de Débito,1,519.43,0.0
PED04352,2025-05-22,SSD 1TB,Informática,Fortaleza,Fortaleza,Site,Cartão de Débito,2,595.22,0.1
PED06386,2025-05-22,Webcam,Acessórios,Maracanaú,Região Metropolitana,Loja Física,Boleto,1,279.35,0.05
PED03935,2025-05-22,Notebook,Eletrônicos,Itapipoca,Interior,Marketplace,Boleto,1,4239.7,0.1
PED00484,2025-05-22,Smartphone,Eletrônicos,Fortaleza,Fortaleza,Marketplace,Cartão de Crédito,2,2083.18,0.0
PED04664,2025-05-22,Notebook,Eletrônicos,Fortaleza,Fortaleza,Marketplace,PIX,2,4155.25,0.0
PED07082,2025-05-22,Webcam,Acessórios,Maracanaú,Região Metropolitana,Marketplace,Boleto,2,637.68,0.0
PED01787,2025-05-23,Headset,Acessórios,Sobral,Interior,Loja Física,PIX,1,175.36,0.0
PED00838,2025-05-23,Cadeira Gamer,Móveis,Juazeiro do Norte,Interior,Marketplace,PIX,1,872.64,0.1
PED02090,2025-05-23,Webcam,Acessórios,Caucaia,Região Metropolitana,Site,Cartão de Crédito,1,218.95,0.0
PED04646,2025-05-23,Mesa Escritório,Móveis,Maracanaú,Região Metropolitana,Loja Física,Cartão de Crédito,4,1218.46,0.1
PED05935,2025-05-23,Mesa Escritório,Móveis,Itapipoca,Interior,Site,PIX,3,569.71,0.0
PED02610,2025-05-23,Smartphone,Eletrônicos,Sobral,Interior,Site,PIX,4,2328.15,0.0
PED07371,2025-05-23,Notebook,Eletrônicos,Caucaia,Região Metropolitana,Loja Física,PIX,1,6087.34,0.1
PED01800,2025-05-23,Monitor,Eletrônicos,Itapipoca,Interior,Site,Boleto,1,1887.2,0.15
PED00001,2025-05-23,Impressora,Informática,Fortaleza,Fortaleza,Marketplace,PIX,2,1395.87,0.0
PED01332,2025-05-23,Roteador,Informática,Fortaleza,Fortaleza,Loja Física,Cartão de Débito,1,539.01,0.1
PED06866,2025-05-23,SSD 1TB,Informática,Maracanaú,Região Metropolitana,Site,Cartão de Crédito,1,341.54,0.05
PED06647,2025-05-23,Roteador,Informática,Sobral,Interior,Site,Boleto,1,259.13,0.0
PED03360,2025-05-23,Memória RAM,Informática,Maracanaú,Região Metropolitana,Marketplace,Cartão de Débito,1,496.96,0.15
PED03348,2025-05-23,Teclado,Acessórios,Maracanaú,Região Metropolitana,Loja Física,PIX,1,353.86,0.0
PED03244,2025-05-23,Fone Bluetooth,Áudio,Fortaleza,Fortaleza,Marketplace,Boleto,1,209.03,0.05
PED01540,2025-05-23,Fone Bluetooth,Áudio,Maracanaú,Região Metropolitana,Loja Física,Cartão de Débito,2,529.48,0.0
PED09280,2025-05-23,Teclado,Acessórios,Fortaleza,Fortaleza,Site,Boleto,1,122.85,0.0
PED06963,2025-05-23,Caixa de Som,Áudio,Fortaleza,Fortaleza,Marketplace,Cartão de Crédito,2,787.09,0.0
PED09322,2025-05-24,Fone Bluetooth,Áudio,Caucaia,Região Metropolitana,Loja Física,Cartão de Crédito,1,579.96,0.0
PED05209,2025-05-24,Mouse,Acessórios,Fortaleza,Fortaleza,Marketplace,Boleto,1,80.84,0.0
PED04718,2025-05-24,Roteador,Informática,Fortaleza,Fortaleza,Site,Boleto,1,443.97,0.0
PED03073,2025-05-24,Smartphone,Eletrônicos,Fortaleza,Fortaleza,Site,Cartão de Débito,1,3097.89,0.15
PED00983,2025-05-24,Mouse,Acessórios,Maracanaú,Região Metropolitana,Marketplace,Boleto,2,175.11,0.05
PED02125,2025-05-24,Mouse,Acessórios,Fortaleza,Fortaleza,Marketplace,Boleto,1,238.37,0.15
PED05238,2025-05-24,Webcam,Acessórios,Fortaleza,Fortaleza,Loja Física,Cartão de Débito,1,330.44,0.0
PED06450,2025-05-24,Roteador,Informática,Itapipoca,Interior,Marketplace,Cartão de Débito,3,357.88,0.1
PED06610,2025-05-24,Notebook,Eletrônicos,Sobral,Interior,Loja Física,PIX,1,3758.6,0.1
PED08565,2025-05-24,Notebook,Eletrônicos,Itapipoca,Interior,Site,Cartão de Crédito,1,4376.57,0.0
PED04152,2025-05-24,Monitor,Eletrônicos,Sobral,Interior,Loja Física,Boleto,2,1492.71,0.0
PED01932,2025-05-24,Mesa Escritório,Móveis,Maracanaú,Região Metropolitana,Marketplace,Cartão de Débito,1,905.81,0.1
PED05586,2025-05-24,Roteador,Informática,Maracanaú,Região Metropolitana,Site,Cartão de Débito,2,186.78,0.0
PED04670,2025-05-24,Memória RAM,Informática,Itapipoca,Interior,Marketplace,Boleto,3,274.34,0.1
PED01169,2025-05-24,Memória RAM,Informática,Juazeiro do Norte,Interior,Marketplace,Boleto,1,428.04,0.0
PED09333,2025-05-24,Mesa Escritório,Móveis,Fortaleza,Fortaleza,Marketplace,Cartão de Débito,2,1362.27,0.15
PED00280,2025-05-24,Teclado,Acessórios,Caucaia,Região Metropolitana,Marketplace,Cartão de Débito,2,158.98,0.1
PED08451,2025-05-24,Cadeira Gamer,Móveis,Juazeiro do Norte,Interior,Marketplace,PIX,1,1569.08,0.1
PED09452,2025-05-24,Notebook,Eletrônicos,Fortaleza,Fortaleza,Site,Boleto,1,5622.22,0.0
PED01498,2025-05-24,Webcam,Acessórios,Caucaia,Região Metropolitana,Marketplace,Boleto,1,351.66,0.0
PED07866,2025-05-25,Notebook,Eletrônicos,Caucaia,Região Metropolitana,Site,Cartão de Crédito,1,5259.96,0.0
PED03335,2025-05-25,Notebook,Eletrônicos,Sobral,Interior,Loja Física,Boleto,2,5391.43,0.05
PED05632,2025-05-25,Mouse,Acessórios,Maracanaú,Região Metropolitana,Site,Boleto,1,284.73,0.0
PED04088,2025-05-25,Memória RAM,Informática,Sobral,Interior,Marketplace,Cartão de Débito,1,370.16,0.0
PED00665,2025-05-25,Memória RAM,Informática,Itapipoca,Interior,Marketplace,PIX,1,300.64,0.05
PED07130,2025-05-25,Webcam,Acessórios,Sobral,Interior,Loja Física,Cartão de Crédito,3,275.77,0.05
PED06971,2025-05-25,Roteador,Informática,Maracanaú,Região Metropolitana,Loja Física,Cartão de Crédito,1,530.9,0.05
PED03055,2025-05-25,Smartphone,Eletrônicos,Fortaleza,Fortaleza,Site,PIX,1,2283.09,0.05
PED02531,2025-05-25,Fone Bluetooth,Áudio,Juazeiro do Norte,Interior,Marketplace,Cartão de Débito,2,297.41,0.05
PED08438,2025-05-25,Caixa de Som,Áudio,Fortaleza,Fortaleza,Marketplace,Cartão de Débito,2,302.24,0.1
PED08786,2025-05-25,Smartphone,Eletrônicos,Fortaleza,Fortaleza,Loja Física,PIX,1,2207.8,0.0
PED07558,2025-05-25,Webcam,Acessórios,Sobral,Interior,Marketplace,Cartão de Crédito,3,406.67,0.0
PED03567,2025-05-25,Mouse,Acessórios,Fortaleza,Fortaleza,Site,Cartão de Crédito,2,79.51,0.0
PED06673,2025-05-25,Webcam,Acessórios,Fortaleza,Fortaleza,Marketplace,Boleto,1,503.34,0.05
PED06408,2025-05-25,SSD 1TB,Informática,Fortaleza,Fortaleza,Loja Física,Cartão de Débito,1,312.96,0.0
PED02069,2025-05-25,Smartphone,Eletrônicos,Fortaleza,Fortaleza,Marketplace,Boleto,1,3128.67,0.05
PED08835,2025-05-25,Monitor,Eletrônicos,Fortaleza,Fortaleza,Site,PIX,4,1177.48,0.0
PED06772,2025-05-26,Smartphone,Eletrônicos,Juazeiro do Norte,Interior,Loja Física,Cartão de Débito,1,1033.72,0.0
PED02556,2025-05-26,Fone Bluetooth,Áudio,Itapipoca,Interior,Site,Boleto,1,506.61,0.0
PED06619,2025-05-26,Monitor,Eletrônicos,Juazeiro do Norte,Interior,Site,Cartão de Débito,1,1445.64,0.0
PED00330,2025-05-26,Fone Bluetooth,Áudio,Juazeiro do Norte,Interior,Site,Cartão de Débito,1,275.55,0.15
PED06359,2025-05-26,Mouse,Acessórios,Juazeiro do Norte,Interior,Site,Cartão de Crédito,2,182.03,0.0
PED07351,2025-05-26,Mouse,Acessórios,Fortaleza,Fortaleza,Loja Física,PIX,1,275.96,0.0
PED07773,2025-05-26,SSD 1TB,Informática,Maracanaú,Região Metropolitana,Site,Boleto,2,441.98,0.05
PED08479,2025-05-26,Monitor,Eletrônicos,Caucaia,Região Metropolitana,Loja Física,Boleto,3,929.64,0.15
PED02539,2025-05-26,Headset,Acessórios,Juazeiro do Norte,Interior,Site,Cartão de Débito,1,435.42,0.1
PED03109,2025-05-26,SSD 1TB,Informática,Maracanaú,Região Metropolitana,Loja Física,Cartão de Débito,1,577.59,0.1
PED06367,2025-05-26,Teclado,Acessórios,Juazeiro do Norte,Interior,Marketplace,PIX,1,152.05,0.0
PED00411,2025-05-26,Notebook,Eletrônicos,Itapipoca,Interior,Marketplace,Cartão de Crédito,1,5961.1,0.05
PED08499,2025-05-26,Smartphone,Eletrônicos,Sobral,Interior,Site,Cartão de Crédito,1,2117.97,0.05
PED01008,2025-05-26,Webcam,Acessórios,Caucaia,Região Metropolitana,Site,Cartão de Crédito,2,573.57,0.0
PED02925,2025-05-26,Mouse,Acessórios,Sobral,Interior,Marketplace,PIX,1,125.43,0.05
PED03000,2025-05-27,Monitor,Eletrônicos,Fortaleza,Fortaleza,Site,Cartão de Crédito,2,679.13,0.05
PED05053,2025-05-27,Fone Bluetooth,Áudio,Fortaleza,Fortaleza,Site,PIX,2,533.77,0.0
PED08227,2025-05-27,Smartphone,Eletrônicos,Itapipoca,Interior,Site,Cartão de Crédito,2,3357.73,0.0
PED02099,2025-05-27,Caixa de Som,Áudio,Caucaia,Região Metropolitana,Marketplace,Cartão de Crédito,2,788.74,0.05
PED03703,2025-05-27,Teclado,Acessórios,Itapipoca,Interior,Loja Física,Cartão de Crédito,2,165.85,0.0
PED04843,2025-05-27,Headset,Acessórios,Maracanaú,Região Metropolitana,Site,Cartão de Débito,1,306.1,0.0
PED07976,2025-05-27,SSD 1TB,Informática,Sobral,Interior,Marketplace,Boleto,1,582.08,0.05
PED06365,2025-05-27,Webcam,Acessórios,Fortaleza,Fortaleza,Site,Cartão de Débito,1,127.84,0.0
PED01659,2025-05-27,Caixa de Som,Áudio,Maracanaú,Região Metropolitana,Loja Física,PIX,1,620.23,0.0
PED09513,2025-05-27,Caixa de Som,Áudio,Fortaleza,Fortaleza,Site,Cartão de Débito,1,519.95,0.1
PED01251,2025-05-27,Caixa de Som,Áudio,Fortaleza,Fortaleza,Site,PIX,2,587.29,0.0
PED09864,2025-05-27,Fone Bluetooth,Áudio,Fortaleza,Fortaleza,Site,Cartão de Crédito,1,246.26,0.0
PED08736,2025-05-27,Memória RAM,Informática,Itapipoca,Interior,Site,Cartão de Crédito,2,261.99,0.05
PED04572,2025-05-27,Roteador,Informática,Sobral,Interior,Site,Boleto,1,530.25,0.05
PED04739,2025-05-27,Webcam,Acessórios,Fortaleza,Fortaleza,Site,Boleto,2,545.96,0.0
PED07629,2025-05-27,Mouse,Acessórios,Fortaleza,Fortaleza,Site,Boleto,1,284.94,0.0
PED06068,2025-05-28,Caixa de Som,Áudio,Fortaleza,Fortaleza,Loja Física,Cartão de Crédito,1,487.64,0.0
PED03284,2025-05-28,Memória RAM,Informática,Itapipoca,Interior,Loja Física,Cartão de Crédito,3,327.88,0.15
PED01250,2025-05-28,Caixa de Som,Áudio,Sobral,Interior,Marketplace,Boleto,2,269.75,0.0
PED05358,2025-05-28,Mesa Escritório,Móveis,Fortaleza,Fortaleza,Loja Física,Cartão de Débito,2,1198.14,0.0
PED08131,2025-05-28,Caixa de Som,Áudio,Itapipoca,Interior,Marketplace,Cartão de Crédito,1,205.43,0.1
PED03178,2025-05-28,SSD 1TB,Informática,Fortaleza,Fortaleza,Marketplace,Cartão de Crédito,1,423.78,0.0
PED03022,2025-05-28,Webcam,Acessórios,Caucaia,Região Metropolitana,Marketplace,Boleto,1,243.37,0.1
PED04027,2025-05-28,Memória RAM,Informática,Itapipoca,Interior,Marketplace,Boleto,2,445.51,0.0
PED07542,2025-05-28,Notebook,Eletrônicos,Fortaleza,Fortaleza,Marketplace,Cartão de Crédito,2,5503.37,0.0
PED04869,2025-05-28,Mouse,Acessórios,Juazeiro do Norte,Interior,Loja Física,PIX,1,47.84,0.1
PED03098,2025-05-28,Monitor,Eletrônicos,Fortaleza,Fortaleza,Site,Cartão de Crédito,2,929.88,0.05
PED05100,2025-05-28,Smartphone,Eletrônicos,Fortaleza,Fortaleza,Marketplace,Cartão de Débito,1,1584.11,0.0
PED06411,2025-05-28,Mouse,Acessórios,Fortaleza,Fortaleza,Marketplace,Cartão de Débito,2,129.58,0.0
PED06337,2025-05-28,Cadeira Gamer,Móveis,Fortaleza,Fortaleza,Loja Física,Cartão de Crédito,1,799.72,0.1
PED02710,2025-05-29,SSD 1TB,Informática,Fortaleza,Fortaleza,Loja Física,Cartão de Débito,1,388.46,0.0
PED06695,2025-05-29,Teclado,Acessórios,Caucaia,Região Metropolitana,Site,PIX,1,285.23,0.05
PED01560,2025-05-29,Webcam,Acessórios,Fortaleza,Fortaleza,Marketplace,Boleto,1,370.04,0.0
PED08389,2025-05-29,Teclado,Acessórios,Fortaleza,Fortaleza,Marketplace,PIX,1,195.99,0.0
PED09404,2025-05-29,SSD 1TB,Informática,Itapipoca,Interior,Loja Física,PIX,1,448.61,0.0
PED09498,2025-05-29,Smartphone,Eletrônicos,Fortaleza,Fortaleza,Loja Física,Cartão de Crédito,3,4308.78,0.0
PED00510,2025-05-29,Webcam,Acessórios,Sobral,Interior,Loja Física,PIX,1,235.94,0.0
PED02481,2025-05-29,SSD 1TB,Informática,Fortaleza,Fortaleza,Loja Física,Cartão de Crédito,1,643.4,0.0
PED02791,2025-05-29,Notebook,Eletrônicos,Itapipoca,Interior,Site,PIX,2,3214.56,0.1
PED00602,2025-05-29,SSD 1TB,Informática,Sobral,Interior,Loja Física,Cartão de Débito,1,436.07,0.0
PED05593,2025-05-29,Mesa Escritório,Móveis,Fortaleza,Fortaleza,Marketplace,Cartão de Débito,1,846.81,0.05
PED03464,2025-05-29,Mouse,Acessórios,Juazeiro do Norte,Interior,Site,Cartão de Débito,1,67.52,0.05
PED08903,2025-05-29,Memória RAM,Informática,Fortaleza,Fortaleza,Marketplace,PIX,2,433.39,0.15
PED07944,2025-05-29,Webcam,Acessórios,Fortaleza,Fortaleza,Site,Boleto,2,295.15,0.1
PED08974,2025-05-30,Cadeira Gamer,Móveis,Fortaleza,Fortaleza,Marketplace,PIX,2,1751.42,0.0
PED00511,2025-05-30,Mesa Escritório,Móveis,Sobral,Interior,Loja Física,Cartão de Débito,4,684.6,0.05
PED09084,2025-05-30,Teclado,Acessórios,Fortaleza,Fortaleza,Marketplace,Cartão de Crédito,1,324.34,0.0
PED00251,2025-05-30,Memória RAM,Informática,Fortaleza,Fortaleza,Site,PIX,4,265.05,0.1
PED03572,2025-05-30,Memória RAM,Informática,Maracanaú,Região Metropolitana,Loja Física,PIX,1,534.07,0.0
PED00547,2025-05-30,Monitor,Eletrônicos,Maracanaú,Região Metropolitana,Marketplace,Boleto,1,1823.97,0.1
PED02018,2025-05-30,Memória RAM,Informática,Itapipoca,Interior,Loja Física,Boleto,1,291.27,0.0
PED01207,2025-05-30,Monitor,Eletrônicos,Caucaia,Região Metropolitana,Site,PIX,1,1420.58,0.0
PED01937,2025-05-30,Mouse,Acessórios,Juazeiro do Norte,Interior,Marketplace,Cartão de Débito,1,55.57,0.15
PED01899,2025-05-30,Cadeira Gamer,Móveis,Fortaleza,Fortaleza,Site,PIX,1,1041.43,0.0
PED03877,2025-05-30,Caixa de Som,Áudio,Maracanaú,Região Metropolitana,Site,Boleto,2,288.6,0.0
PED07831,2025-05-30,Headset,Acessórios,Sobral,Interior,Marketplace,Cartão de Débito,1,243.25,0.05
PED04174,2025-05-30,Notebook,Eletrônicos,Fortaleza,Fortaleza,Marketplace,Boleto,2,6302.05,0.0
PED02116,2025-05-30,Teclado,Acessórios,Fortaleza,Fortaleza,Loja Física,Cartão de Débito,1,287.17,0.0
PED04394,2025-05-30,Memória RAM,Informática,Fortaleza,Fortaleza,Loja Física,Cartão de Crédito,1,256.52,0.1
PED01383,2025-05-30,Impressora,Informática,Caucaia,Região Metropolitana,Marketplace,PIX,2,781.01,0.0
PED04345,2025-05-30,Impressora,Informática,Caucaia,Região Metropolitana,Marketplace,Cartão de Débito,3,818.75,0.0
PED02550,2025-05-31,Mesa Escritório,Móveis,Caucaia,Região Metropolitana,Loja Física,Boleto,2,736.47,0.1
PED06374,2025-05-31,Roteador,Informática,Fortaleza,Fortaleza,Site,Cartão de Débito,1,304.9,0.0
PED06398,2025-05-31,SSD 1TB,Informática,Sobral,Interior,Loja Física,Boleto,1,621.53,0.15
PED00556,2025-05-31,Roteador,Informática,Maracanaú,Região Metropolitana,Loja Física,Cartão de Crédito,1,273.63,0.0
PED09094,2025-05-31,Roteador,Informática,Sobral,Interior,Site,PIX,1,378.35,0.0
PED03955,2025-05-31,Monitor,Eletrônicos,Maracanaú,Região Metropolitana,Loja Física,PIX,1,1712.63,0.05
PED06784,2025-05-31,Webcam,Acessórios,Sobral,Interior,Site,Cartão de Débito,1,140.02,0.0
PED07450,2025-05-31,Caixa de Som,Áudio,Juazeiro do Norte,Interior,Loja Física,PIX,1,705.7,0.15
PED01508,2025-05-31,Teclado,Acessórios,Juazeiro do Norte,Interior,Loja Física,Cartão de Crédito,1,250.68,0.1
PED06007,2025-05-31,Impressora,Informática,Maracanaú,Região Metropolitana,Marketplace,Cartão de Crédito,1,962.72,0.0
PED05336,2025-05-31,Teclado,Acessórios,Fortaleza,Fortaleza,Loja Física,Boleto,2,178.92,0.0
PED09755,2025-05-31,Memória RAM,Informática,Maracanaú,Região Metropolitana,Loja Física,PIX,1,217.84,0.05
PED03072,2025-05-31,Webcam,Acessórios,Fortaleza,Fortaleza,Marketplace,PIX,2,584.83,0.0
PED09622,2025-05-31,Caixa de Som,Áudio,Caucaia,Região Metropolitana,Site,PIX,2,558.76,0.0
PED05584,2025-05-31,Smartphone,Eletrônicos,Fortaleza,Fortaleza,Site,PIX,3,4321.7,0.0
PED01772,2025-05-31,Mouse,Acessórios,Itapipoca,Interior,Site,PIX,3,236.48,0.15
PED00737,2025-05-31,Fone Bluetooth,Áudio,Maracanaú,Região Metropolitana,Marketplace,Cartão de Crédito,2,338.2,0.1
PED00437,2025-06-01,Smartphone,Eletrônicos,Juazeiro do Norte,Interior,Marketplace,Cartão de Débito,1,2051.1,0.15
PED06376,2025-06-01,Cadeira Gamer,Móveis,Itapipoca,Interior,Loja Física,Cartão de Débito,2,2194.84,0.0
PED08854,2025-06-01,Roteador,Informática,Itapipoca,Interior,Site,PIX,1,195.04,0.0
PED09211,2025-06-01,SSD 1TB,Informática,Fortaleza,Fortaleza,Marketplace,Cartão de Crédito,1,306.67,0.05
PED02809,2025-06-01,Mesa Escritório,Móveis,Itapipoca,Interior,Site,Cartão de Crédito,2,1088.25,0.0
PED02091,2025-06-01,Cadeira Gamer,Móveis,Fortaleza,Fortaleza,Loja Física,Cartão de Crédito,1,1349.5,0.05
PED01711,2025-06-01,Memória RAM,Informática,Maracanaú,Região Metropolitana,Loja Física,Cartão de Débito,3,176.17,0.0
PED05211,2025-06-01,SSD 1TB,Informática,Maracanaú,Região Metropolitana,Site,Cartão de Débito,2,334.66,0.05
PED01118,2025-06-01,Caixa de Som,Áudio,Fortaleza,Fortaleza,Site,Boleto,2,760.99,0.0
PED00663,2025-06-01,Cadeira Gamer,Móveis,Sobral,Interior,Site,PIX,1,1182.07,0.0
PED08413,2025-06-01,Memória RAM,Informática,Fortaleza,Fortaleza,Marketplace,Cartão de Crédito,1,374.15,0.0
PED05057,2025-06-01,Webcam,Acessórios,Itapipoca,Interior,Site,PIX,2,373.93,0.0
PED00172,2025-06-01,Teclado,Acessórios,Juazeiro do Norte,Interior,Loja Física,PIX,1,125.65,0.05
PED00414,2025-06-01,Fone Bluetooth,Áudio,Sobral,Interior,Marketplace,Cartão de Crédito,2,521.39,0.0
PED08164,2025-06-01,Smartphone,Eletrônicos,Maracanaú,Região Metropolitana,Marketplace,PIX,2,1815.29,0.0
PED00890,2025-06-01,Cadeira Gamer,Móveis,Maracanaú,Região Metropolitana,Loja Física,Cartão de Crédito,1,1806.97,0.0
PED07366,2025-06-02,Caixa de Som,Áudio,Fortaleza,Fortaleza,Marketplace,Cartão de Débito,1,647.2,0.0
PED08088,2025-06-02,Cadeira Gamer,Móveis,Fortaleza,Fortaleza,Loja Física,Cartão de Débito,2,735.2,0.0
PED08405,2025-06-02,Mouse,Acessórios,Fortaleza,Fortaleza,Loja Física,Cartão de Débito,1,247.48,0.0
PED00793,2025-06-02,Impressora,Informática,Maracanaú,Região Metropolitana,Marketplace,Boleto,1,1171.89,0.0
PED09393,2025-06-02,Monitor,Eletrônicos,Maracanaú,Região Metropolitana,Marketplace,Cartão de Crédito,1,933.54,0.0
PED05650,2025-06-02,Memória RAM,Informática,Caucaia,Região Metropolitana,Loja Física,Cartão de Crédito,1,157.36,0.1
PED06417,2025-06-02,Mesa Escritório,Móveis,Caucaia,Região Metropolitana,Marketplace,Boleto,1,1009.12,0.15
PED02701,2025-06-02,Smartphone,Eletrônicos,Itapipoca,Interior,Marketplace,Boleto,1,2515.14,0.0
PED04731,2025-06-02,Monitor,Eletrônicos,Fortaleza,Fortaleza,Site,Cartão de Crédito,1,1407.64,0.0
PED04148,2025-06-02,Teclado,Acessórios,Fortaleza,Fortaleza,Site,Boleto,1,221.89,0.0
PED08465,2025-06-02,Teclado,Acessórios,Itapipoca,Interior,Site,Boleto,2,400.64,0.0
PED08887,2025-06-02,Headset,Acessórios,Sobral,Interior,Site,PIX,1,464.08,0.0
PED00115,2025-06-02,Mouse,Acessórios,Sobral,Interior,Site,Boleto,1,129.73,0.05
PED08185,2025-06-02,Cadeira Gamer,Móveis,Maracanaú,Região Metropolitana,Marketplace,PIX,1,1681.17,0.15
PED06639,2025-06-02,Mesa Escritório,Móveis,Caucaia,Região Metropolitana,Marketplace,PIX,1,1569.17,0.05
PED05330,2025-06-02,Cadeira Gamer,Móveis,Fortaleza,Fortaleza,Site,PIX,3,840.61,0.0
PED05046,2025-06-02,Mouse,Acessórios,Fortaleza,Fortaleza,Loja Física,PIX,1,53.24,0.0
PED07216,2025-06-02,Smartphone,Eletrônicos,Fortaleza,Fortaleza,Loja Física,Cartão de Crédito,1,4305.35,0.15
PED00240,2025-06-02,Monitor,Eletrônicos,Itapipoca,Interior,Marketplace,Cartão de Crédito,2,1059.96,0.0
PED03527,2025-06-03,SSD 1TB,Informática,Caucaia,Região Metropolitana,Loja Física,Boleto,1,435.86,0.0
PED01364,2025-06-03,Notebook,Eletrônicos,Caucaia,Região Metropolitana,Marketplace,Cartão de Débito,2,5258.52,0.0
PED02222,2025-06-03,Fone Bluetooth,Áudio,Maracanaú,Região Metropolitana,Site,Cartão de Crédito,1,137.26,0.0
PED00561,2025-06-03,Teclado,Acessórios,Caucaia,Região Metropolitana,Marketplace,PIX,3,137.42,0.05
PED05999,2025-06-03,Fone Bluetooth,Áudio,Maracanaú,Região Metropolitana,Marketplace,Boleto,1,129.19,0.0
PED04151,2025-06-03,SSD 1TB,Informática,Caucaia,Região Metropolitana,Marketplace,Cartão de Débito,1,537.95,0.0
PED04501,2025-06-03,Roteador,Informática,Fortaleza,Fortaleza,Marketplace,PIX,3,406.29,0.0
PED05731,2025-06-03,Monitor,Eletrônicos,Fortaleza,Fortaleza,Site,PIX,1,1247.2,0.0
PED07461,2025-06-03,Notebook,Eletrônicos,Itapipoca,Interior,Loja Física,Boleto,1,6410.24,0.0
PED07870,2025-06-03,Impressora,Informática,Fortaleza,Fortaleza,Site,Cartão de Débito,1,1703.57,0.0
PED09789,2025-06-03,SSD 1TB,Informática,Caucaia,Região Metropolitana,Marketplace,Cartão de Crédito,2,418.04,0.0
PED00693,2025-06-03,Webcam,Acessórios,Fortaleza,Fortaleza,Loja Física,Cartão de Crédito,1,223.74,0.0
PED03943,2025-06-03,Cadeira Gamer,Móveis,Caucaia,Região Metropolitana,Marketplace,Cartão de Crédito,3,1667.13,0.0
PED02188,2025-06-03,Mesa Escritório,Móveis,Caucaia,Região Metropolitana,Marketplace,PIX,3,599.2,0.05
PED07753,2025-06-03,Mouse,Acessórios,Fortaleza,Fortaleza,Site,PIX,1,166.84,0.1
PED00596,2025-06-03,Memória RAM,Informática,Caucaia,Região Metropolitana,Site,PIX,1,220.64,0.0
PED00181,2025-06-03,Impressora,Informática,Fortaleza,Fortaleza,Site,PIX,1,1278.42,0.1
PED05695,2025-06-03,Roteador,Informática,Maracanaú,Região Metropolitana,Marketplace,Cartão de Crédito,4,593.16,0.1
PED09568,2025-06-03,Cadeira Gamer,Móveis,Maracanaú,Região Metropolitana,Site,Boleto,1,1828.73,0.1
PED08959,2025-06-04,Roteador,Informática,Fortaleza,Fortaleza,Site,Cartão de Débito,1,260.83,0.05
PED06345,2025-06-04,Smartphone,Eletrônicos,Sobral,Interior,Loja Física,Cartão de Crédito,1,2210.8,0.0
PED07725,2025-06-04,Caixa de Som,Áudio,Sobral,Interior,Loja Física,Cartão de Débito,2,358.09,0.05
PED06224,2025-06-04,Memória RAM,Informática,Fortaleza,Fortaleza,Marketplace,PIX,1,542.43,0.15
PED05528,2025-06-04,Memória RAM,Informática,Caucaia,Região Metropolitana,Marketplace,Cartão de Débito,1,221.27,0.0
PED09320,2025-06-04,Mesa Escritório,Móveis,Caucaia,Região Metropolitana,Loja Física,Boleto,1,1514.67,0.0
PED00465,2025-06-04,Caixa de Som,Áudio,Itapipoca,Interior,Loja Física,Cartão de Crédito,1,339.87,0.0
PED04898,2025-06-04,Caixa de Som,Áudio,Caucaia,Região Metropolitana,Loja Física,Cartão de Crédito,1,684.36,0.0
PED05229,2025-06-04,Memória RAM,Informática,Juazeiro do Norte,Interior,Loja Física,Cartão de Débito,2,343.77,0.0
PED00926,2025-06-04,Monitor,Eletrônicos,Fortaleza,Fortaleza,Marketplace,Boleto,4,716.53,0.1
PED03032,2025-06-04,Monitor,Eletrônicos,Sobral,Interior,Loja Física,Boleto,1,1211.75,0.05
PED03959,2025-06-04,Fone Bluetooth,Áudio,Caucaia,Região Metropolitana,Loja Física,PIX,1,627.19,0.0
PED07429,2025-06-04,Caixa de Som,Áudio,Caucaia,Região Metropolitana,Loja Física,PIX,1,433.13,0.15
PED07305,2025-06-04,Fone Bluetooth,Áudio,Sobral,Interior,Loja Física,Cartão de Débito,1,165.56,0.0
PED00755,2025-06-04,Mouse,Acessórios,Fortaleza,Fortaleza,Marketplace,Boleto,1,136.14,0.0
PED07438,2025-06-04,Caixa de Som,Áudio,Juazeiro do Norte,Interior,Marketplace,Cartão de Débito,1,657.2,0.0
PED00095,2025-06-05,Webcam,Acessórios,Caucaia,Região Metropolitana,Loja Física,Cartão de Débito,1,169.4,0.05
PED01943,2025-06-05,Monitor,Eletrônicos,Fortaleza,Fortaleza,Site,Cartão de Débito,1,1888.03,0.0
PED01389,2025-06-05,Cadeira Gamer,Móveis,Caucaia,Região Metropolitana,Site,Cartão de Débito,1,1362.2,0.0
PED07678,2025-06-05,Memória RAM,Informática,Fortaleza,Fortaleza,Site,Cartão de Crédito,2,344.3,0.0
PED06446,2025-06-05,Cadeira Gamer,Móveis,Sobral,Interior,Loja Física,Cartão de Crédito,3,792.63,0.0
PED07690,2025-06-05,Monitor,Eletrônicos,Sobral,Interior,Marketplace,PIX,1,1881.55,0.0
PED01468,2025-06-05,Caixa de Som,Áudio,Juazeiro do Norte,Interior,Site,Cartão de Crédito,2,613.49,0.0
PED09774,2025-06-05,Headset,Acessórios,Fortaleza,Fortaleza,Marketplace,Cartão de Crédito,1,541.95,0.0
PED00365,2025-06-05,Monitor,Eletrônicos,Caucaia,Região Metropolitana,Site,Boleto,2,1724.95,0.05
PED05505,2025-06-05,Fone Bluetooth,Áudio,Fortaleza,Fortaleza,Marketplace,Boleto,1,579.3,0.05
PED04983,2025-06-05,Smartphone,Eletrônicos,Caucaia,Região Metropolitana,Marketplace,PIX,2,1748.22,0.15
PED09883,2025-06-05,Webcam,Acessórios,Sobral,Interior,Marketplace,Boleto,1,321.58,0.0
PED01627,2025-06-05,Smartphone,Eletrônicos,Fortaleza,Fortaleza,Loja Física,Cartão de Débito,2,2966.72,0.0
PED02567,2025-06-05,Caixa de Som,Áudio,Juazeiro do Norte,Interior,Marketplace,Cartão de Débito,2,321.06,0.0
PED01823,2025-06-05,Cadeira Gamer,Móveis,Fortaleza,Fortaleza,Loja Física,Cartão de Crédito,1,2107.19,0.0
PED01673,2025-06-05,Monitor,Eletrônicos,Maracanaú,Região Metropolitana,Marketplace,Boleto,2,1722.87,0.0
PED02436,2025-06-06,Fone Bluetooth,Áudio,Juazeiro do Norte,Interior,Loja Física,Boleto,1,286.37,0.05
PED02593,2025-06-06,Impressora,Informática,Caucaia,Região Metropolitana,Loja Física,Cartão de Crédito,1,986.66,0.1
PED01314,2025-06-06,Teclado,Acessórios,Maracanaú,Região Metropolitana,Loja Física,Cartão de Débito,1,113.62,0.0
PED01305,2025-06-06,Smartphone,Eletrônicos,Fortaleza,Fortaleza,Loja Física,PIX,1,2958.46,0.1
PED04360,2025-06-06,Smartphone,Eletrônicos,Sobral,Interior,Site,Boleto,1,3693.47,0.05
PED07153,2025-06-06,Webcam,Acessórios,Sobral,Interior,Site,Cartão de Débito,2,426.65,0.1
PED01150,2025-06-06,Cadeira Gamer,Móveis,Juazeiro do Norte,Interior,Marketplace,Cartão de Crédito,1,1964.51,0.1
PED06574,2025-06-06,Fone Bluetooth,Áudio,Fortaleza,Fortaleza,Marketplace,Cartão de Crédito,1,265.82,0.1
PED06010,2025-06-06,Memória RAM,Informática,Fortaleza,Fortaleza,Site,Cartão de Crédito,2,267.36,0.0
PED07053,2025-06-06,Impressora,Informática,Caucaia,Região Metropolitana,Marketplace,Cartão de Débito,1,1199.27,0.1
PED00937,2025-06-07,Mesa Escritório,Móveis,Caucaia,Região Metropolitana,Loja Física,Cartão de Débito,1,1014.47,0.15
PED07822,2025-06-07,Teclado,Acessórios,Fortaleza,Fortaleza,Site,Boleto,2,377.92,0.0
PED06267,2025-06-07,Notebook,Eletrônicos,Fortaleza,Fortaleza,Loja Física,Cartão de Débito,1,6391.64,0.1
PED00428,2025-06-07,Smartphone,Eletrônicos,Fortaleza,Fortaleza,Loja Física,Cartão de Débito,1,913.74,0.1
PED05538,2025-06-07,Roteador,Informática,Fortaleza,Fortaleza,Site,PIX,2,273.74,0.0
PED00826,2025-06-07,Mouse,Acessórios,Fortaleza,Fortaleza,Loja Física,Cartão de Crédito,1,70.4,0.05
PED02483,2025-06-07,Mouse,Acessórios,Fortaleza,Fortaleza,Marketplace,Cartão de Crédito,1,86.45,0.05
PED04679,2025-06-07,SSD 1TB,Informática,Fortaleza,Fortaleza,Marketplace,Boleto,1,318.61,0.0
PED02316,2025-06-07,Caixa de Som,Áudio,Sobral,Interior,Marketplace,Boleto,1,299.83,0.15
PED03609,2025-06-07,Mouse,Acessórios,Caucaia,Região Metropolitana,Site,PIX,1,199.91,0.0
PED03010,2025-06-07,Notebook,Eletrônicos,Caucaia,Região Metropolitana,Site,Boleto,1,3252.92,0.1
PED05616,2025-06-07,Fone Bluetooth,Áudio,Fortaleza,Fortaleza,Marketplace,Cartão de Crédito,4,307.87,0.1
PED04206,2025-06-07,Fone Bluetooth,Áudio,Juazeiro do Norte,Interior,Marketplace,Cartão de Crédito,1,198.3,0.0
PED01300,2025-06-07,Notebook,Eletrônicos,Juazeiro do Norte,Interior,Site,Cartão de Débito,1,4305.8,0.0
PED07206,2025-06-07,Mouse,Acessórios,Fortaleza,Fortaleza,Marketplace,Cartão de Débito,3,205.62,0.15
PED01175,2025-06-07,Impressora,Informática,Sobral,Interior,Site,Boleto,1,1023.68,0.0
PED04970,2025-06-08,Smartphone,Eletrônicos,Maracanaú,Região Metropolitana,Loja Física,Cartão de Débito,2,1225.0,0.1
PED07739,2025-06-08,Teclado,Acessórios,Juazeiro do Norte,Interior,Loja Física,Boleto,1,93.01,0.0
PED09646,2025-06-08,Impressora,Informática,Maracanaú,Região Metropolitana,Loja Física,Boleto,2,1161.58,0.0
PED06382,2025-06-08,Teclado,Acessórios,Juazeiro do Norte,Interior,Loja Física,PIX,1,291.52,0.0
PED06388,2025-06-08,Notebook,Eletrônicos,Itapipoca,Interior,Site,PIX,1,6010.16,0.05
PED04209,2025-06-08,SSD 1TB,Informática,Caucaia,Região Metropolitana,Marketplace,Boleto,1,374.31,0.0
PED02949,2025-06-08,Webcam,Acessórios,Maracanaú,Região Metropolitana,Marketplace,Cartão de Crédito,1,244.9,0.1
PED04368,2025-06-08,Cadeira Gamer,Móveis,Sobral,Interior,Loja Física,Boleto,1,878.66,0.0
PED05963,2025-06-08,Roteador,Informática,Fortaleza,Fortaleza,Site,Cartão de Crédito,1,352.75,0.0
PED05291,2025-06-08,Roteador,Informática,Fortaleza,Fortaleza,Loja Física,PIX,1,310.17,0.05
PED05880,2025-06-08,Headset,Acessórios,Caucaia,Região Metropolitana,Loja Física,PIX,2,343.65,0.0
PED01379,2025-06-08,Memória RAM,Informática,Itapipoca,Interior,Site,Cartão de Débito,1,437.66,0.0
PED02328,2025-06-08,Roteador,Informática,Maracanaú,Região Metropolitana,Marketplace,PIX,4,294.67,0.0
PED00140,2025-06-08,Impressora,Informática,Juazeiro do Norte,Interior,Site,PIX,2,1592.12,0.0
PED07427,2025-06-08,Impressora,Informática,Juazeiro do Norte,Interior,Site,PIX,1,1649.12,0.05
PED05634,2025-06-09,SSD 1TB,Informática,Fortaleza,Fortaleza,Site,PIX,2,519.14,0.1
PED04735,2025-06-09,Roteador,Informática,Fortaleza,Fortaleza,Site,Cartão de Débito,3,335.66,0.0
PED00374,2025-06-09,Mouse,Acessórios,Fortaleza,Fortaleza,Marketplace,Cartão de Débito,3,141.59,0.15
PED02478,2025-06-09,Teclado,Acessórios,Fortaleza,Fortaleza,Site,PIX,1,204.6,0.0
PED09740,2025-06-09,Caixa de Som,Áudio,Fortaleza,Fortaleza,Marketplace,PIX,2,320.61,0.0
PED04796,2025-06-09,Memória RAM,Informática,Caucaia,Região Metropolitana,Site,Cartão de Crédito,1,283.4,0.0
PED08988,2025-06-09,Roteador,Informática,Maracanaú,Região Metropolitana,Marketplace,Boleto,1,378.01,0.0
PED09604,2025-06-09,Roteador,Informática,Caucaia,Região Metropolitana,Marketplace,Cartão de Débito,2,461.17,0.0
PED06878,2025-06-09,Mouse,Acessórios,Fortaleza,Fortaleza,Site,PIX,3,206.65,0.05
PED01786,2025-06-09,Cadeira Gamer,Móveis,Sobral,Interior,Marketplace,Boleto,2,1628.05,0.05
PED06468,2025-06-09,SSD 1TB,Informática,Fortaleza,Fortaleza,Site,Cartão de Crédito,1,451.42,0.15
PED06070,2025-06-09,Fone Bluetooth,Áudio,Fortaleza,Fortaleza,Loja Física,Cartão de Débito,1,216.72,0.0
PED07666,2025-06-09,Smartphone,Eletrônicos,Juazeiro do Norte,Interior,Marketplace,Cartão de Crédito,1,1606.69,0.0
PED02777,2025-06-09,Smartphone,Eletrônicos,Sobral,Interior,Site,PIX,2,3498.33,0.1
PED02229,2025-06-09,Monitor,Eletrônicos,Fortaleza,Fortaleza,Loja Física,Cartão de Crédito,1,1887.62,0.15
PED07056,2025-06-09,Mouse,Acessórios,Fortaleza,Fortaleza,Site,PIX,2,270.75,0.0
PED07459,2025-06-10,Fone Bluetooth,Áudio,Fortaleza,Fortaleza,Marketplace,Boleto,2,195.92,0.1
PED01818,2025-06-10,Fone Bluetooth,Áudio,Juazeiro do Norte,Interior,Marketplace,Boleto,1,512.32,0.0
PED02402,2025-06-10,Notebook,Eletrônicos,Fortaleza,Fortaleza,Site,Cartão de Débito,1,3226.56,0.0
PED06195,2025-06-10,Cadeira Gamer,Móveis,Fortaleza,Fortaleza,Marketplace,Cartão de Débito,1,1661.5,0.1
PED05140,2025-06-10,Headset,Acessórios,Caucaia,Região Metropolitana,Marketplace,Cartão de Crédito,1,312.53,0.0
PED06627,2025-06-10,Mesa Escritório,Móveis,Sobral,Interior,Marketplace,Boleto,1,1537.29,0.0
PED05726,2025-06-10,Notebook,Eletrônicos,Juazeiro do Norte,Interior,Loja Física,Cartão de Débito,1,4402.72,0.1
PED05074,2025-06-10,Headset,Acessórios,Maracanaú,Região Metropolitana,Marketplace,Cartão de Débito,4,106.61,0.0
PED07955,2025-06-10,Webcam,Acessórios,Caucaia,Região Metropolitana,Marketplace,Boleto,1,655.84,0.0
PED00426,2025-06-10,Webcam,Acessórios,Juazeiro do Norte,Interior,Loja Física,PIX,1,312.03,0.1
PED00670,2025-06-10,Fone Bluetooth,Áudio,Caucaia,Região Metropolitana,Loja Física,Cartão de Débito,1,470.06,0.0
PED09642,2025-06-10,Caixa de Som,Áudio,Itapipoca,Interior,Loja Física,PIX,1,591.51,0.0
PED09425,2025-06-10,Memória RAM,Informática,Sobral,Interior,Site,Boleto,1,297.56,0.0
PED02039,2025-06-10,Roteador,Informática,Fortaleza,Fortaleza,Loja Física,PIX,1,482.27,0.0
PED00676,2025-06-11,Fone Bluetooth,Áudio,Juazeiro do Norte,Interior,Site,PIX,1,397.68,0.15
PED02834,2025-06-11,Teclado,Acessórios,Itapipoca,Interior,Site,Cartão de Crédito,1,275.55,0.0
PED00218,2025-06-11,Cadeira Gamer,Móveis,Fortaleza,Fortaleza,Marketplace,Cartão de Crédito,1,1880.23,0.1
PED05003,2025-06-11,Caixa de Som,Áudio,Fortaleza,Fortaleza,Site,Boleto,1,216.37,0.15
PED04505,2025-06-11,SSD 1TB,Informática,Sobral,Interior,Loja Física,Cartão de Crédito,1,395.86,0.15
PED07343,2025-06-11,Mesa Escritório,Móveis,Maracanaú,Região Metropolitana,Marketplace,PIX,3,1036.6,0.0
PED00255,2025-06-11,Mesa Escritório,Móveis,Fortaleza,Fortaleza,Site,Boleto,3,999.07,0.15
PED02217,2025-06-11,Notebook,Eletrônicos,Maracanaú,Região Metropolitana,Loja Física,Boleto,2,4553.37,0.0
PED00577,2025-06-11,Impressora,Informática,Fortaleza,Fortaleza,Loja Física,Cartão de Débito,1,1524.59,0.0
PED09392,2025-06-11,Caixa de Som,Áudio,Maracanaú,Região Metropolitana,Loja Física,Boleto,4,592.29,0.0
PED03762,2025-06-11,Roteador,Informática,Caucaia,Região Metropolitana,Loja Física,Cartão de Crédito,1,261.27,0.1
PED07172,2025-06-11,Roteador,Informática,Maracanaú,Região Metropolitana,Marketplace,Boleto,1,542.49,0.1
PED07926,2025-06-11,Notebook,Eletrônicos,Caucaia,Região Metropolitana,Site,Boleto,1,3597.96,0.05
PED03597,2025-06-12,Headset,Acessórios,Itapipoca,Interior,Marketplace,Boleto,2,216.29,0.05
PED03157,2025-06-12,Memória RAM,Informática,Fortaleza,Fortaleza,Loja Física,Cartão de Débito,4,284.21,0.1
PED07192,2025-06-12,Smartphone,Eletrônicos,Caucaia,Região Metropolitana,Marketplace,PIX,1,2614.77,0.1
PED05899,2025-06-12,Impressora,Informática,Itapipoca,Interior,Site,Cartão de Crédito,1,581.39,0.15
PED04737,2025-06-12,Roteador,Informática,Maracanaú,Região Metropolitana,Marketplace,Cartão de Débito,1,558.39,0.0
PED03904,2025-06-12,Notebook,Eletrônicos,Sobral,Interior,Site,Cartão de Débito,1,4871.59,0.1
PED04975,2025-06-12,Headset,Acessórios,Caucaia,Região Metropolitana,Marketplace,Cartão de Crédito,1,288.3,0.1
PED08481,2025-06-12,Impressora,Informática,Sobral,Interior,Site,Boleto,1,1497.2,0.0
PED06595,2025-06-12,Fone Bluetooth,Áudio,Maracanaú,Região Metropolitana,Site,Boleto,1,354.93,0.1
PED03353,2025-06-12,Mesa Escritório,Móveis,Maracanaú,Região Metropolitana,Loja Física,Boleto,1,947.09,0.0
PED06577,2025-06-12,Headset,Acessórios,Juazeiro do Norte,Interior,Loja Física,Boleto,3,163.24,0.1
PED07209,2025-06-12,Cadeira Gamer,Móveis,Fortaleza,Fortaleza,Marketplace,PIX,1,1211.68,0.0
PED09865,2025-06-12,Mouse,Acessórios,Fortaleza,Fortaleza,Site,Boleto,1,148.6,0.1
PED04075,2025-06-12,Caixa de Som,Áudio,Fortaleza,Fortaleza,Loja Física,Cartão de Crédito,1,290.7,0.0
PED02494,2025-06-12,Mesa Escritório,Móveis,Fortaleza,Fortaleza,Marketplace,PIX,1,531.79,0.0
PED01388,2025-06-12,SSD 1TB,Informática,Sobral,Interior,Site,Cartão de Crédito,1,409.07,0.0
PED00179,2025-06-12,Cadeira Gamer,Móveis,Caucaia,Região Metropolitana,Site,Cartão de Débito,1,2072.8,0.0
PED01919,2025-06-12,Webcam,Acessórios,Fortaleza,Fortaleza,Loja Física,PIX,2,265.23,0.0
PED07224,2025-06-12,Monitor,Eletrônicos,Fortaleza,Fortaleza,Site,Cartão de Crédito,1,1216.24,0.0
PED04341,2025-06-12,Roteador,Informática,Maracanaú,Região Metropolitana,Loja Física,PIX,1,555.53,0.05
PED08215,2025-06-12,Memória RAM,Informática,Fortaleza,Fortaleza,Marketplace,Cartão de Crédito,1,257.26,0.0
PED09002,2025-06-12,Monitor,Eletrônicos,Sobral,Interior,Site,Cartão de Crédito,1,1174.78,0.0
PED09630,2025-06-12,Cadeira Gamer,Móveis,Caucaia,Região Metropolitana,Loja Física,Cartão de Crédito,1,651.95,0.0
PED09603,2025-06-12,Monitor,Eletrônicos,Itapipoca,Interior,Loja Física,PIX,1,1294.25,0.0
PED01276,2025-06-12,Memória RAM,Informática,Fortaleza,Fortaleza,Marketplace,Boleto,2,491.53,0.0
PED06176,2025-06-13,Cadeira Gamer,Móveis,Juazeiro do Norte,Interior,Loja Física,Boleto,1,1412.51,0.0
PED05742,2025-06-13,Mesa Escritório,Móveis,Fortaleza,Fortaleza,Marketplace,Cartão de Crédito,1,1224.69,0.1
PED08658,2025-06-13,Fone Bluetooth,Áudio,Fortaleza,Fortaleza,Site,Boleto,2,348.46,0.1
PED09173,2025-06-13,Notebook,Eletrônicos,Fortaleza,Fortaleza,Loja Física,Cartão de Débito,2,4734.24,0.05
PED04663,2025-06-13,Roteador,Informática,Sobral,Interior,Loja Física,Cartão de Débito,2,407.8,0.0
PED05163,2025-06-13,Impressora,Informática,Maracanaú,Região Metropolitana,Site,Cartão de Crédito,1,1506.78,0.0
PED05716,2025-06-13,Cadeira Gamer,Móveis,Juazeiro do Norte,Interior,Site,Cartão de Débito,3,1609.63,0.0
PED03261,2025-06-13,Mesa Escritório,Móveis,Caucaia,Região Metropolitana,Marketplace,PIX,1,1394.57,0.1
PED08109,2025-06-13,SSD 1TB,Informática,Sobral,Interior,Loja Física,Cartão de Crédito,1,504.71,0.0
PED08517,2025-06-13,Monitor,Eletrônicos,Fortaleza,Fortaleza,Site,Cartão de Débito,1,1201.47,0.0
PED08907,2025-06-13,Mouse,Acessórios,Maracanaú,Região Metropolitana,Site,Boleto,1,221.06,0.05
PED08521,2025-06-13,Impressora,Informática,Caucaia,Região Metropolitana,Loja Física,PIX,2,1646.35,0.05
PED09810,2025-06-13,Impressora,Informática,Sobral,Interior,Loja Física,Cartão de Débito,1,1437.09,0.0
PED04622,2025-06-13,Cadeira Gamer,Móveis,Fortaleza,Fortaleza,Marketplace,Boleto,1,1688.25,0.1
PED08798,2025-06-13,Webcam,Acessórios,Caucaia,Região Metropolitana,Marketplace,PIX,1,256.03,0.1
PED00979,2025-06-13,Memória RAM,Informática,Maracanaú,Região Metropolitana,Loja Física,PIX,1,506.13,0.1
PED04443,2025-06-13,Cadeira Gamer,Móveis,Fortaleza,Fortaleza,Site,PIX,1,1828.13,0.05
PED09524,2025-06-13,Caixa de Som,Áudio,Maracanaú,Região Metropolitana,Site,PIX,1,436.98,0.0
PED04713,2025-06-14,Fone Bluetooth,Áudio,Fortaleza,Fortaleza,Marketplace,Boleto,1,415.3,0.0
PED07605,2025-06-14,Monitor,Eletrônicos,Fortaleza,Fortaleza,Marketplace,PIX,2,691.94,0.1
PED03886,2025-06-14,SSD 1TB,Informática,Fortaleza,Fortaleza,Site,Boleto,2,561.95,0.0
PED01694,2025-06-14,Headset,Acessórios,Caucaia,Região Metropolitana,Loja Física,Cartão de Débito,4,430.72,0.0
PED08458,2025-06-14,Fone Bluetooth,Áudio,Fortaleza,Fortaleza,Site,PIX,4,173.57,0.15
PED02127,2025-06-14,Caixa de Som,Áudio,Caucaia,Região Metropolitana,Marketplace,PIX,1,638.38,0.0
PED04662,2025-06-14,Teclado,Acessórios,Itapipoca,Interior,Loja Física,Cartão de Crédito,2,341.23,0.0
PED07095,2025-06-14,Mesa Escritório,Móveis,Sobral,Interior,Site,Boleto,1,1548.4,0.0
PED06072,2025-06-14,SSD 1TB,Informática,Caucaia,Região Metropolitana,Site,Cartão de Crédito,1,403.18,0.0
PED06082,2025-06-14,Webcam,Acessórios,Fortaleza,Fortaleza,Marketplace,Cartão de Crédito,1,234.14,0.0
PED04967,2025-06-14,Webcam,Acessórios,Fortaleza,Fortaleza,Marketplace,Boleto,1,456.4,0.05
PED03113,2025-06-14,Headset,Acessórios,Maracanaú,Região Metropolitana,Marketplace,Cartão de Crédito,1,394.77,0.0
PED04930,2025-06-14,Memória RAM,Informática,Juazeiro do Norte,Interior,Site,Cartão de Crédito,1,542.41,0.0
PED01285,2025-06-14,Headset,Acessórios,Juazeiro do Norte,Interior,Marketplace,Boleto,1,253.16,0.0
PED06791,2025-06-14,Roteador,Informática,Maracanaú,Região Metropolitana,Loja Física,Boleto,1,295.29,0.0
PED06753,2025-06-14,Monitor,Eletrônicos,Maracanaú,Região Metropolitana,Marketplace,Cartão de Débito,1,1032.61,0.0
PED02849,2025-06-15,Caixa de Som,Áudio,Juazeiro do Norte,Interior,Marketplace,PIX,1,411.03,0.0
PED07448,2025-06-15,Memória RAM,Informática,Fortaleza,Fortaleza,Marketplace,Boleto,2,521.0,0.0
PED05568,2025-06-15,Roteador,Informática,Fortaleza,Fortaleza,Loja Física,Boleto,1,367.76,0.15
PED04888,2025-06-15,Smartphone,Eletrônicos,Maracanaú,Região Metropolitana,Site,PIX,3,1835.53,0.0
PED00603,2025-06-15,Roteador,Informática,Maracanaú,Região Metropolitana,Site,Cartão de Crédito,2,297.93,0.0
PED07347,2025-06-15,SSD 1TB,Informática,Juazeiro do Norte,Interior,Marketplace,Boleto,2,603.95,0.0
PED01119,2025-06-15,Monitor,Eletrônicos,Fortaleza,Fortaleza,Loja Física,PIX,1,1613.72,0.15
PED07164,2025-06-15,Notebook,Eletrônicos,Fortaleza,Fortaleza,Loja Física,Cartão de Débito,2,5379.65,0.1
PED02808,2025-06-15,Headset,Acessórios,Itapipoca,Interior,Marketplace,Cartão de Crédito,2,242.87,0.0
PED09163,2025-06-15,Headset,Acessórios,Fortaleza,Fortaleza,Marketplace,Cartão de Crédito,1,508.95,0.0
PED06196,2025-06-15,Webcam,Acessórios,Fortaleza,Fortaleza,Marketplace,Boleto,1,515.09,0.0
PED08627,2025-06-15,Mesa Escritório,Móveis,Maracanaú,Região Metropolitana,Loja Física,Boleto,1,812.73,0.0
PED09018,2025-06-15,Headset,Acessórios,Fortaleza,Fortaleza,Loja Física,Cartão de Crédito,4,417.83,0.05
PED07319,2025-06-15,Monitor,Eletrônicos,Juazeiro do Norte,Interior,Site,PIX,1,1698.04,0.0
PED06909,2025-06-15,Caixa de Som,Áudio,Itapipoca,Interior,Loja Física,PIX,1,598.67,0.0
PED02988,2025-06-16,Memória RAM,Informática,Fortaleza,Fortaleza,Site,Cartão de Crédito,1,224.59,0.0
PED01042,2025-06-16,Roteador,Informática,Juazeiro do Norte,Interior,Loja Física,Boleto,1,545.49,0.0
PED06498,2025-06-16,Cadeira Gamer,Móveis,Fortaleza,Fortaleza,Loja Física,Cartão de Débito,1,1911.15,0.05
PED02937,2025-06-16,Mouse,Acessórios,Sobral,Interior,Marketplace,Cartão de Débito,3,95.89,0.0
PED06742,2025-06-16,Memória RAM,Informática,Maracanaú,Região Metropolitana,Loja Física,Boleto,1,463.47,0.1
PED03679,2025-06-16,Teclado,Acessórios,Sobral,Interior,Marketplace,PIX,2,185.62,0.0
PED06326,2025-06-16,Monitor,Eletrônicos,Fortaleza,Fortaleza,Site,PIX,1,1272.58,0.0
PED04205,2025-06-16,Roteador,Informática,Juazeiro do Norte,Interior,Marketplace,Cartão de Débito,1,167.6,0.0
PED00186,2025-06-16,Fone Bluetooth,Áudio,Itapipoca,Interior,Loja Física,Cartão de Crédito,1,491.07,0.0
PED08170,2025-06-16,Memória RAM,Informática,Juazeiro do Norte,Interior,Site,PIX,2,256.44,0.0
PED07363,2025-06-16,Fone Bluetooth,Áudio,Sobral,Interior,Loja Física,Boleto,1,541.97,0.15
PED02178,2025-06-16,Memória RAM,Informática,Caucaia,Região Metropolitana,Loja Física,Cartão de Débito,2,372.96,0.0
PED08005,2025-06-16,Headset,Acessórios,Itapipoca,Interior,Marketplace,Cartão de Débito,2,98.51,0.1
PED02787,2025-06-16,Mesa Escritório,Móveis,Fortaleza,Fortaleza,Loja Física,Boleto,2,1122.84,0.15
PED05289,2025-06-17,Smartphone,Eletrônicos,Itapipoca,Interior,Loja Física,Cartão de Débito,1,1051.1,0.1
PED04034,2025-06-17,Mesa Escritório,Móveis,Caucaia,Região Metropolitana,Site,PIX,3,1327.8,0.0
PED03751,2025-06-17,Notebook,Eletrônicos,Sobral,Interior,Marketplace,Cartão de Débito,1,4734.41,0.1
PED08098,2025-06-17,Mesa Escritório,Móveis,Maracanaú,Região Metropolitana,Loja Física,Boleto,3,1367.51,0.0
PED07032,2025-06-17,Mouse,Acessórios,Fortaleza,Fortaleza,Site,Boleto,1,49.22,0.0
PED08567,2025-06-17,Mouse,Acessórios,Itapipoca,Interior,Marketplace,Boleto,2,60.62,0.1
PED07157,2025-06-17,Caixa de Som,Áudio,Itapipoca,Interior,Site,Boleto,1,454.25,0.05
PED07776,2025-06-17,Impressora,Informática,Fortaleza,Fortaleza,Marketplace,Cartão de Crédito,2,1616.19,0.1
PED04054,2025-06-17,Fone Bluetooth,Áudio,Maracanaú,Região Metropolitana,Loja Física,Boleto,1,450.56,0.15
PED04207,2025-06-17,Monitor,Eletrônicos,Fortaleza,Fortaleza,Loja Física,PIX,1,1353.17,0.05
PED00681,2025-06-17,Headset,Acessórios,Fortaleza,Fortaleza,Loja Física,Cartão de Crédito,1,104.83,0.0
PED04782,2025-06-17,Memória RAM,Informática,Caucaia,Região Metropolitana,Site,PIX,1,329.13,0.05
PED00927,2025-06-17,Monitor,Eletrônicos,Fortaleza,Fortaleza,Marketplace,Boleto,1,1195.54,0.0
PED01539,2025-06-17,Mesa Escritório,Móveis,Fortaleza,Fortaleza,Marketplace,Cartão de Crédito,1,1510.71,0.05
PED06106,2025-06-17,Smartphone,Eletrônicos,Itapipoca,Interior,Marketplace,Boleto,1,1892.29,0.15
PED07386,2025-06-17,Smartphone,Eletrônicos,Caucaia,Região Metropolitana,Site,Boleto,1,3197.16,0.0
PED02131,2025-06-17,Fone Bluetooth,Áudio,Juazeiro do Norte,Interior,Loja Física,Boleto,2,144.19,0.0
PED09250,2025-06-17,Notebook,Eletrônicos,Maracanaú,Região Metropolitana,Site,PIX,2,3709.79,0.0
PED01642,2025-06-17,Headset,Acessórios,Juazeiro do Norte,Interior,Site,Cartão de Débito,2,197.17,0.0
PED09731,2025-06-17,Memória RAM,Informática,Fortaleza,Fortaleza,Site,PIX,1,189.63,0.0
PED05859,2025-06-17,Webcam,Acessórios,Fortaleza,Fortaleza,Marketplace,Boleto,1,280.81,0.0
PED03047,2025-06-17,Cadeira Gamer,Móveis,Fortaleza,Fortaleza,Loja Física,Cartão de Crédito,2,1915.76,0.0
PED05548,2025-06-17,Monitor,Eletrônicos,Caucaia,Região Metropolitana,Site,Cartão de Crédito,1,1330.37,0.05
PED01083,2025-06-18,Smartphone,Eletrônicos,Caucaia,Região Metropolitana,Site,Cartão de Crédito,2,2721.83,0.0
PED01971,2025-06-18,Mesa Escritório,Móveis,Maracanaú,Região Metropolitana,Site,Boleto,2,557.2,0.0
PED06733,2025-06-18,Memória RAM,Informática,Fortaleza,Fortaleza,Marketplace,Boleto,4,171.49,0.05
PED05214,2025-06-18,Caixa de Som,Áudio,Sobral,Interior,Site,Cartão de Débito,2,487.53,0.1
PED02164,2025-06-18,Fone Bluetooth,Áudio,Juazeiro do Norte,Interior,Site,PIX,3,470.15,0.0
PED09998,2025-06-18,Fone Bluetooth,Áudio,Fortaleza,Fortaleza,Loja Física,Boleto,2,129.17,0.0
PED09965,2025-06-18,Notebook,Eletrônicos,Maracanaú,Região Metropolitana,Site,Cartão de Crédito,2,5456.37,0.0
PED05835,2025-06-18,Teclado,Acessórios,Juazeiro do Norte,Interior,Site,Cartão de Débito,1,333.58,0.0
PED07514,2025-06-18,Headset,Acessórios,Sobral,Interior,Marketplace,Cartão de Crédito,1,432.86,0.15
PED06447,2025-06-18,Webcam,Acessórios,Itapipoca,Interior,Loja Física,PIX,3,426.29,0.05
PED09770,2025-06-18,Memória RAM,Informática,Fortaleza,Fortaleza,Loja Física,Cartão de Crédito,3,462.85,0.0
PED00973,2025-06-18,Memória RAM,Informática,Juazeiro do Norte,Interior,Site,PIX,1,307.31,0.0
PED07868,2025-06-18,Monitor,Eletrônicos,Fortaleza,Fortaleza,Marketplace,Cartão de Crédito,1,1461.57,0.1
PED03312,2025-06-18,Smartphone,Eletrônicos,Maracanaú,Região Metropolitana,Site,Cartão de Crédito,2,4049.24,0.05
PED01885,2025-06-18,Smartphone,Eletrônicos,Caucaia,Região Metropolitana,Loja Física,Boleto,4,3923.18,0.0
PED04561,2025-06-18,Cadeira Gamer,Móveis,Juazeiro do Norte,Interior,Marketplace,Cartão de Crédito,2,2161.18,0.0
PED00394,2025-06-18,Monitor,Eletrônicos,Sobral,Interior,Site,Boleto,1,1042.54,0.0
PED05458,2025-06-19,Notebook,Eletrônicos,Caucaia,Região Metropolitana,Marketplace,Boleto,2,6058.46,0.1
PED08100,2025-06-19,Headset,Acessórios,Fortaleza,Fortaleza,Loja Física,Cartão de Débito,1,421.24,0.05
PED03120,2025-06-19,SSD 1TB,Informática,Fortaleza,Fortaleza,Loja Física,PIX,1,429.66,0.0
PED03381,2025-06-19,Notebook,Eletrônicos,Maracanaú,Região Metropolitana,Marketplace,PIX,1,3368.75,0.0
PED06056,2025-06-19,Memória RAM,Informática,Juazeiro do Norte,Interior,Loja Física,Cartão de Débito,1,170.6,0.0
PED04616,2025-06-19,Notebook,Eletrônicos,Fortaleza,Fortaleza,Loja Física,Cartão de Débito,1,3839.24,0.0
PED08151,2025-06-19,Monitor,Eletrônicos,Sobral,Interior,Site,PIX,1,1028.46,0.15
PED04048,2025-06-19,SSD 1TB,Informática,Fortaleza,Fortaleza,Marketplace,Boleto,1,306.22,0.0
PED06480,2025-06-19,Caixa de Som,Áudio,Fortaleza,Fortaleza,Site,Cartão de Débito,1,364.53,0.0
PED04832,2025-06-19,Smartphone,Eletrônicos,Fortaleza,Fortaleza,Marketplace,Cartão de Crédito,1,2266.88,0.0
PED05000,2025-06-19,Smartphone,Eletrônicos,Fortaleza,Fortaleza,Site,Cartão de Crédito,3,1463.81,0.1
PED00546,2025-06-19,Smartphone,Eletrônicos,Fortaleza,Fortaleza,Marketplace,Cartão de Crédito,1,2506.39,0.05
PED02104,2025-06-19,Fone Bluetooth,Áudio,Fortaleza,Fortaleza,Site,Boleto,4,516.98,0.15
PED00713,2025-06-19,Notebook,Eletrônicos,Fortaleza,Fortaleza,Marketplace,Boleto,1,3818.35,0.0
PED02193,2025-06-19,Teclado,Acessórios,Itapipoca,Interior,Site,Boleto,1,267.1,0.0
PED02044,2025-06-20,Monitor,Eletrônicos,Caucaia,Região Metropolitana,Site,Cartão de Débito,1,1757.99,0.05
PED03546,2025-06-20,Headset,Acessórios,Maracanaú,Região Metropolitana,Marketplace,Cartão de Crédito,1,450.22,0.0
PED09377,2025-06-20,Teclado,Acessórios,Caucaia,Região Metropolitana,Marketplace,Cartão de Crédito,2,138.77,0.1
PED05993,2025-06-20,Mesa Escritório,Móveis,Itapipoca,Interior,Marketplace,Cartão de Débito,1,1426.22,0.05
PED02660,2025-06-20,Headset,Acessórios,Maracanaú,Região Metropolitana,Loja Física,Boleto,3,305.28,0.0
PED00123,2025-06-20,Smartphone,Eletrônicos,Itapipoca,Interior,Marketplace,Cartão de Débito,2,4152.33,0.0
PED09386,2025-06-20,Notebook,Eletrônicos,Fortaleza,Fortaleza,Loja Física,PIX,1,5078.94,0.0
PED08874,2025-06-20,Caixa de Som,Áudio,Itapipoca,Interior,Loja Física,Cartão de Débito,1,602.56,0.05
PED03315,2025-06-20,Mesa Escritório,Móveis,Sobral,Interior,Site,Boleto,1,989.51,0.05
PED02726,2025-06-20,Monitor,Eletrônicos,Fortaleza,Fortaleza,Loja Física,Boleto,2,1507.9,0.0
PED00378,2025-06-20,Headset,Acessórios,Caucaia,Região Metropolitana,Site,Cartão de Crédito,2,434.9,0.05
PED02561,2025-06-20,Roteador,Informática,Juazeiro do Norte,Interior,Loja Física,Cartão de Débito,1,430.09,0.0
PED02318,2025-06-20,Webcam,Acessórios,Itapipoca,Interior,Site,Cartão de Crédito,1,137.81,0.0
PED09872,2025-06-20,Roteador,Informática,Sobral,Interior,Marketplace,PIX,4,396.0,0.05
PED08638,2025-06-20,Cadeira Gamer,Móveis,Sobral,Interior,Marketplace,Boleto,1,1854.91,0.0
PED08602,2025-06-20,Caixa de Som,Áudio,Fortaleza,Fortaleza,Site,Cartão de Débito,1,240.78,0.0
PED01672,2025-06-20,Headset,Acessórios,Caucaia,Região Metropolitana,Site,Cartão de Crédito,2,136.06,0.15
PED00825,2025-06-20,Mesa Escritório,Móveis,Sobral,Interior,Marketplace,Cartão de Crédito,1,1268.58,0.0
PED09233,2025-06-20,Fone Bluetooth,Áudio,Sobral,Interior,Site,PIX,1,507.14,0.15
PED04966,2025-06-20,Memória RAM,Informática,Caucaia,Região Metropolitana,Site,Cartão de Crédito,2,335.59,0.0
PED08546,2025-06-20,Notebook,Eletrônicos,Fortaleza,Fortaleza,Site,Cartão de Débito,1,5053.68,0.0
PED06976,2025-06-20,Caixa de Som,Áudio,Fortaleza,Fortaleza,Marketplace,PIX,1,199.46,0.1
PED01925,2025-06-21,Notebook,Eletrônicos,Caucaia,Região Metropolitana,Loja Física,Boleto,3,3714.5,0.0
PED03702,2025-06-21,Impressora,Informática,Sobral,Interior,Site,Cartão de Crédito,1,754.95,0.15
PED04175,2025-06-21,Webcam,Acessórios,Itapipoca,Interior,Site,Boleto,1,500.95,0.05
PED05061,2025-06-21,Cadeira Gamer,Móveis,Caucaia,Região Metropolitana,Site,PIX,1,872.95,0.15
PED03605,2025-06-21,Mesa Escritório,Móveis,Caucaia,Região Metropolitana,Site,Boleto,2,921.74,0.0
PED01053,2025-06-21,Smartphone,Eletrônicos,Sobral,Interior,Marketplace,Boleto,2,3604.71,0.05
PED09434,2025-06-21,Smartphone,Eletrônicos,Fortaleza,Fortaleza,Loja Física,Boleto,4,3097.31,0.0
PED09414,2025-06-21,Teclado,Acessórios,Itapipoca,Interior,Marketplace,Boleto,1,298.35,0.0
PED04024,2025-06-21,Notebook,Eletrônicos,Fortaleza,Fortaleza,Marketplace,Boleto,2,3500.86,0.1
PED02596,2025-06-21,Notebook,Eletrônicos,Caucaia,Região Metropolitana,Loja Física,PIX,1,6025.79,0.0
PED00848,2025-06-21,Mesa Escritório,Móveis,Maracanaú,Região Metropolitana,Marketplace,Cartão de Débito,2,1453.31,0.05
PED01093,2025-06-21,Fone Bluetooth,Áudio,Fortaleza,Fortaleza,Loja Física,Boleto,2,372.13,0.05
PED07634,2025-06-21,Fone Bluetooth,Áudio,Caucaia,Região Metropolitana,Loja Física,Cartão de Débito,1,565.74,0.0
PED03914,2025-06-21,Notebook,Eletrônicos,Sobral,Interior,Loja Física,PIX,1,5762.74,0.0
PED04762,2025-06-21,Cadeira Gamer,Móveis,Maracanaú,Região Metropolitana,Loja Física,Boleto,1,1682.4,0.1
PED09463,2025-06-22,Impressora,Informática,Fortaleza,Fortaleza,Site,Cartão de Crédito,1,783.19,0.1
PED01157,2025-06-22,Caixa de Som,Áudio,Fortaleza,Fortaleza,Loja Física,PIX,3,348.91,0.0
PED01698,2025-06-22,Mesa Escritório,Móveis,Caucaia,Região Metropolitana,Site,PIX,1,578.2,0.0
PED08842,2025-06-22,Teclado,Acessórios,Juazeiro do Norte,Interior,Site,Cartão de Crédito,1,104.51,0.05
PED07243,2025-06-22,Cadeira Gamer,Móveis,Sobral,Interior,Site,PIX,2,1009.65,0.1
PED09160,2025-06-22,Teclado,Acessórios,Maracanaú,Região Metropolitana,Site,Boleto,1,385.48,0.0
PED07101,2025-06-22,Headset,Acessórios,Juazeiro do Norte,Interior,Marketplace,Cartão de Crédito,1,99.64,0.0
PED09259,2025-06-22,Notebook,Eletrônicos,Itapipoca,Interior,Marketplace,PIX,1,5743.42,0.0
PED04686,2025-06-22,Fone Bluetooth,Áudio,Maracanaú,Região Metropolitana,Marketplace,Cartão de Crédito,1,304.2,0.0
PED09954,2025-06-22,Caixa de Som,Áudio,Juazeiro do Norte,Interior,Marketplace,PIX,1,281.55,0.0
PED09083,2025-06-22,Smartphone,Eletrônicos,Caucaia,Região Metropolitana,Marketplace,Cartão de Crédito,1,1783.39,0.15
PED01721,2025-06-22,Notebook,Eletrônicos,Juazeiro do Norte,Interior,Loja Física,PIX,1,3215.38,0.0
PED08318,2025-06-22,Cadeira Gamer,Móveis,Fortaleza,Fortaleza,Loja Física,Cartão de Crédito,1,1333.77,0.1
PED04447,2025-06-22,Caixa de Som,Áudio,Fortaleza,Fortaleza,Marketplace,PIX,1,341.31,0.05
PED02868,2025-06-22,Notebook,Eletrônicos,Itapipoca,Interior,Site,Cartão de Débito,1,6249.13,0.0
PED00171,2025-06-22,Webcam,Acessórios,Sobral,Interior,Loja Física,PIX,2,427.75,0.0
PED05706,2025-06-22,Webcam,Acessórios,Maracanaú,Região Metropolitana,Marketplace,PIX,1,512.87,0.0
PED07212,2025-06-22,Cadeira Gamer,Móveis,Sobral,Interior,Marketplace,Cartão de Débito,1,2166.84,0.05
PED04864,2025-06-22,Mouse,Acessórios,Fortaleza,Fortaleza,Site,Cartão de Crédito,1,213.34,0.1
PED07426,2025-06-22,Mouse,Acessórios,Itapipoca,Interior,Site,PIX,1,79.88,0.1
PED05006,2025-06-22,Cadeira Gamer,Móveis,Itapipoca,Interior,Site,Cartão de Débito,1,1580.55,0.05
PED08128,2025-06-22,Memória RAM,Informática,Juazeiro do Norte,Interior,Marketplace,Cartão de Débito,1,503.81,0.05
PED00867,2025-06-22,Cadeira Gamer,Móveis,Maracanaú,Região Metropolitana,Loja Física,Cartão de Débito,1,2161.57,0.1
PED01777,2025-06-23,Mesa Escritório,Móveis,Caucaia,Região Metropolitana,Site,Cartão de Débito,1,670.83,0.05
PED08377,2025-06-23,Caixa de Som,Áudio,Fortaleza,Fortaleza,Loja Física,PIX,2,132.19,0.0
PED07801,2025-06-23,Impressora,Informática,Fortaleza,Fortaleza,Site,Cartão de Débito,2,1799.86,0.1
PED06166,2025-06-23,Mouse,Acessórios,Sobral,Interior,Marketplace,Boleto,2,45.03,0.15
PED07820,2025-06-23,Webcam,Acessórios,Caucaia,Região Metropolitana,Marketplace,Cartão de Débito,2,169.06,0.0
PED06206,2025-06-23,Headset,Acessórios,Fortaleza,Fortaleza,Loja Física,PIX,1,483.78,0.0
PED08498,2025-06-23,Cadeira Gamer,Móveis,Juazeiro do Norte,Interior,Site,Cartão de Crédito,2,1427.63,0.1
PED06862,2025-06-23,Memória RAM,Informática,Fortaleza,Fortaleza,Loja Física,PIX,1,479.27,0.0
PED00060,2025-06-23,Memória RAM,Informática,Caucaia,Região Metropolitana,Marketplace,PIX,3,263.51,0.1
PED04769,2025-06-23,Smartphone,Eletrônicos,Fortaleza,Fortaleza,Site,Boleto,1,1741.9,0.1
PED04953,2025-06-23,SSD 1TB,Informática,Caucaia,Região Metropolitana,Site,Boleto,1,525.08,0.05
PED01003,2025-06-23,Mouse,Acessórios,Itapipoca,Interior,Loja Física,Cartão de Débito,1,87.18,0.15
PED09223,2025-06-23,Roteador,Informática,Fortaleza,Fortaleza,Marketplace,Boleto,1,594.96,0.1
PED02909,2025-06-23,Mesa Escritório,Móveis,Fortaleza,Fortaleza,Marketplace,Boleto,1,1585.52,0.0
PED04744,2025-06-23,Cadeira Gamer,Móveis,Caucaia,Região Metropolitana,Site,Cartão de Débito,1,1586.31,0.0
PED04910,2025-06-23,Roteador,Informática,Juazeiro do Norte,Interior,Loja Física,PIX,1,304.32,0.0
PED07470,2025-06-24,Smartphone,Eletrônicos,Fortaleza,Fortaleza,Marketplace,Cartão de Débito,3,3621.39,0.0
PED01599,2025-06-24,Cadeira Gamer,Móveis,Sobral,Interior,Site,Cartão de Crédito,1,1560.06,0.0
PED05013,2025-06-24,Smartphone,Eletrônicos,Maracanaú,Região Metropolitana,Loja Física,PIX,3,3111.44,0.0
PED08418,2025-06-24,Smartphone,Eletrônicos,Juazeiro do Norte,Interior,Site,PIX,1,1707.66,0.0
PED08212,2025-06-24,Teclado,Acessórios,Maracanaú,Região Metropolitana,Marketplace,Cartão de Crédito,1,416.11,0.0
PED05260,2025-06-24,Mouse,Acessórios,Sobral,Interior,Site,PIX,3,89.49,0.0
PED01335,2025-06-24,Cadeira Gamer,Móveis,Maracanaú,Região Metropolitana,Loja Física,Boleto,2,835.85,0.0
PED08040,2025-06-24,SSD 1TB,Informática,Caucaia,Região Metropolitana,Loja Física,PIX,1,334.68,0.1
PED06040,2025-06-24,Headset,Acessórios,Fortaleza,Fortaleza,Site,PIX,2,194.49,0.0
PED05990,2025-06-24,Caixa de Som,Áudio,Caucaia,Região Metropolitana,Loja Física,Cartão de Crédito,3,711.17,0.0
PED02564,2025-06-24,Mouse,Acessórios,Fortaleza,Fortaleza,Loja Física,Cartão de Débito,3,187.48,0.0
PED07375,2025-06-24,Mesa Escritório,Móveis,Maracanaú,Região Metropolitana,Site,Boleto,2,1051.12,0.1
PED03145,2025-06-24,Smartphone,Eletrônicos,Fortaleza,Fortaleza,Marketplace,PIX,1,4303.04,0.0
PED07407,2025-06-24,Teclado,Acessórios,Fortaleza,Fortaleza,Loja Física,Cartão de Crédito,1,265.33,0.0
PED06558,2025-06-24,Memória RAM,Informática,Maracanaú,Região Metropolitana,Site,Cartão de Débito,2,342.05,0.1
PED01798,2025-06-24,SSD 1TB,Informática,Fortaleza,Fortaleza,Loja Física,Cartão de Débito,4,431.6,0.0
PED05369,2025-06-24,Monitor,Eletrônicos,Sobral,Interior,Loja Física,Boleto,1,1631.69,0.0
PED06315,2025-06-24,SSD 1TB,Informática,Sobral,Interior,Site,Cartão de Débito,2,626.76,0.05
PED06580,2025-06-24,Headset,Acessórios,Juazeiro do Norte,Interior,Marketplace,PIX,2,255.61,0.0
PED04487,2025-06-24,Mesa Escritório,Móveis,Itapipoca,Interior,Loja Física,Cartão de Débito,2,1178.07,0.0
PED07214,2025-06-24,Caixa de Som,Áudio,Fortaleza,Fortaleza,Site,Cartão de Débito,1,181.16,0.0
PED08671,2025-06-24,Mouse,Acessórios,Caucaia,Região Metropolitana,Loja Física,PIX,2,104.6,0.0
PED00558,2025-06-24,Teclado,Acessórios,Caucaia,Região Metropolitana,Loja Física,Boleto,4,298.32,0.1
PED07962,2025-06-24,Monitor,Eletrônicos,Sobral,Interior,Site,Cartão de Débito,2,1121.8,0.05
PED09426,2025-06-24,Mouse,Acessórios,Juazeiro do Norte,Interior,Site,PIX,1,61.6,0.0
PED03417,2025-06-24,Cadeira Gamer,Móveis,Juazeiro do Norte,Interior,Marketplace,Cartão de Débito,1,1429.65,0.1
PED07982,2025-06-24,Smartphone,Eletrônicos,Sobral,Interior,Marketplace,Cartão de Crédito,1,1638.65,0.0
PED08910,2025-06-24,Caixa de Som,Áudio,Fortaleza,Fortaleza,Loja Física,Boleto,1,220.33,0.0
PED01049,2025-06-25,Teclado,Acessórios,Fortaleza,Fortaleza,Marketplace,Boleto,1,403.79,0.1
PED01350,2025-06-25,Cadeira Gamer,Móveis,Sobral,Interior,Loja Física,Cartão de Débito,2,1637.19,0.0
PED06681,2025-06-25,Impressora,Informática,Fortaleza,Fortaleza,Loja Física,PIX,1,1084.43,0.0
PED02632,2025-06-25,Memória RAM,Informática,Fortaleza,Fortaleza,Loja Física,Cartão de Débito,2,218.12,0.05
PED04146,2025-06-25,Cadeira Gamer,Móveis,Fortaleza,Fortaleza,Site,Boleto,3,995.15,0.0
PED02588,2025-06-25,Memória RAM,Informática,Itapipoca,Interior,Marketplace,PIX,3,173.86,0.1
PED03674,2025-06-25,Webcam,Acessórios,Itapipoca,Interior,Site,PIX,2,201.55,0.0
PED04791,2025-06-25,Headset,Acessórios,Itapipoca,Interior,Marketplace,Cartão de Crédito,1,188.88,0.15
PED08886,2025-06-25,Webcam,Acessórios,Caucaia,Região Metropolitana,Site,Cartão de Crédito,2,329.2,0.1
PED03737,2025-06-25,Fone Bluetooth,Áudio,Maracanaú,Região Metropolitana,Site,Cartão de Débito,2,189.02,0.0
PED02414,2025-06-25,Webcam,Acessórios,Itapipoca,Interior,Loja Física,Cartão de Débito,1,646.0,0.05
PED04589,2025-06-25,Impressora,Informática,Itapipoca,Interior,Marketplace,PIX,1,970.08,0.1
PED04819,2025-06-26,Caixa de Som,Áudio,Caucaia,Região Metropolitana,Loja Física,Boleto,1,721.99,0.0
PED07405,2025-06-26,Memória RAM,Informática,Fortaleza,Fortaleza,Marketplace,Boleto,3,364.53,0.0
PED01801,2025-06-26,Impressora,Informática,Fortaleza,Fortaleza,Loja Física,Cartão de Crédito,1,821.24,0.0
PED03421,2025-06-26,Fone Bluetooth,Áudio,Fortaleza,Fortaleza,Loja Física,PIX,1,576.67,0.0
PED00338,2025-06-26,Roteador,Informática,Fortaleza,Fortaleza,Marketplace,Cartão de Débito,1,564.22,0.0
PED09226,2025-06-26,Notebook,Eletrônicos,Caucaia,Região Metropolitana,Site,Cartão de Débito,1,4771.86,0.1
PED02251,2025-06-26,Headset,Acessórios,Fortaleza,Fortaleza,Loja Física,Cartão de Débito,4,370.86,0.0
PED08360,2025-06-26,SSD 1TB,Informática,Maracanaú,Região Metropolitana,Site,Cartão de Crédito,3,360.6,0.0
PED06292,2025-06-26,Monitor,Eletrônicos,Maracanaú,Região Metropolitana,Site,Cartão de Débito,1,1618.67,0.0
PED09180,2025-06-26,Mesa Escritório,Móveis,Caucaia,Região Metropolitana,Site,Boleto,1,1158.44,0.05
PED07089,2025-06-26,Impressora,Informática,Fortaleza,Fortaleza,Site,Cartão de Débito,1,1282.39,0.1
PED02333,2025-06-26,Fone Bluetooth,Áudio,Sobral,Interior,Marketplace,PIX,3,485.66,0.05
PED03048,2025-06-26,Memória RAM,Informática,Itapipoca,Interior,Marketplace,Cartão de Crédito,1,286.4,0.0
PED05080,2025-06-26,Memória RAM,Informática,Fortaleza,Fortaleza,Site,Cartão de Crédito,1,256.85,0.0
PED03058,2025-06-26,Mesa Escritório,Móveis,Fortaleza,Fortaleza,Site,Boleto,1,945.6,0.0
PED01580,2025-06-26,Notebook,Eletrônicos,Caucaia,Região Metropolitana,Marketplace,PIX,1,4465.07,0.0
PED08470,2025-06-26,Teclado,Acessórios,Fortaleza,Fortaleza,Marketplace,Cartão de Débito,1,101.73,0.05
PED05106,2025-06-26,Headset,Acessórios,Maracanaú,Região Metropolitana,Loja Física,Boleto,3,371.48,0.0
PED01523,2025-06-26,Caixa de Som,Áudio,Itapipoca,Interior,Site,PIX,1,292.87,0.0
PED06632,2025-06-27,Caixa de Som,Áudio,Caucaia,Região Metropolitana,Site,Boleto,1,398.37,0.15
PED03159,2025-06-27,Mesa Escritório,Móveis,Fortaleza,Fortaleza,Site,Boleto,1,943.81,0.1
PED02308,2025-06-27,SSD 1TB,Informática,Juazeiro do Norte,Interior,Marketplace,Cartão de Débito,1,444.31,0.1
PED06649,2025-06-27,Impressora,Informática,Fortaleza,Fortaleza,Site,Cartão de Crédito,1,1717.8,0.05
PED00961,2025-06-27,Mouse,Acessórios,Itapipoca,Interior,Loja Física,Cartão de Crédito,1,197.49,0.0
PED07233,2025-06-27,Headset,Acessórios,Sobral,Interior,Loja Física,PIX,1,228.35,0.05
PED01518,2025-06-27,Fone Bluetooth,Áudio,Caucaia,Região Metropolitana,Site,PIX,1,101.77,0.0
PED05864,2025-06-27,Impressora,Informática,Maracanaú,Região Metropolitana,Site,Boleto,2,1760.51,0.05
PED08667,2025-06-27,Impressora,Informática,Fortaleza,Fortaleza,Site,PIX,3,1062.89,0.05
PED09615,2025-06-27,Teclado,Acessórios,Caucaia,Região Metropolitana,Loja Física,Cartão de Débito,1,371.85,0.0
PED05299,2025-06-27,Notebook,Eletrônicos,Fortaleza,Fortaleza,Marketplace,Cartão de Débito,2,5686.62,0.1
PED04059,2025-06-27,Cadeira Gamer,Móveis,Juazeiro do Norte,Interior,Marketplace,Cartão de Crédito,2,2197.94,0.0
PED08380,2025-06-27,Smartphone,Eletrônicos,Fortaleza,Fortaleza,Site,Cartão de Crédito,1,2337.44,0.1
PED09977,2025-06-27,Fone Bluetooth,Áudio,Caucaia,Região Metropolitana,Loja Física,Cartão de Débito,1,426.23,0.05
PED07560,2025-06-27,Mouse,Acessórios,Maracanaú,Região Metropolitana,Loja Física,Boleto,1,140.2,0.0
PED03556,2025-06-27,Teclado,Acessórios,Fortaleza,Fortaleza,Site,Cartão de Crédito,2,109.06,0.15
PED04904,2025-06-27,Teclado,Acessórios,Juazeiro do Norte,Interior,Marketplace,Cartão de Débito,1,445.4,0.0
PED07527,2025-06-27,Caixa de Som,Áudio,Itapipoca,Interior,Loja Física,Boleto,1,300.7,0.0
PED01909,2025-06-27,Webcam,Acessórios,Fortaleza,Fortaleza,Loja Física,Cartão de Débito,1,182.28,0.0
PED00504,2025-06-27,SSD 1TB,Informática,Juazeiro do Norte,Interior,Marketplace,Cartão de Crédito,2,318.31,0.1
PED01897,2025-06-27,Memória RAM,Informática,Fortaleza,Fortaleza,Loja Física,Cartão de Débito,2,405.44,0.05
PED02255,2025-06-28,Notebook,Eletrônicos,Caucaia,Região Metropolitana,Site,Boleto,1,3803.95,0.0
PED05283,2025-06-28,Notebook,Eletrônicos,Juazeiro do Norte,Interior,Loja Física,Cartão de Débito,1,6047.32,0.15
PED00591,2025-06-28,Memória RAM,Informática,Fortaleza,Fortaleza,Site,PIX,1,429.3,0.1
PED02946,2025-06-28,Monitor,Eletrônicos,Fortaleza,Fortaleza,Loja Física,PIX,1,1839.14,0.1
PED07482,2025-06-28,Fone Bluetooth,Áudio,Fortaleza,Fortaleza,Marketplace,Boleto,2,483.46,0.0
PED05708,2025-06-28,Fone Bluetooth,Áudio,Fortaleza,Fortaleza,Loja Física,Boleto,1,94.63,0.05
PED01394,2025-06-28,Mesa Escritório,Móveis,Juazeiro do Norte,Interior,Marketplace,Boleto,2,1319.19,0.0
PED05807,2025-06-28,Mesa Escritório,Móveis,Caucaia,Região Metropolitana,Loja Física,Boleto,1,642.5,0.0
PED08269,2025-06-28,Webcam,Acessórios,Fortaleza,Fortaleza,Site,Cartão de Crédito,2,431.34,0.0
PED05108,2025-06-28,Monitor,Eletrônicos,Fortaleza,Fortaleza,Site,Cartão de Débito,1,938.37,0.0
PED06120,2025-06-28,Headset,Acessórios,Fortaleza,Fortaleza,Marketplace,Boleto,1,479.19,0.05
PED06671,2025-06-28,Fone Bluetooth,Áudio,Fortaleza,Fortaleza,Site,Boleto,2,170.66,0.0
PED03623,2025-06-28,Impressora,Informática,Caucaia,Região Metropolitana,Loja Física,PIX,1,1587.59,0.0
PED06214,2025-06-28,SSD 1TB,Informática,Caucaia,Região Metropolitana,Site,Cartão de Crédito,3,393.72,0.1
PED07369,2025-06-28,Mouse,Acessórios,Juazeiro do Norte,Interior,Marketplace,Cartão de Crédito,2,234.17,0.0
PED09957,2025-06-28,Mouse,Acessórios,Fortaleza,Fortaleza,Loja Física,Boleto,1,173.75,0.05
PED04896,2025-06-28,Notebook,Eletrônicos,Fortaleza,Fortaleza,Marketplace,Boleto,1,4205.2,0.1
PED04001,2025-06-28,Memória RAM,Informática,Fortaleza,Fortaleza,Marketplace,Cartão de Crédito,1,524.19,0.0
PED08628,2025-06-28,Mesa Escritório,Móveis,Caucaia,Região Metropolitana,Marketplace,Cartão de Crédito,2,846.69,0.0
PED06844,2025-06-29,Caixa de Som,Áudio,Maracanaú,Região Metropolitana,Loja Física,PIX,1,437.81,0.0
PED01178,2025-06-29,Teclado,Acessórios,Fortaleza,Fortaleza,Marketplace,Cartão de Débito,1,293.75,0.1
PED00580,2025-06-29,Teclado,Acessórios,Caucaia,Região Metropolitana,Site,PIX,1,282.28,0.0
PED01645,2025-06-29,Mesa Escritório,Móveis,Fortaleza,Fortaleza,Marketplace,PIX,2,637.32,0.0
PED06739,2025-06-29,Notebook,Eletrônicos,Fortaleza,Fortaleza,Site,PIX,4,6424.3,0.0
PED06686,2025-06-29,Memória RAM,Informática,Fortaleza,Fortaleza,Site,Cartão de Crédito,1,493.75,0.0
PED06241,2025-06-29,Roteador,Informática,Sobral,Interior,Site,Boleto,2,275.56,0.0
PED01846,2025-06-29,Notebook,Eletrônicos,Fortaleza,Fortaleza,Loja Física,PIX,1,5366.81,0.0
PED03493,2025-06-29,Memória RAM,Informática,Caucaia,Região Metropolitana,Site,Cartão de Crédito,2,440.98,0.1
PED02097,2025-06-29,Smartphone,Eletrônicos,Fortaleza,Fortaleza,Loja Física,Cartão de Débito,2,4130.98,0.0
PED08836,2025-06-29,Mesa Escritório,Móveis,Sobral,Interior,Site,PIX,1,1354.75,0.05
PED03981,2025-06-29,Mesa Escritório,Móveis,Juazeiro do Norte,Interior,Loja Física,PIX,1,463.75,0.05
PED07682,2025-06-29,Cadeira Gamer,Móveis,Maracanaú,Região Metropolitana,Loja Física,Cartão de Débito,2,2045.42,0.05
PED07446,2025-06-29,Smartphone,Eletrônicos,Fortaleza,Fortaleza,Site,Cartão de Débito,2,4096.32,0.0
PED01022,2025-06-29,Mouse,Acessórios,Maracanaú,Região Metropolitana,Loja Física,Cartão de Crédito,1,233.95,0.05
PED01079,2025-06-29,Caixa de Som,Áudio,Itapipoca,Interior,Site,Cartão de Crédito,1,225.7,0.05
PED02824,2025-06-29,Memória RAM,Informática,Caucaia,Região Metropolitana,Loja Física,Boleto,1,532.14,0.0
PED02873,2025-06-29,Teclado,Acessórios,Juazeiro do Norte,Interior,Marketplace,PIX,1,369.46,0.05
PED08364,2025-06-30,Notebook,Eletrônicos,Fortaleza,Fortaleza,Loja Física,Cartão de Crédito,1,5926.65,0.1
PED09853,2025-06-30,Fone Bluetooth,Áudio,Fortaleza,Fortaleza,Site,PIX,2,551.63,0.05
PED06401,2025-06-30,Impressora,Informática,Maracanaú,Região Metropolitana,Site,Cartão de Débito,4,1296.15,0.0
PED01456,2025-06-30,Headset,Acessórios,Itapipoca,Interior,Marketplace,Cartão de Débito,1,524.59,0.0
PED09511,2025-06-30,Webcam,Acessórios,Fortaleza,Fortaleza,Marketplace,Cartão de Crédito,2,670.67,0.05
PED03472,2025-06-30,Notebook,Eletrônicos,Maracanaú,Região Metropolitana,Marketplace,PIX,2,4720.98,0.05
PED01230,2025-06-30,Fone Bluetooth,Áudio,Caucaia,Região Metropolitana,Loja Física,Boleto,1,617.71,0.0
PED05439,2025-06-30,Caixa de Som,Áudio,Itapipoca,Interior,Site,PIX,2,169.38,0.0
PED02461,2025-06-30,Teclado,Acessórios,Fortaleza,Fortaleza,Site,Boleto,3,168.71,0.0
PED09111,2025-06-30,Teclado,Acessórios,Fortaleza,Fortaleza,Marketplace,PIX,1,429.14,0.0
PED08739,2025-06-30,Roteador,Informática,Caucaia,Região Metropolitana,Marketplace,Cartão de Crédito,2,339.3,0.1
PED08222,2025-06-30,Caixa de Som,Áudio,Maracanaú,Região Metropolitana,Marketplace,Boleto,1,306.39,0.0
PED08998,2025-06-30,Mouse,Acessórios,Caucaia,Região Metropolitana,Site,Cartão de Crédito,1,128.15,0.1
PED09912,2025-06-30,Caixa de Som,Áudio,Fortaleza,Fortaleza,Marketplace,Boleto,1,133.38,0.1
PED07659,2025-06-30,Roteador,Informática,Fortaleza,Fortaleza,Loja Física,PIX,2,558.33,0.0
PED05670,2025-06-30,Impressora,Informática,Maracanaú,Região Metropolitana,Site,PIX,2,591.85,0.05
PED03118,2025-06-30,Mesa Escritório,Móveis,Fortaleza,Fortaleza,Marketplace,PIX,1,847.18,0.0
PED09654,2025-06-30,Smartphone,Eletrônicos,Maracanaú,Região Metropolitana,Site,Cartão de Débito,1,1257.08,0.0
PED05705,2025-06-30,Roteador,Informática,Fortaleza,Fortaleza,Site,PIX,3,462.1,0.1
PED00064,2025-06-30,Caixa de Som,Áudio,Sobral,Interior,Marketplace,Boleto,1,135.15,0.0
PED05124,2025-06-30,Memória RAM,Informática,Caucaia,Região Metropolitana,Loja Física,Cartão de Débito,2,334.85,0.1
PED07440,2025-07-01,Roteador,Informática,Sobral,Interior,Marketplace,Cartão de Crédito,1,544.89,0.0
PED03415,2025-07-01,Teclado,Acessórios,Fortaleza,Fortaleza,Loja Física,Cartão de Crédito,1,364.92,0.0
PED01087,2025-07-01,Caixa de Som,Áudio,Fortaleza,Fortaleza,Site,PIX,2,474.26,0.05
PED01519,2025-07-01,Notebook,Eletrônicos,Maracanaú,Região Metropolitana,Loja Física,PIX,2,4584.59,0.05
PED02386,2025-07-01,Cadeira Gamer,Móveis,Juazeiro do Norte,Interior,Loja Física,PIX,2,1279.49,0.0
PED05174,2025-07-01,Impressora,Informática,Fortaleza,Fortaleza,Marketplace,Cartão de Crédito,1,1546.72,0.1
PED07959,2025-07-01,Fone Bluetooth,Áudio,Juazeiro do Norte,Interior,Marketplace,Cartão de Crédito,2,156.54,0.05
PED01724,2025-07-01,Roteador,Informática,Fortaleza,Fortaleza,Marketplace,Cartão de Crédito,1,518.32,0.1
PED06726,2025-07-01,Roteador,Informática,Fortaleza,Fortaleza,Loja Física,Cartão de Débito,1,202.43,0.05
PED03490,2025-07-01,Impressora,Informática,Sobral,Interior,Marketplace,Cartão de Crédito,1,887.7,0.0
PED02698,2025-07-01,Mouse,Acessórios,Sobral,Interior,Site,PIX,1,297.88,0.0
PED01529,2025-07-01,Webcam,Acessórios,Fortaleza,Fortaleza,Site,Cartão de Débito,1,524.58,0.1
PED05718,2025-07-01,Memória RAM,Informática,Fortaleza,Fortaleza,Marketplace,Cartão de Crédito,2,497.47,0.0
PED02271,2025-07-01,Webcam,Acessórios,Fortaleza,Fortaleza,Site,Cartão de Débito,3,511.03,0.05
PED01231,2025-07-01,Monitor,Eletrônicos,Maracanaú,Região Metropolitana,Site,Cartão de Crédito,1,736.82,0.0
PED09942,2025-07-02,Mouse,Acessórios,Sobral,Interior,Marketplace,Boleto,1,122.99,0.0
PED06757,2025-07-02,Memória RAM,Informática,Caucaia,Região Metropolitana,Loja Física,Cartão de Crédito,1,438.68,0.05
PED01547,2025-07-02,Impressora,Informática,Itapipoca,Interior,Loja Física,Cartão de Débito,1,1002.85,0.0
PED02051,2025-07-02,Memória RAM,Informática,Fortaleza,Fortaleza,Loja Física,Boleto,1,346.2,0.0
PED08193,2025-07-02,Caixa de Som,Áudio,Fortaleza,Fortaleza,Site,PIX,4,182.75,0.05
PED02555,2025-07-02,Roteador,Informática,Juazeiro do Norte,Interior,Marketplace,Cartão de Débito,1,483.5,0.05
PED00508,2025-07-02,Mouse,Acessórios,Itapipoca,Interior,Marketplace,Cartão de Débito,3,224.69,0.0
PED07415,2025-07-02,Mesa Escritório,Móveis,Itapipoca,Interior,Loja Física,Cartão de Débito,2,846.45,0.05
PED01528,2025-07-02,Cadeira Gamer,Móveis,Fortaleza,Fortaleza,Site,Cartão de Crédito,1,1525.81,0.05
PED00585,2025-07-02,Impressora,Informática,Itapipoca,Interior,Site,Cartão de Débito,1,991.92,0.05
PED07116,2025-07-03,Notebook,Eletrônicos,Juazeiro do Norte,Interior,Loja Física,PIX,1,4384.52,0.1
PED06615,2025-07-03,Mesa Escritório,Móveis,Sobral,Interior,Marketplace,Cartão de Crédito,2,1305.24,0.0
PED00725,2025-07-03,Notebook,Eletrônicos,Fortaleza,Fortaleza,Marketplace,Boleto,1,5233.84,0.0
PED02768,2025-07-03,Mesa Escritório,Móveis,Fortaleza,Fortaleza,Marketplace,PIX,2,1057.47,0.0
PED01059,2025-07-03,Headset,Acessórios,Sobral,Interior,Site,Cartão de Crédito,1,212.19,0.0
PED06340,2025-07-03,Mouse,Acessórios,Itapipoca,Interior,Loja Física,Boleto,1,254.97,0.1
PED06561,2025-07-03,Mouse,Acessórios,Sobral,Interior,Site,Cartão de Crédito,1,299.06,0.0
PED06978,2025-07-03,Roteador,Informática,Fortaleza,Fortaleza,Site,PIX,2,388.64,0.0
PED08560,2025-07-03,Notebook,Eletrônicos,Fortaleza,Fortaleza,Marketplace,Boleto,2,4482.49,0.05
PED06044,2025-07-03,SSD 1TB,Informática,Fortaleza,Fortaleza,Marketplace,Boleto,1,379.9,0.0
PED01716,2025-07-03,Cadeira Gamer,Móveis,Fortaleza,Fortaleza,Loja Física,PIX,1,1656.58,0.15
PED00945,2025-07-03,Mesa Escritório,Móveis,Caucaia,Região Metropolitana,Loja Física,Boleto,1,502.05,0.05
PED06286,2025-07-03,Teclado,Acessórios,Fortaleza,Fortaleza,Loja Física,PIX,1,336.06,0.0
PED05068,2025-07-03,Headset,Acessórios,Fortaleza,Fortaleza,Site,Cartão de Crédito,1,378.52,0.0
PED01054,2025-07-03,Impressora,Informática,Itapipoca,Interior,Site,Cartão de Débito,1,1206.84,0.0
PED00299,2025-07-03,Caixa de Som,Áudio,Itapipoca,Interior,Loja Física,PIX,1,467.07,0.15
PED01151,2025-07-03,Fone Bluetooth,Áudio,Sobral,Interior,Site,Boleto,2,250.49,0.0
PED07637,2025-07-03,Smartphone,Eletrônicos,Fortaleza,Fortaleza,Site,Boleto,1,1031.41,0.1
PED08424,2025-07-03,Notebook,Eletrônicos,Fortaleza,Fortaleza,Marketplace,PIX,1,5834.77,0.05
PED02411,2025-07-03,Teclado,Acessórios,Juazeiro do Norte,Interior,Loja Física,Cartão de Crédito,1,243.88,0.05
PED02579,2025-07-04,Smartphone,Eletrônicos,Maracanaú,Região Metropolitana,Loja Física,Cartão de Crédito,2,3473.49,0.0
PED04889,2025-07-04,Teclado,Acessórios,Fortaleza,Fortaleza,Site,PIX,2,230.34,0.15
PED09022,2025-07-04,Headset,Acessórios,Fortaleza,Fortaleza,Loja Física,Boleto,1,439.03,0.05
PED02350,2025-07-04,Smartphone,Eletrônicos,Fortaleza,Fortaleza,Site,Boleto,1,3938.01,0.05
PED04517,2025-07-04,SSD 1TB,Informática,Sobral,Interior,Marketplace,Cartão de Crédito,2,410.34,0.0
PED05519,2025-07-04,Fone Bluetooth,Áudio,Caucaia,Região Metropolitana,Site,Cartão de Débito,2,93.89,0.0
PED01391,2025-07-04,Impressora,Informática,Caucaia,Região Metropolitana,Marketplace,Cartão de Débito,3,711.78,0.05
PED01471,2025-07-04,Impressora,Informática,Maracanaú,Região Metropolitana,Site,Cartão de Crédito,1,1643.8,0.0
PED07030,2025-07-04,Impressora,Informática,Maracanaú,Região Metropolitana,Marketplace,Boleto,1,1328.48,0.05
PED07079,2025-07-04,Teclado,Acessórios,Fortaleza,Fortaleza,Loja Física,PIX,1,141.53,0.0
PED02569,2025-07-04,Monitor,Eletrônicos,Sobral,Interior,Loja Física,Boleto,2,1121.23,0.05
PED03212,2025-07-04,Caixa de Som,Áudio,Fortaleza,Fortaleza,Site,PIX,1,651.22,0.15
PED06484,2025-07-04,Impressora,Informática,Maracanaú,Região Metropolitana,Site,Cartão de Crédito,1,687.38,0.05
PED03807,2025-07-04,Webcam,Acessórios,Caucaia,Região Metropolitana,Loja Física,Cartão de Crédito,2,402.92,0.1
PED04968,2025-07-04,SSD 1TB,Informática,Juazeiro do Norte,Interior,Loja Física,Boleto,1,289.1,0.0
PED02049,2025-07-04,Roteador,Informática,Itapipoca,Interior,Marketplace,Cartão de Crédito,2,511.53,0.0
PED01001,2025-07-04,Notebook,Eletrônicos,Caucaia,Região Metropolitana,Site,PIX,3,6036.84,0.0
PED00999,2025-07-04,Memória RAM,Informática,Juazeiro do Norte,Interior,Loja Física,Cartão de Débito,1,464.7,0.15
PED05600,2025-07-04,SSD 1TB,Informática,Juazeiro do Norte,Interior,Site,PIX,1,280.65,0.1
PED00466,2025-07-04,Roteador,Informática,Juazeiro do Norte,Interior,Loja Física,Boleto,4,306.36,0.0
PED02713,2025-07-04,Mouse,Acessórios,Itapipoca,Interior,Site,PIX,1,94.14,0.1
PED07755,2025-07-05,Teclado,Acessórios,Fortaleza,Fortaleza,Loja Física,Cartão de Débito,3,219.77,0.0
PED06551,2025-07-05,Fone Bluetooth,Áudio,Fortaleza,Fortaleza,Marketplace,PIX,3,363.24,0.05
PED03216,2025-07-05,Impressora,Informática,Fortaleza,Fortaleza,Loja Física,Cartão de Crédito,1,904.89,0.05
PED06048,2025-07-05,Mouse,Acessórios,Fortaleza,Fortaleza,Marketplace,Boleto,1,292.33,0.0
PED01180,2025-07-05,Fone Bluetooth,Áudio,Fortaleza,Fortaleza,Site,Boleto,1,351.81,0.1
PED02624,2025-07-05,Monitor,Eletrônicos,Fortaleza,Fortaleza,Loja Física,PIX,1,1064.73,0.0
PED09198,2025-07-05,Memória RAM,Informática,Maracanaú,Região Metropolitana,Marketplace,Boleto,1,162.13,0.0
PED09659,2025-07-05,Fone Bluetooth,Áudio,Caucaia,Região Metropolitana,Loja Física,Cartão de Crédito,2,148.46,0.05
PED04210,2025-07-05,Notebook,Eletrônicos,Fortaleza,Fortaleza,Site,Cartão de Crédito,1,5578.69,0.05
PED06193,2025-07-05,SSD 1TB,Informática,Fortaleza,Fortaleza,Site,Boleto,4,383.91,0.0
PED03506,2025-07-05,Webcam,Acessórios,Caucaia,Região Metropolitana,Loja Física,Cartão de Débito,1,522.69,0.05
PED06221,2025-07-05,Smartphone,Eletrônicos,Caucaia,Região Metropolitana,Loja Física,Cartão de Débito,1,2678.53,0.0
PED06043,2025-07-05,Mesa Escritório,Móveis,Fortaleza,Fortaleza,Site,Cartão de Débito,1,817.14,0.15
PED07617,2025-07-05,Mouse,Acessórios,Juazeiro do Norte,Interior,Site,Boleto,1,217.91,0.0
PED08053,2025-07-05,Headset,Acessórios,Fortaleza,Fortaleza,Marketplace,Boleto,1,248.23,0.05
PED07581,2025-07-05,SSD 1TB,Informática,Fortaleza,Fortaleza,Loja Física,PIX,2,578.56,0.0
PED02853,2025-07-05,Headset,Acessórios,Maracanaú,Região Metropolitana,Site,Boleto,2,124.97,0.05
PED08452,2025-07-06,Mouse,Acessórios,Fortaleza,Fortaleza,Marketplace,Cartão de Crédito,1,58.81,0.05
PED06460,2025-07-06,Memória RAM,Informática,Fortaleza,Fortaleza,Loja Física,PIX,1,150.65,0.0
PED08073,2025-07-06,Roteador,Informática,Caucaia,Região Metropolitana,Loja Física,PIX,2,231.45,0.0
PED05364,2025-07-06,Cadeira Gamer,Móveis,Maracanaú,Região Metropolitana,Site,Cartão de Crédito,1,1363.51,0.05
PED05147,2025-07-06,SSD 1TB,Informática,Juazeiro do Norte,Interior,Marketplace,PIX,1,633.56,0.1
PED04613,2025-07-06,Fone Bluetooth,Áudio,Juazeiro do Norte,Interior,Loja Física,Cartão de Crédito,1,261.46,0.1
PED06310,2025-07-06,Impressora,Informática,Fortaleza,Fortaleza,Site,Cartão de Débito,3,712.78,0.0
PED03324,2025-07-06,Headset,Acessórios,Fortaleza,Fortaleza,Loja Física,PIX,1,356.55,0.0
PED02341,2025-07-06,Mesa Escritório,Móveis,Juazeiro do Norte,Interior,Loja Física,Cartão de Débito,1,1389.98,0.1
PED04029,2025-07-06,SSD 1TB,Informática,Juazeiro do Norte,Interior,Marketplace,Cartão de Crédito,3,584.84,0.0
PED03697,2025-07-06,Notebook,Eletrônicos,Sobral,Interior,Marketplace,Boleto,1,3423.34,0.05
PED08946,2025-07-07,Webcam,Acessórios,Fortaleza,Fortaleza,Loja Física,Cartão de Débito,1,441.86,0.05
PED01605,2025-07-07,Notebook,Eletrônicos,Caucaia,Região Metropolitana,Marketplace,Cartão de Crédito,1,3953.52,0.0
PED05220,2025-07-07,Memória RAM,Informática,Fortaleza,Fortaleza,Site,Cartão de Débito,1,239.76,0.0
PED09576,2025-07-07,SSD 1TB,Informática,Fortaleza,Fortaleza,Marketplace,Cartão de Débito,1,594.03,0.0
PED09343,2025-07-07,Caixa de Som,Áudio,Itapipoca,Interior,Site,Cartão de Crédito,1,317.95,0.0
PED01080,2025-07-07,Roteador,Informática,Itapipoca,Interior,Marketplace,PIX,1,333.16,0.1
PED08398,2025-07-07,Roteador,Informática,Caucaia,Região Metropolitana,Loja Física,Boleto,2,449.92,0.0
PED03135,2025-07-07,Impressora,Informática,Fortaleza,Fortaleza,Site,Boleto,1,1019.54,0.0
PED07372,2025-07-07,Impressora,Informática,Sobral,Interior,Marketplace,Cartão de Débito,1,1554.88,0.0
PED08717,2025-07-07,Roteador,Informática,Itapipoca,Interior,Site,Boleto,2,523.43,0.0
PED09143,2025-07-07,Headset,Acessórios,Caucaia,Região Metropolitana,Site,Cartão de Crédito,1,114.06,0.0
PED07326,2025-07-07,Mesa Escritório,Móveis,Itapipoca,Interior,Marketplace,PIX,1,641.5,0.1
PED06585,2025-07-07,Cadeira Gamer,Móveis,Maracanaú,Região Metropolitana,Site,PIX,3,794.75,0.0
PED02889,2025-07-07,SSD 1TB,Informática,Maracanaú,Região Metropolitana,Loja Física,Cartão de Crédito,1,386.2,0.0
PED08597,2025-07-07,Headset,Acessórios,Itapipoca,Interior,Site,PIX,1,513.64,0.0
PED09021,2025-07-07,Webcam,Acessórios,Maracanaú,Região Metropolitana,Marketplace,Cartão de Crédito,3,207.73,0.05
PED09010,2025-07-07,Cadeira Gamer,Móveis,Fortaleza,Fortaleza,Loja Física,Cartão de Débito,1,1223.18,0.0
PED06876,2025-07-07,Notebook,Eletrônicos,Caucaia,Região Metropolitana,Loja Física,Cartão de Crédito,1,4918.14,0.05
PED09011,2025-07-07,Monitor,Eletrônicos,Sobral,Interior,Marketplace,PIX,1,1237.88,0.1
PED04325,2025-07-07,Notebook,Eletrônicos,Juazeiro do Norte,Interior,Site,PIX,3,3812.91,0.05
PED09584,2025-07-07,Webcam,Acessórios,Fortaleza,Fortaleza,Site,Boleto,2,686.6,0.0
PED03758,2025-07-07,Mouse,Acessórios,Fortaleza,Fortaleza,Marketplace,Cartão de Débito,1,85.37,0.1
PED02527,2025-07-07,Memória RAM,Informática,Fortaleza,Fortaleza,Loja Física,Boleto,3,213.03,0.0
PED03362,2025-07-08,Caixa de Som,Áudio,Maracanaú,Região Metropolitana,Site,Cartão de Débito,2,516.06,0.0
PED06956,2025-07-08,Monitor,Eletrônicos,Fortaleza,Fortaleza,Loja Física,Boleto,2,1357.89,0.0
PED03746,2025-07-08,Teclado,Acessórios,Fortaleza,Fortaleza,Loja Física,Boleto,2,188.08,0.1
PED09759,2025-07-08,Teclado,Acessórios,Fortaleza,Fortaleza,Marketplace,Cartão de Crédito,1,390.52,0.0
PED08125,2025-07-08,Mesa Escritório,Móveis,Juazeiro do Norte,Interior,Marketplace,Boleto,2,1094.21,0.0
PED06961,2025-07-08,Caixa de Som,Áudio,Itapipoca,Interior,Loja Física,Cartão de Crédito,2,428.13,0.0
PED03253,2025-07-08,Roteador,Informática,Maracanaú,Região Metropolitana,Site,Boleto,1,474.84,0.0
PED07602,2025-07-08,Caixa de Som,Áudio,Sobral,Interior,Loja Física,Boleto,2,753.88,0.0
PED09569,2025-07-08,Roteador,Informática,Fortaleza,Fortaleza,Site,PIX,2,273.58,0.0
PED03209,2025-07-08,Headset,Acessórios,Sobral,Interior,Site,PIX,1,299.61,0.0
PED09657,2025-07-08,Impressora,Informática,Maracanaú,Região Metropolitana,Loja Física,Cartão de Crédito,2,1100.1,0.1
PED08017,2025-07-08,Caixa de Som,Áudio,Sobral,Interior,Loja Física,Cartão de Débito,1,202.77,0.1
PED03563,2025-07-08,Fone Bluetooth,Áudio,Fortaleza,Fortaleza,Marketplace,PIX,2,160.57,0.05
PED08486,2025-07-08,Roteador,Informática,Juazeiro do Norte,Interior,Site,PIX,1,292.55,0.0
PED07110,2025-07-08,SSD 1TB,Informática,Maracanaú,Região Metropolitana,Loja Física,PIX,1,344.01,0.0
PED05266,2025-07-08,Monitor,Eletrônicos,Fortaleza,Fortaleza,Marketplace,Cartão de Crédito,1,1260.89,0.0
PED03465,2025-07-08,Mesa Escritório,Móveis,Fortaleza,Fortaleza,Site,PIX,2,1173.75,0.05
PED02935,2025-07-08,Teclado,Acessórios,Fortaleza,Fortaleza,Marketplace,Cartão de Débito,1,196.92,0.05
PED05240,2025-07-08,Smartphone,Eletrônicos,Sobral,Interior,Site,Cartão de Débito,2,3228.85,0.1
PED02355,2025-07-09,Smartphone,Eletrônicos,Itapipoca,Interior,Loja Física,PIX,1,2850.52,0.0
PED08880,2025-07-09,Fone Bluetooth,Áudio,Caucaia,Região Metropolitana,Site,PIX,1,245.68,0.0
PED04353,2025-07-09,Roteador,Informática,Fortaleza,Fortaleza,Site,Cartão de Débito,3,444.47,0.0
PED05791,2025-07-09,Impressora,Informática,Fortaleza,Fortaleza,Marketplace,Cartão de Crédito,1,1090.29,0.0
PED06005,2025-07-09,Memória RAM,Informática,Sobral,Interior,Loja Física,PIX,4,372.98,0.0
PED00861,2025-07-09,Fone Bluetooth,Áudio,Caucaia,Região Metropolitana,Site,PIX,2,183.08,0.0
PED09080,2025-07-09,Notebook,Eletrônicos,Sobral,Interior,Marketplace,Cartão de Débito,1,4528.86,0.05
PED08387,2025-07-09,Smartphone,Eletrônicos,Fortaleza,Fortaleza,Site,Cartão de Débito,2,4284.33,0.1
PED06129,2025-07-09,Roteador,Informática,Fortaleza,Fortaleza,Marketplace,Boleto,2,537.35,0.1
PED02493,2025-07-09,Teclado,Acessórios,Maracanaú,Região Metropolitana,Loja Física,Boleto,1,375.3,0.0
PED00767,2025-07-09,Smartphone,Eletrônicos,Fortaleza,Fortaleza,Loja Física,Cartão de Crédito,1,1812.01,0.0
PED09822,2025-07-09,SSD 1TB,Informática,Sobral,Interior,Site,Boleto,1,542.24,0.1
PED03405,2025-07-09,SSD 1TB,Informática,Fortaleza,Fortaleza,Marketplace,PIX,1,320.77,0.0
PED05703,2025-07-09,Memória RAM,Informática,Juazeiro do Norte,Interior,Site,Cartão de Débito,1,430.44,0.0
PED07772,2025-07-09,Impressora,Informática,Maracanaú,Região Metropolitana,Loja Física,PIX,2,1179.51,0.0
PED03250,2025-07-09,Mouse,Acessórios,Caucaia,Região Metropolitana,Loja Física,PIX,3,148.68,0.0
PED03541,2025-07-10,Cadeira Gamer,Móveis,Fortaleza,Fortaleza,Site,Boleto,2,2057.82,0.05
PED07103,2025-07-10,SSD 1TB,Informática,Juazeiro do Norte,Interior,Site,Cartão de Débito,1,612.13,0.1
PED05314,2025-07-10,Mouse,Acessórios,Fortaleza,Fortaleza,Marketplace,Boleto,2,164.52,0.0
PED08354,2025-07-10,Mouse,Acessórios,Fortaleza,Fortaleza,Marketplace,Boleto,2,47.61,0.1
PED02551,2025-07-10,Teclado,Acessórios,Caucaia,Região Metropolitana,Loja Física,Cartão de Crédito,2,102.12,0.0
PED05642,2025-07-10,Notebook,Eletrônicos,Maracanaú,Região Metropolitana,Loja Física,Cartão de Débito,1,5519.81,0.1
PED05102,2025-07-10,Memória RAM,Informática,Juazeiro do Norte,Interior,Site,PIX,1,507.04,0.0
PED02158,2025-07-10,Memória RAM,Informática,Fortaleza,Fortaleza,Marketplace,Cartão de Crédito,1,297.47,0.0
PED03432,2025-07-10,Webcam,Acessórios,Fortaleza,Fortaleza,Site,Boleto,1,409.14,0.0
PED03021,2025-07-10,Teclado,Acessórios,Sobral,Interior,Loja Física,PIX,2,299.32,0.0
PED09028,2025-07-10,Caixa de Som,Áudio,Fortaleza,Fortaleza,Loja Física,Boleto,2,170.84,0.1
PED06249,2025-07-10,Webcam,Acessórios,Fortaleza,Fortaleza,Loja Física,PIX,1,189.44,0.0
PED01861,2025-07-10,Teclado,Acessórios,Fortaleza,Fortaleza,Marketplace,PIX,1,95.47,0.0
PED09040,2025-07-10,Fone Bluetooth,Áudio,Caucaia,Região Metropolitana,Loja Física,Cartão de Crédito,1,102.68,0.0
PED06719,2025-07-10,Fone Bluetooth,Áudio,Fortaleza,Fortaleza,Marketplace,PIX,2,594.2,0.0
PED01533,2025-07-10,SSD 1TB,Informática,Fortaleza,Fortaleza,Site,Cartão de Crédito,3,452.88,0.0
PED07952,2025-07-11,Impressora,Informática,Caucaia,Região Metropolitana,Marketplace,PIX,1,1300.93,0.1
PED04764,2025-07-11,Memória RAM,Informática,Fortaleza,Fortaleza,Marketplace,Boleto,2,303.75,0.1
PED04615,2025-07-11,Memória RAM,Informática,Juazeiro do Norte,Interior,Loja Física,Cartão de Débito,1,197.88,0.1
PED07957,2025-07-11,Impressora,Informática,Maracanaú,Região Metropolitana,Loja Física,Cartão de Crédito,2,880.74,0.05
PED03002,2025-07-11,Headset,Acessórios,Fortaleza,Fortaleza,Site,PIX,1,112.79,0.05
PED03330,2025-07-11,Memória RAM,Informática,Itapipoca,Interior,Loja Física,Cartão de Débito,1,378.18,0.1
PED05589,2025-07-11,Roteador,Informática,Maracanaú,Região Metropolitana,Loja Física,Cartão de Débito,1,478.4,0.1
PED05728,2025-07-11,Teclado,Acessórios,Fortaleza,Fortaleza,Site,Cartão de Crédito,1,193.67,0.0
PED09371,2025-07-11,SSD 1TB,Informática,Fortaleza,Fortaleza,Loja Física,PIX,4,489.21,0.0
PED06812,2025-07-11,Caixa de Som,Áudio,Caucaia,Região Metropolitana,Site,PIX,4,581.13,0.0
PED07686,2025-07-11,SSD 1TB,Informática,Juazeiro do Norte,Interior,Marketplace,Boleto,1,326.37,0.0
PED00516,2025-07-11,Teclado,Acessórios,Fortaleza,Fortaleza,Loja Física,PIX,1,213.34,0.05
PED06019,2025-07-11,Mesa Escritório,Móveis,Sobral,Interior,Marketplace,Boleto,4,884.87,0.1
PED05434,2025-07-11,Webcam,Acessórios,Sobral,Interior,Site,Boleto,1,515.18,0.1
PED04251,2025-07-11,Fone Bluetooth,Áudio,Caucaia,Região Metropolitana,Marketplace,PIX,1,268.74,0.05
PED02073,2025-07-11,Mesa Escritório,Móveis,Fortaleza,Fortaleza,Site,Cartão de Crédito,1,1279.29,0.1
PED06941,2025-07-11,Impressora,Informática,Fortaleza,Fortaleza,Marketplace,Boleto,1,1502.81,0.05
PED02137,2025-07-11,Cadeira Gamer,Móveis,Sobral,Interior,Loja Física,PIX,2,1942.63,0.0
PED00632,2025-07-11,SSD 1TB,Informática,Maracanaú,Região Metropolitana,Marketplace,Cartão de Débito,1,399.76,0.0
PED07724,2025-07-11,Fone Bluetooth,Áudio,Itapipoca,Interior,Site,Boleto,2,428.91,0.0
PED07050,2025-07-11,SSD 1TB,Informática,Fortaleza,Fortaleza,Loja Física,Cartão de Crédito,1,322.04,0.1
PED01134,2025-07-12,Roteador,Informática,Itapipoca,Interior,Loja Física,Cartão de Débito,2,167.32,0.0
PED04471,2025-07-12,SSD 1TB,Informática,Fortaleza,Fortaleza,Site,Cartão de Débito,1,446.76,0.0
PED00287,2025-07-12,Webcam,Acessórios,Itapipoca,Interior,Marketplace,Cartão de Crédito,1,398.05,0.1
PED05757,2025-07-12,Memória RAM,Informática,Fortaleza,Fortaleza,Marketplace,Cartão de Crédito,1,234.51,0.0
PED04919,2025-07-12,Impressora,Informática,Juazeiro do Norte,Interior,Site,PIX,2,1704.6,0.0
PED07158,2025-07-12,Teclado,Acessórios,Fortaleza,Fortaleza,Loja Física,PIX,1,426.77,0.1
PED05876,2025-07-12,Notebook,Eletrônicos,Juazeiro do Norte,Interior,Loja Física,Cartão de Débito,1,3639.01,0.1
PED00177,2025-07-12,Memória RAM,Informática,Juazeiro do Norte,Interior,Site,Boleto,2,350.55,0.0
PED05507,2025-07-12,Headset,Acessórios,Fortaleza,Fortaleza,Loja Física,PIX,2,374.66,0.0
PED03986,2025-07-12,Mesa Escritório,Móveis,Sobral,Interior,Loja Física,Boleto,2,1528.05,0.0
PED06377,2025-07-12,Teclado,Acessórios,Fortaleza,Fortaleza,Loja Física,Boleto,1,166.37,0.0
PED09046,2025-07-12,Cadeira Gamer,Móveis,Caucaia,Região Metropolitana,Site,Cartão de Crédito,1,1335.51,0.0
PED06877,2025-07-12,Teclado,Acessórios,Fortaleza,Fortaleza,Marketplace,Cartão de Débito,1,421.04,0.1
PED03911,2025-07-12,Roteador,Informática,Maracanaú,Região Metropolitana,Site,Cartão de Crédito,2,168.06,0.0
PED02010,2025-07-12,Memória RAM,Informática,Sobral,Interior,Site,Cartão de Crédito,1,173.75,0.05
PED04884,2025-07-12,Fone Bluetooth,Áudio,Fortaleza,Fortaleza,Loja Física,Cartão de Crédito,1,228.66,0.0
PED04918,2025-07-12,Roteador,Informática,Fortaleza,Fortaleza,Loja Física,Cartão de Crédito,1,408.3,0.0
PED06078,2025-07-12,Fone Bluetooth,Áudio,Juazeiro do Norte,Interior,Loja Física,Cartão de Débito,1,321.15,0.0
PED01206,2025-07-13,Mesa Escritório,Móveis,Fortaleza,Fortaleza,Marketplace,Cartão de Crédito,2,713.79,0.05
PED07453,2025-07-13,Roteador,Informática,Caucaia,Região Metropolitana,Marketplace,Cartão de Débito,1,579.16,0.0
PED00368,2025-07-13,Impressora,Informática,Sobral,Interior,Marketplace,Boleto,1,919.43,0.05
PED05687,2025-07-13,Cadeira Gamer,Móveis,Fortaleza,Fortaleza,Marketplace,Boleto,1,686.11,0.0
PED06088,2025-07-13,Webcam,Acessórios,Juazeiro do Norte,Interior,Loja Física,Boleto,2,281.43,0.05
PED05449,2025-07-13,Mouse,Acessórios,Fortaleza,Fortaleza,Marketplace,Cartão de Crédito,1,227.46,0.1
PED04848,2025-07-13,Monitor,Eletrônicos,Maracanaú,Região Metropolitana,Marketplace,Cartão de Crédito,3,1514.43,0.15
PED07802,2025-07-13,Impressora,Informática,Sobral,Interior,Marketplace,Boleto,1,966.62,0.0
PED07654,2025-07-13,Fone Bluetooth,Áudio,Maracanaú,Região Metropolitana,Site,Cartão de Crédito,4,336.17,0.15
PED02586,2025-07-13,Cadeira Gamer,Móveis,Fortaleza,Fortaleza,Loja Física,PIX,1,1148.74,0.0
PED01900,2025-07-13,Webcam,Acessórios,Sobral,Interior,Site,Boleto,4,383.76,0.0
PED03027,2025-07-13,Smartphone,Eletrônicos,Fortaleza,Fortaleza,Loja Física,Cartão de Crédito,4,2758.56,0.0
PED08414,2025-07-13,Caixa de Som,Áudio,Fortaleza,Fortaleza,Loja Física,PIX,1,126.56,0.0
PED02438,2025-07-13,Webcam,Acessórios,Fortaleza,Fortaleza,Marketplace,Cartão de Crédito,1,449.18,0.0
PED09079,2025-07-13,Memória RAM,Informática,Maracanaú,Região Metropolitana,Loja Física,PIX,1,423.91,0.05
PED08824,2025-07-13,Mesa Escritório,Móveis,Fortaleza,Fortaleza,Loja Física,Boleto,1,746.42,0.05
PED06269,2025-07-13,SSD 1TB,Informática,Fortaleza,Fortaleza,Site,PIX,1,547.44,0.05
PED00116,2025-07-13,Memória RAM,Informática,Itapipoca,Interior,Marketplace,Cartão de Crédito,1,378.72,0.15
PED08357,2025-07-14,Memória RAM,Informática,Sobral,Interior,Marketplace,PIX,2,284.35,0.1
PED09625,2025-07-14,Smartphone,Eletrônicos,Maracanaú,Região Metropolitana,Loja Física,Cartão de Débito,1,2230.71,0.0
PED01050,2025-07-14,Smartphone,Eletrônicos,Fortaleza,Fortaleza,Loja Física,Boleto,3,3399.67,0.0
PED08287,2025-07-14,Headset,Acessórios,Fortaleza,Fortaleza,Loja Física,Cartão de Débito,3,349.3,0.1
PED00586,2025-07-14,Fone Bluetooth,Áudio,Maracanaú,Região Metropolitana,Site,Cartão de Crédito,1,213.87,0.05
PED06191,2025-07-14,Caixa de Som,Áudio,Fortaleza,Fortaleza,Marketplace,Cartão de Débito,1,438.91,0.1
PED04789,2025-07-14,Monitor,Eletrônicos,Caucaia,Região Metropolitana,Marketplace,Cartão de Crédito,2,724.15,0.0
PED07437,2025-07-14,Caixa de Som,Áudio,Fortaleza,Fortaleza,Site,Cartão de Débito,3,244.06,0.15
PED08009,2025-07-14,Impressora,Informática,Sobral,Interior,Marketplace,Cartão de Crédito,1,1461.07,0.0
PED01219,2025-07-14,Monitor,Eletrônicos,Fortaleza,Fortaleza,Marketplace,Boleto,3,1268.78,0.0
PED08756,2025-07-14,Fone Bluetooth,Áudio,Caucaia,Região Metropolitana,Site,PIX,1,544.85,0.0
PED02474,2025-07-14,Impressora,Informática,Itapipoca,Interior,Marketplace,Cartão de Crédito,2,551.78,0.0
PED00460,2025-07-14,Cadeira Gamer,Móveis,Fortaleza,Fortaleza,Site,Cartão de Crédito,2,1713.79,0.05
PED07586,2025-07-14,Impressora,Informática,Fortaleza,Fortaleza,Loja Física,PIX,3,827.93,0.0
PED04429,2025-07-14,Notebook,Eletrônicos,Sobral,Interior,Site,Boleto,1,5756.48,0.05
PED03891,2025-07-14,Cadeira Gamer,Móveis,Maracanaú,Região Metropolitana,Marketplace,Cartão de Débito,1,1708.34,0.05
PED06958,2025-07-14,Impressora,Informática,Juazeiro do Norte,Interior,Loja Física,Cartão de Débito,1,1741.48,0.05
PED08873,2025-07-14,Webcam,Acessórios,Fortaleza,Fortaleza,Site,PIX,2,383.66,0.0
PED02013,2025-07-15,Roteador,Informática,Caucaia,Região Metropolitana,Marketplace,Cartão de Débito,4,464.17,0.0
PED03179,2025-07-15,Cadeira Gamer,Móveis,Fortaleza,Fortaleza,Marketplace,PIX,2,1363.01,0.0
PED01514,2025-07-15,Teclado,Acessórios,Maracanaú,Região Metropolitana,Site,Cartão de Débito,2,138.02,0.1
PED01635,2025-07-15,Caixa de Som,Áudio,Sobral,Interior,Loja Física,Boleto,1,672.43,0.0
PED07533,2025-07-15,Impressora,Informática,Maracanaú,Região Metropolitana,Site,Cartão de Débito,1,845.78,0.0
PED06805,2025-07-15,Cadeira Gamer,Móveis,Sobral,Interior,Loja Física,Boleto,1,1545.76,0.0
PED08899,2025-07-15,Teclado,Acessórios,Fortaleza,Fortaleza,Marketplace,Cartão de Débito,2,264.91,0.15
PED05989,2025-07-15,Mesa Escritório,Móveis,Itapipoca,Interior,Loja Física,Boleto,2,531.1,0.0
PED05704,2025-07-15,Mesa Escritório,Móveis,Sobral,Interior,Marketplace,PIX,2,864.34,0.0
PED00501,2025-07-15,Teclado,Acessórios,Fortaleza,Fortaleza,Marketplace,Cartão de Débito,2,110.95,0.0
PED08412,2025-07-15,Cadeira Gamer,Móveis,Fortaleza,Fortaleza,Site,PIX,2,742.33,0.05
PED09133,2025-07-15,Cadeira Gamer,Móveis,Sobral,Interior,Site,Cartão de Débito,2,2108.99,0.1
PED06028,2025-07-15,Mouse,Acessórios,Fortaleza,Fortaleza,Loja Física,Cartão de Crédito,1,115.09,0.15
PED09827,2025-07-16,Monitor,Eletrônicos,Sobral,Interior,Loja Física,Cartão de Débito,1,1104.39,0.0
PED09687,2025-07-16,Webcam,Acessórios,Juazeiro do Norte,Interior,Loja Física,Cartão de Crédito,1,686.42,0.0
PED01092,2025-07-16,Notebook,Eletrônicos,Caucaia,Região Metropolitana,Marketplace,PIX,4,3927.87,0.0
PED03947,2025-07-16,Teclado,Acessórios,Fortaleza,Fortaleza,Marketplace,PIX,1,169.88,0.0
PED01398,2025-07-16,Cadeira Gamer,Móveis,Fortaleza,Fortaleza,Loja Física,PIX,2,1625.13,0.1
PED06282,2025-07-16,Monitor,Eletrônicos,Fortaleza,Fortaleza,Site,Cartão de Débito,2,774.3,0.1
PED06886,2025-07-16,Headset,Acessórios,Sobral,Interior,Site,Cartão de Crédito,1,518.71,0.05
PED03603,2025-07-16,Memória RAM,Informática,Sobral,Interior,Loja Física,PIX,1,453.44,0.0
PED01126,2025-07-16,Caixa de Som,Áudio,Fortaleza,Fortaleza,Site,Boleto,1,408.51,0.05
PED06169,2025-07-16,Caixa de Som,Áudio,Juazeiro do Norte,Interior,Marketplace,Boleto,1,785.46,0.0
PED04540,2025-07-16,Smartphone,Eletrônicos,Caucaia,Região Metropolitana,Loja Física,PIX,1,1913.58,0.0
PED03474,2025-07-16,Smartphone,Eletrônicos,Sobral,Interior,Site,Boleto,1,1003.62,0.05
PED02744,2025-07-17,Fone Bluetooth,Áudio,Fortaleza,Fortaleza,Site,Cartão de Débito,1,171.07,0.1
PED07530,2025-07-17,Teclado,Acessórios,Maracanaú,Região Metropolitana,Marketplace,Cartão de Crédito,1,239.2,0.1
PED05553,2025-07-17,Mesa Escritório,Móveis,Juazeiro do Norte,Interior,Site,Boleto,3,1485.08,0.0
PED00524,2025-07-17,Memória RAM,Informática,Caucaia,Região Metropolitana,Site,PIX,1,529.28,0.1
PED05506,2025-07-17,Headset,Acessórios,Caucaia,Região Metropolitana,Site,PIX,1,151.07,0.1
PED03217,2025-07-17,Memória RAM,Informática,Fortaleza,Fortaleza,Site,Cartão de Débito,1,162.78,0.0
PED02700,2025-07-17,Smartphone,Eletrônicos,Fortaleza,Fortaleza,Site,Boleto,2,2793.03,0.0
PED02284,2025-07-17,Smartphone,Eletrônicos,Maracanaú,Região Metropolitana,Marketplace,Cartão de Débito,1,1884.96,0.05
PED08402,2025-07-17,Caixa de Som,Áudio,Fortaleza,Fortaleza,Marketplace,Cartão de Crédito,1,201.18,0.05
PED04778,2025-07-17,Headset,Acessórios,Fortaleza,Fortaleza,Site,PIX,2,286.5,0.0
PED02095,2025-07-17,Monitor,Eletrônicos,Caucaia,Região Metropolitana,Loja Física,Cartão de Crédito,2,1101.65,0.15
PED01301,2025-07-17,Roteador,Informática,Juazeiro do Norte,Interior,Marketplace,Boleto,1,524.56,0.15
PED01174,2025-07-17,Smartphone,Eletrônicos,Maracanaú,Região Metropolitana,Marketplace,Cartão de Débito,1,2929.11,0.05
PED03156,2025-07-17,Mouse,Acessórios,Caucaia,Região Metropolitana,Loja Física,Cartão de Crédito,1,134.54,0.05
PED02215,2025-07-17,Teclado,Acessórios,Caucaia,Região Metropolitana,Loja Física,Cartão de Crédito,2,416.43,0.05
PED09850,2025-07-17,Impressora,Informática,Juazeiro do Norte,Interior,Loja Física,Cartão de Débito,1,1399.21,0.1
PED04402,2025-07-17,Headset,Acessórios,Caucaia,Região Metropolitana,Site,Cartão de Débito,1,171.68,0.0
PED01504,2025-07-17,Impressora,Informática,Maracanaú,Região Metropolitana,Site,Cartão de Débito,1,1575.94,0.05
PED06037,2025-07-18,Cadeira Gamer,Móveis,Fortaleza,Fortaleza,Marketplace,PIX,2,857.96,0.1
PED07028,2025-07-18,Roteador,Informática,Juazeiro do Norte,Interior,Site,Boleto,1,455.58,0.0
PED07601,2025-07-18,Memória RAM,Informática,Sobral,Interior,Loja Física,Cartão de Crédito,2,509.13,0.05
PED00705,2025-07-18,Monitor,Eletrônicos,Sobral,Interior,Loja Física,PIX,1,679.98,0.0
PED07815,2025-07-18,Mouse,Acessórios,Juazeiro do Norte,Interior,Loja Física,Boleto,1,229.5,0.15
PED03569,2025-07-18,Roteador,Informática,Sobral,Interior,Marketplace,Cartão de Débito,3,378.49,0.0
PED09987,2025-07-18,Notebook,Eletrônicos,Fortaleza,Fortaleza,Loja Física,PIX,2,5101.72,0.0
PED06081,2025-07-18,Teclado,Acessórios,Caucaia,Região Metropolitana,Marketplace,Cartão de Crédito,2,94.33,0.05
PED06181,2025-07-18,Notebook,Eletrônicos,Itapipoca,Interior,Marketplace,Cartão de Crédito,3,5663.46,0.05
PED08495,2025-07-18,Notebook,Eletrônicos,Fortaleza,Fortaleza,Marketplace,Boleto,1,3490.89,0.0
PED08812,2025-07-18,Impressora,Informática,Fortaleza,Fortaleza,Site,Cartão de Débito,2,1732.33,0.0
PED00538,2025-07-18,Impressora,Informática,Fortaleza,Fortaleza,Site,Boleto,1,1113.31,0.0
PED05723,2025-07-19,Smartphone,Eletrônicos,Fortaleza,Fortaleza,Marketplace,PIX,2,1170.58,0.0
PED03354,2025-07-19,SSD 1TB,Informática,Caucaia,Região Metropolitana,Site,Boleto,2,311.68,0.0
PED01027,2025-07-19,Fone Bluetooth,Áudio,Caucaia,Região Metropolitana,Site,PIX,1,581.66,0.0
PED03018,2025-07-19,Webcam,Acessórios,Fortaleza,Fortaleza,Site,Boleto,3,273.03,0.05
PED05054,2025-07-19,Cadeira Gamer,Móveis,Sobral,Interior,Marketplace,Boleto,1,653.13,0.05
PED06751,2025-07-19,SSD 1TB,Informática,Fortaleza,Fortaleza,Marketplace,PIX,1,462.28,0.05
PED08803,2025-07-19,Impressora,Informática,Fortaleza,Fortaleza,Loja Física,Cartão de Crédito,3,1178.27,0.1
PED04995,2025-07-19,Mouse,Acessórios,Fortaleza,Fortaleza,Site,Cartão de Débito,1,233.06,0.0
PED09101,2025-07-19,Roteador,Informática,Caucaia,Região Metropolitana,Loja Física,Boleto,1,511.54,0.0
PED05202,2025-07-19,Mesa Escritório,Móveis,Caucaia,Região Metropolitana,Marketplace,Cartão de Débito,1,1154.41,0.0
PED04619,2025-07-19,Notebook,Eletrônicos,Fortaleza,Fortaleza,Loja Física,Boleto,1,3932.54,0.05
PED01515,2025-07-19,Cadeira Gamer,Móveis,Juazeiro do Norte,Interior,Loja Física,Cartão de Débito,1,1159.1,0.0
PED00763,2025-07-19,Roteador,Informática,Fortaleza,Fortaleza,Marketplace,Cartão de Débito,2,458.2,0.05
PED03185,2025-07-19,Mouse,Acessórios,Itapipoca,Interior,Loja Física,Cartão de Crédito,1,110.77,0.1
PED03149,2025-07-19,Cadeira Gamer,Móveis,Fortaleza,Fortaleza,Loja Física,Cartão de Crédito,1,2136.35,0.0
PED02157,2025-07-20,Monitor,Eletrônicos,Sobral,Interior,Site,PIX,1,1638.16,0.0
PED01922,2025-07-20,SSD 1TB,Informática,Juazeiro do Norte,Interior,Marketplace,PIX,3,304.93,0.0
PED04342,2025-07-20,Roteador,Informática,Juazeiro do Norte,Interior,Loja Física,PIX,2,582.13,0.0
PED03364,2025-07-20,Impressora,Informática,Fortaleza,Fortaleza,Loja Física,PIX,1,677.09,0.0
PED01411,2025-07-20,Fone Bluetooth,Áudio,Juazeiro do Norte,Interior,Marketplace,Boleto,1,468.71,0.0
PED02154,2025-07-20,Teclado,Acessórios,Juazeiro do Norte,Interior,Marketplace,Cartão de Crédito,1,79.96,0.0
PED06235,2025-07-20,Webcam,Acessórios,Caucaia,Região Metropolitana,Loja Física,PIX,2,158.84,0.0
PED07965,2025-07-20,Teclado,Acessórios,Juazeiro do Norte,Interior,Loja Física,Cartão de Débito,2,128.89,0.0
PED07436,2025-07-20,Cadeira Gamer,Móveis,Fortaleza,Fortaleza,Marketplace,Cartão de Crédito,2,734.9,0.15
PED04249,2025-07-20,Cadeira Gamer,Móveis,Fortaleza,Fortaleza,Marketplace,Boleto,1,1927.15,0.0
PED06939,2025-07-20,Smartphone,Eletrônicos,Fortaleza,Fortaleza,Site,PIX,1,3588.8,0.1
PED01021,2025-07-20,SSD 1TB,Informática,Juazeiro do Norte,Interior,Marketplace,Boleto,2,321.05,0.0
PED06255,2025-07-20,Webcam,Acessórios,Fortaleza,Fortaleza,Marketplace,Cartão de Débito,1,639.02,0.0
PED03382,2025-07-20,Teclado,Acessórios,Fortaleza,Fortaleza,Marketplace,PIX,3,334.84,0.1
PED03876,2025-07-20,Teclado,Acessórios,Itapipoca,Interior,Marketplace,Cartão de Débito,4,441.16,0.1
PED03652,2025-07-20,Roteador,Informática,Fortaleza,Fortaleza,Loja Física,PIX,2,276.1,0.05
PED04391,2025-07-20,Headset,Acessórios,Sobral,Interior,Marketplace,Cartão de Débito,1,94.71,0.05
PED01113,2025-07-20,Roteador,Informática,Caucaia,Região Metropolitana,Loja Física,Cartão de Crédito,1,161.84,0.05
PED06887,2025-07-20,Headset,Acessórios,Fortaleza,Fortaleza,Marketplace,Cartão de Débito,1,453.29,0.0
PED06754,2025-07-20,Monitor,Eletrônicos,Caucaia,Região Metropolitana,Loja Física,PIX,4,924.27,0.0
PED05162,2025-07-20,Cadeira Gamer,Móveis,Maracanaú,Região Metropolitana,Marketplace,Boleto,2,1810.37,0.1
PED04091,2025-07-20,Memória RAM,Informática,Maracanaú,Região Metropolitana,Site,Cartão de Crédito,1,208.15,0.05
PED09139,2025-07-21,Memória RAM,Informática,Itapipoca,Interior,Loja Física,Boleto,1,421.81,0.0
PED00055,2025-07-21,Cadeira Gamer,Móveis,Caucaia,Região Metropolitana,Site,Boleto,1,758.46,0.1
PED07903,2025-07-21,Webcam,Acessórios,Itapipoca,Interior,Site,Boleto,2,526.54,0.0
PED09106,2025-07-21,Memória RAM,Informática,Maracanaú,Região Metropolitana,Marketplace,Cartão de Crédito,1,305.18,0.05
PED04464,2025-07-21,Smartphone,Eletrônicos,Fortaleza,Fortaleza,Site,Cartão de Débito,1,1339.99,0.0
PED09707,2025-07-21,Notebook,Eletrônicos,Itapipoca,Interior,Site,PIX,1,5462.01,0.0
PED05133,2025-07-21,SSD 1TB,Informática,Caucaia,Região Metropolitana,Marketplace,Boleto,1,606.84,0.0
PED08622,2025-07-21,Smartphone,Eletrônicos,Fortaleza,Fortaleza,Loja Física,PIX,2,3536.65,0.0
PED06230,2025-07-21,Webcam,Acessórios,Juazeiro do Norte,Interior,Loja Física,Boleto,1,636.03,0.0
PED04472,2025-07-21,Headset,Acessórios,Juazeiro do Norte,Interior,Loja Física,PIX,1,277.19,0.05
PED03177,2025-07-21,Smartphone,Eletrônicos,Fortaleza,Fortaleza,Marketplace,Cartão de Débito,1,3718.79,0.0
PED07806,2025-07-21,Impressora,Informática,Itapipoca,Interior,Loja Física,Boleto,2,676.45,0.0
PED08686,2025-07-21,Fone Bluetooth,Áudio,Caucaia,Região Metropolitana,Site,Cartão de Débito,3,254.92,0.1
PED08666,2025-07-22,Caixa de Som,Áudio,Caucaia,Região Metropolitana,Site,Cartão de Débito,2,117.89,0.05
PED01449,2025-07-22,Webcam,Acessórios,Caucaia,Região Metropolitana,Loja Física,Boleto,4,129.0,0.05
PED09592,2025-07-22,Webcam,Acessórios,Juazeiro do Norte,Interior,Site,PIX,1,479.82,0.05
PED00100,2025-07-22,SSD 1TB,Informática,Fortaleza,Fortaleza,Site,PIX,1,481.49,0.0
PED05879,2025-07-22,Monitor,Eletrônicos,Caucaia,Região Metropolitana,Loja Física,Cartão de Crédito,2,948.78,0.05
PED03193,2025-07-22,Mouse,Acessórios,Sobral,Interior,Loja Física,Boleto,4,55.96,0.0
PED04771,2025-07-22,Caixa de Som,Áudio,Fortaleza,Fortaleza,Loja Física,Cartão de Débito,3,645.51,0.0
PED03140,2025-07-22,Cadeira Gamer,Móveis,Itapipoca,Interior,Loja Física,Cartão de Débito,1,793.83,0.0
PED01609,2025-07-22,Smartphone,Eletrônicos,Fortaleza,Fortaleza,Loja Física,Cartão de Crédito,1,3053.86,0.0
PED04283,2025-07-22,Mouse,Acessórios,Fortaleza,Fortaleza,Loja Física,Cartão de Crédito,1,238.4,0.0
PED07149,2025-07-22,Teclado,Acessórios,Fortaleza,Fortaleza,Marketplace,Boleto,1,145.33,0.0
PED04628,2025-07-22,Smartphone,Eletrônicos,Caucaia,Região Metropolitana,Loja Física,Cartão de Crédito,1,949.54,0.05
PED04728,2025-07-22,Headset,Acessórios,Fortaleza,Fortaleza,Site,Cartão de Crédito,3,195.73,0.05
PED06079,2025-07-22,Caixa de Som,Áudio,Itapipoca,Interior,Site,Cartão de Crédito,1,511.39,0.0
PED07139,2025-07-22,Memória RAM,Informática,Juazeiro do Norte,Interior,Marketplace,PIX,1,247.82,0.0
PED09456,2025-07-22,Webcam,Acessórios,Caucaia,Região Metropolitana,Site,Cartão de Crédito,1,542.89,0.0
PED04155,2025-07-22,Fone Bluetooth,Áudio,Fortaleza,Fortaleza,Loja Física,Cartão de Crédito,2,585.53,0.0
PED01789,2025-07-22,Webcam,Acessórios,Fortaleza,Fortaleza,Marketplace,Boleto,1,471.17,0.0
PED01497,2025-07-22,Mesa Escritório,Móveis,Fortaleza,Fortaleza,Site,PIX,1,494.92,0.0
PED08436,2025-07-22,Impressora,Informática,Maracanaú,Região Metropolitana,Loja Física,Boleto,2,1245.18,0.0
PED02081,2025-07-22,Roteador,Informática,Juazeiro do Norte,Interior,Site,Cartão de Crédito,1,219.27,0.0
PED03933,2025-07-22,Memória RAM,Informática,Fortaleza,Fortaleza,Marketplace,Cartão de Débito,1,263.01,0.0
PED04905,2025-07-22,Notebook,Eletrônicos,Sobral,Interior,Marketplace,PIX,1,5378.5,0.0
PED08518,2025-07-22,Notebook,Eletrônicos,Caucaia,Região Metropolitana,Site,PIX,1,3883.95,0.15
PED09925,2025-07-22,Notebook,Eletrônicos,Fortaleza,Fortaleza,Site,Boleto,3,5588.89,0.0
PED06352,2025-07-23,Smartphone,Eletrônicos,Maracanaú,Região Metropolitana,Site,Boleto,1,4020.74,0.1
PED07669,2025-07-23,Fone Bluetooth,Áudio,Caucaia,Região Metropolitana,Marketplace,Boleto,1,119.99,0.1
PED01901,2025-07-23,Memória RAM,Informática,Maracanaú,Região Metropolitana,Site,PIX,1,542.63,0.05
PED09472,2025-07-23,Webcam,Acessórios,Fortaleza,Fortaleza,Marketplace,PIX,1,457.18,0.0
PED04098,2025-07-23,Webcam,Acessórios,Fortaleza,Fortaleza,Site,PIX,1,171.81,0.1
PED09206,2025-07-23,Headset,Acessórios,Itapipoca,Interior,Site,PIX,2,498.99,0.1
PED03317,2025-07-23,Cadeira Gamer,Móveis,Itapipoca,Interior,Loja Física,PIX,2,663.36,0.1
PED00018,2025-07-23,Smartphone,Eletrônicos,Sobral,Interior,Loja Física,Cartão de Débito,1,3645.04,0.05
PED09191,2025-07-23,Mesa Escritório,Móveis,Fortaleza,Fortaleza,Marketplace,Boleto,2,933.78,0.0
PED04290,2025-07-23,Memória RAM,Informática,Juazeiro do Norte,Interior,Site,Cartão de Débito,1,349.76,0.0
PED09984,2025-07-23,Monitor,Eletrônicos,Maracanaú,Região Metropolitana,Site,PIX,2,1849.7,0.0
PED06672,2025-07-23,Fone Bluetooth,Áudio,Caucaia,Região Metropolitana,Marketplace,Cartão de Crédito,1,567.71,0.1
PED08764,2025-07-23,Notebook,Eletrônicos,Caucaia,Região Metropolitana,Loja Física,Cartão de Crédito,1,4573.46,0.0
PED01286,2025-07-23,Cadeira Gamer,Móveis,Maracanaú,Região Metropolitana,Loja Física,Cartão de Crédito,2,1151.79,0.05
PED04531,2025-07-23,Mesa Escritório,Móveis,Sobral,Interior,Marketplace,Cartão de Crédito,2,698.95,0.15
PED02637,2025-07-24,Roteador,Informática,Fortaleza,Fortaleza,Site,Cartão de Débito,2,532.86,0.05
PED06874,2025-07-24,Mesa Escritório,Móveis,Fortaleza,Fortaleza,Site,Cartão de Débito,1,932.87,0.0
PED00429,2025-07-24,Smartphone,Eletrônicos,Fortaleza,Fortaleza,Loja Física,PIX,2,1645.03,0.05
PED01623,2025-07-24,Webcam,Acessórios,Sobral,Interior,Loja Física,Boleto,1,616.71,0.05
PED07123,2025-07-24,Fone Bluetooth,Áudio,Sobral,Interior,Loja Física,Boleto,1,527.22,0.1
PED08133,2025-07-24,Caixa de Som,Áudio,Fortaleza,Fortaleza,Loja Física,Boleto,1,190.59,0.1
PED05276,2025-07-24,Fone Bluetooth,Áudio,Fortaleza,Fortaleza,Loja Física,Cartão de Débito,2,533.43,0.0
PED07872,2025-07-24,Fone Bluetooth,Áudio,Sobral,Interior,Site,Cartão de Crédito,1,438.32,0.05
PED06933,2025-07-24,Smartphone,Eletrônicos,Fortaleza,Fortaleza,Loja Física,Cartão de Débito,1,4323.84,0.0
PED08373,2025-07-24,Mesa Escritório,Móveis,Fortaleza,Fortaleza,Loja Física,Cartão de Crédito,2,1387.77,0.05
PED08190,2025-07-24,Impressora,Informática,Fortaleza,Fortaleza,Site,PIX,2,1645.52,0.0
PED03485,2025-07-24,Impressora,Informática,Juazeiro do Norte,Interior,Site,Boleto,2,949.41,0.0
PED04149,2025-07-24,SSD 1TB,Informática,Fortaleza,Fortaleza,Site,PIX,1,302.88,0.05
PED00050,2025-07-24,Smartphone,Eletrônicos,Fortaleza,Fortaleza,Site,Cartão de Débito,1,1998.69,0.0
PED09783,2025-07-24,Fone Bluetooth,Áudio,Fortaleza,Fortaleza,Marketplace,PIX,1,260.04,0.0
PED03793,2025-07-24,SSD 1TB,Informática,Itapipoca,Interior,Loja Física,Boleto,1,463.2,0.0
PED07401,2025-07-24,Mouse,Acessórios,Fortaleza,Fortaleza,Site,Cartão de Crédito,3,211.35,0.0
PED03596,2025-07-25,SSD 1TB,Informática,Fortaleza,Fortaleza,Loja Física,Boleto,1,399.28,0.0
PED07418,2025-07-25,Monitor,Eletrônicos,Maracanaú,Região Metropolitana,Loja Física,Cartão de Crédito,1,1264.52,0.1
PED02750,2025-07-25,Notebook,Eletrônicos,Fortaleza,Fortaleza,Loja Física,Boleto,2,3426.52,0.1
PED09207,2025-07-25,Mouse,Acessórios,Juazeiro do Norte,Interior,Loja Física,Boleto,3,241.01,0.0
PED09220,2025-07-25,Mouse,Acessórios,Fortaleza,Fortaleza,Site,Cartão de Crédito,1,140.4,0.0
PED01639,2025-07-25,Teclado,Acessórios,Maracanaú,Região Metropolitana,Marketplace,Cartão de Débito,2,409.43,0.0
PED02639,2025-07-25,Memória RAM,Informática,Fortaleza,Fortaleza,Loja Física,Cartão de Crédito,1,320.85,0.1
PED09428,2025-07-25,SSD 1TB,Informática,Fortaleza,Fortaleza,Site,PIX,3,600.89,0.05
PED05159,2025-07-25,Webcam,Acessórios,Fortaleza,Fortaleza,Site,Cartão de Crédito,1,532.38,0.05
PED02245,2025-07-25,Memória RAM,Informática,Fortaleza,Fortaleza,Marketplace,Boleto,1,212.63,0.05
PED00770,2025-07-25,Mouse,Acessórios,Fortaleza,Fortaleza,Marketplace,Boleto,1,86.39,0.15
PED06184,2025-07-26,Memória RAM,Informática,Itapipoca,Interior,Loja Física,Boleto,1,156.66,0.0
PED00413,2025-07-26,Roteador,Informática,Fortaleza,Fortaleza,Loja Física,Cartão de Débito,1,475.45,0.0
PED08435,2025-07-26,Notebook,Eletrônicos,Fortaleza,Fortaleza,Loja Física,Cartão de Crédito,1,4221.34,0.0
PED04844,2025-07-26,Headset,Acessórios,Fortaleza,Fortaleza,Marketplace,Boleto,2,262.55,0.0
PED00204,2025-07-26,Smartphone,Eletrônicos,Itapipoca,Interior,Loja Física,Cartão de Crédito,3,4088.85,0.0
PED08969,2025-07-26,Cadeira Gamer,Móveis,Itapipoca,Interior,Site,Cartão de Crédito,1,1913.35,0.0
PED09131,2025-07-26,Notebook,Eletrônicos,Fortaleza,Fortaleza,Site,PIX,1,5474.78,0.0
PED02723,2025-07-26,Cadeira Gamer,Móveis,Itapipoca,Interior,Site,Cartão de Crédito,3,1942.09,0.1
PED06640,2025-07-26,Teclado,Acessórios,Sobral,Interior,Loja Física,Boleto,1,312.76,0.0
PED00690,2025-07-26,SSD 1TB,Informática,Fortaleza,Fortaleza,Site,PIX,1,372.53,0.1
PED05271,2025-07-26,Mouse,Acessórios,Fortaleza,Fortaleza,Site,Boleto,1,130.11,0.1
PED04637,2025-07-26,Webcam,Acessórios,Fortaleza,Fortaleza,Marketplace,Cartão de Débito,1,181.84,0.0
PED07814,2025-07-27,Cadeira Gamer,Móveis,Juazeiro do Norte,Interior,Loja Física,PIX,2,1994.11,0.1
PED03752,2025-07-27,Mesa Escritório,Móveis,Fortaleza,Fortaleza,Loja Física,PIX,1,1110.85,0.0
PED06060,2025-07-27,Headset,Acessórios,Itapipoca,Interior,Marketplace,PIX,1,301.99,0.15
PED01847,2025-07-27,Mesa Escritório,Móveis,Sobral,Interior,Site,PIX,2,1221.93,0.05
PED04277,2025-07-27,Mouse,Acessórios,Caucaia,Região Metropolitana,Site,Cartão de Débito,4,93.45,0.0
PED04423,2025-07-27,Memória RAM,Informática,Fortaleza,Fortaleza,Loja Física,Cartão de Crédito,1,295.99,0.1
PED01697,2025-07-27,Headset,Acessórios,Maracanaú,Região Metropolitana,Site,Boleto,1,251.27,0.1
PED08132,2025-07-27,Mesa Escritório,Móveis,Juazeiro do Norte,Interior,Site,Boleto,2,643.37,0.05
PED08935,2025-07-27,Caixa de Som,Áudio,Caucaia,Região Metropolitana,Marketplace,Cartão de Débito,1,709.61,0.0
PED00269,2025-07-27,Roteador,Informática,Fortaleza,Fortaleza,Marketplace,Cartão de Crédito,2,232.4,0.1
PED05934,2025-07-27,Mesa Escritório,Móveis,Caucaia,Região Metropolitana,Marketplace,Boleto,1,1375.68,0.0
PED09295,2025-07-27,Fone Bluetooth,Áudio,Juazeiro do Norte,Interior,Site,Boleto,1,398.6,0.0
PED06769,2025-07-27,Impressora,Informática,Sobral,Interior,Loja Física,Cartão de Crédito,2,1455.56,0.05
PED06199,2025-07-27,Cadeira Gamer,Móveis,Maracanaú,Região Metropolitana,Marketplace,Cartão de Débito,1,2087.19,0.05
PED09345,2025-07-27,Roteador,Informática,Fortaleza,Fortaleza,Marketplace,Cartão de Crédito,1,334.89,0.0
PED05541,2025-07-27,SSD 1TB,Informática,Itapipoca,Interior,Site,PIX,1,412.06,0.15
PED02915,2025-07-28,Memória RAM,Informática,Fortaleza,Fortaleza,Loja Física,Boleto,2,186.17,0.15
PED04067,2025-07-28,Monitor,Eletrônicos,Fortaleza,Fortaleza,Marketplace,PIX,1,1892.42,0.0
PED04064,2025-07-28,Fone Bluetooth,Áudio,Maracanaú,Região Metropolitana,Site,Cartão de Crédito,3,229.33,0.1
PED09856,2025-07-28,Fone Bluetooth,Áudio,Fortaleza,Fortaleza,Site,PIX,1,305.39,0.0
PED02620,2025-07-28,Fone Bluetooth,Áudio,Maracanaú,Região Metropolitana,Site,Cartão de Débito,1,586.48,0.0
PED01737,2025-07-28,Monitor,Eletrônicos,Juazeiro do Norte,Interior,Site,Cartão de Crédito,2,1363.93,0.0
PED03329,2025-07-28,Fone Bluetooth,Áudio,Fortaleza,Fortaleza,Loja Física,Cartão de Débito,1,244.74,0.05
PED03548,2025-07-28,Fone Bluetooth,Áudio,Sobral,Interior,Loja Física,Cartão de Crédito,1,603.64,0.0
PED00916,2025-07-28,Fone Bluetooth,Áudio,Caucaia,Região Metropolitana,Loja Física,Cartão de Débito,2,244.14,0.0
PED05322,2025-07-28,Webcam,Acessórios,Caucaia,Região Metropolitana,Site,PIX,1,655.39,0.05
PED04748,2025-07-28,Webcam,Acessórios,Maracanaú,Região Metropolitana,Site,Boleto,2,469.43,0.05
PED04134,2025-07-28,Notebook,Eletrônicos,Fortaleza,Fortaleza,Marketplace,Cartão de Crédito,1,5935.52,0.1
PED02394,2025-07-28,Roteador,Informática,Fortaleza,Fortaleza,Marketplace,PIX,1,161.32,0.05
PED00929,2025-07-28,Caixa de Som,Áudio,Itapipoca,Interior,Site,Cartão de Crédito,1,684.47,0.0
PED07761,2025-07-28,Mesa Escritório,Móveis,Fortaleza,Fortaleza,Site,Boleto,1,771.57,0.1
PED08690,2025-07-28,Teclado,Acessórios,Fortaleza,Fortaleza,Marketplace,Boleto,1,195.0,0.15
PED01843,2025-07-29,Mouse,Acessórios,Fortaleza,Fortaleza,Loja Física,PIX,1,268.88,0.15
PED06912,2025-07-29,Headset,Acessórios,Fortaleza,Fortaleza,Marketplace,PIX,1,549.21,0.05
PED05191,2025-07-29,SSD 1TB,Informática,Juazeiro do Norte,Interior,Marketplace,Boleto,1,518.85,0.0
PED06964,2025-07-29,Notebook,Eletrônicos,Caucaia,Região Metropolitana,Loja Física,Cartão de Débito,1,5628.72,0.0
PED05156,2025-07-29,Webcam,Acessórios,Fortaleza,Fortaleza,Marketplace,Boleto,1,508.7,0.05
PED04176,2025-07-29,SSD 1TB,Informática,Fortaleza,Fortaleza,Site,Boleto,2,379.12,0.0
PED06501,2025-07-29,Headset,Acessórios,Juazeiro do Norte,Interior,Site,Cartão de Débito,1,474.06,0.0
PED05509,2025-07-29,Notebook,Eletrônicos,Maracanaú,Região Metropolitana,Marketplace,Boleto,1,6207.5,0.15
PED07707,2025-07-29,Teclado,Acessórios,Fortaleza,Fortaleza,Marketplace,Boleto,1,351.62,0.15
PED01500,2025-07-29,Headset,Acessórios,Maracanaú,Região Metropolitana,Marketplace,Cartão de Débito,1,328.91,0.0
PED07536,2025-07-29,Fone Bluetooth,Áudio,Fortaleza,Fortaleza,Marketplace,Boleto,1,80.94,0.05
PED00289,2025-07-29,Mesa Escritório,Móveis,Caucaia,Região Metropolitana,Site,Cartão de Crédito,1,1084.89,0.05
PED07526,2025-07-29,Caixa de Som,Áudio,Juazeiro do Norte,Interior,Loja Física,PIX,1,699.76,0.0
PED05619,2025-07-29,Headset,Acessórios,Maracanaú,Região Metropolitana,Loja Física,Boleto,2,354.1,0.0
PED07467,2025-07-29,Smartphone,Eletrônicos,Sobral,Interior,Loja Física,Boleto,1,2764.04,0.15
PED07624,2025-07-29,SSD 1TB,Informática,Sobral,Interior,Marketplace,Cartão de Crédito,2,417.5,0.05
PED03069,2025-07-29,Memória RAM,Informática,Fortaleza,Fortaleza,Site,Boleto,1,450.72,0.0
PED06727,2025-07-29,Memória RAM,Informática,Sobral,Interior,Loja Física,Boleto,3,418.24,0.05
PED05957,2025-07-29,Impressora,Informática,Caucaia,Região Metropolitana,Site,Cartão de Crédito,1,952.16,0.0
PED08507,2025-07-29,Headset,Acessórios,Itapipoca,Interior,Loja Física,Boleto,2,160.64,0.0
PED05727,2025-07-29,Cadeira Gamer,Móveis,Itapipoca,Interior,Marketplace,Cartão de Débito,3,1004.47,0.0
PED00827,2025-07-30,Headset,Acessórios,Maracanaú,Região Metropolitana,Marketplace,PIX,1,396.15,0.0
PED01417,2025-07-30,Smartphone,Eletrônicos,Maracanaú,Região Metropolitana,Site,Cartão de Débito,1,4131.5,0.15
PED00857,2025-07-30,Mouse,Acessórios,Maracanaú,Região Metropolitana,Marketplace,Cartão de Crédito,2,88.04,0.1
PED09594,2025-07-30,Mouse,Acessórios,Caucaia,Região Metropolitana,Loja Física,Cartão de Crédito,1,267.24,0.1
PED02912,2025-07-30,Webcam,Acessórios,Itapipoca,Interior,Loja Física,PIX,1,562.27,0.0
PED09682,2025-07-30,Cadeira Gamer,Móveis,Fortaleza,Fortaleza,Site,Cartão de Crédito,1,1472.29,0.0
PED01835,2025-07-30,Notebook,Eletrônicos,Fortaleza,Fortaleza,Loja Física,Cartão de Débito,1,5948.67,0.15
PED03092,2025-07-30,Teclado,Acessórios,Caucaia,Região Metropolitana,Marketplace,PIX,1,397.27,0.0
PED06572,2025-07-30,Roteador,Informática,Maracanaú,Região Metropolitana,Marketplace,PIX,3,183.2,0.05
PED01679,2025-07-30,Smartphone,Eletrônicos,Itapipoca,Interior,Site,Cartão de Crédito,1,3320.06,0.05
PED09109,2025-07-30,Impressora,Informática,Caucaia,Região Metropolitana,Marketplace,Cartão de Crédito,1,905.9,0.0
PED03582,2025-07-30,Fone Bluetooth,Áudio,Juazeiro do Norte,Interior,Site,PIX,1,317.51,0.0
PED09875,2025-07-30,Webcam,Acessórios,Fortaleza,Fortaleza,Marketplace,Cartão de Débito,1,396.07,0.0
PED00967,2025-07-30,Notebook,Eletrônicos,Caucaia,Região Metropolitana,Site,Cartão de Crédito,1,5603.55,0.0
PED08811,2025-07-30,Headset,Acessórios,Fortaleza,Fortaleza,Site,Boleto,1,273.3,0.0
PED03880,2025-07-30,Headset,Acessórios,Juazeiro do Norte,Interior,Loja Física,PIX,1,456.38,0.1
PED03699,2025-07-30,Fone Bluetooth,Áudio,Caucaia,Região Metropolitana,Marketplace,Boleto,1,162.26,0.0
PED04262,2025-07-30,SSD 1TB,Informática,Fortaleza,Fortaleza,Marketplace,Cartão de Débito,1,363.73,0.0
PED06143,2025-07-31,Notebook,Eletrônicos,Sobral,Interior,Loja Física,Cartão de Débito,1,3345.34,0.1
PED05186,2025-07-31,Smartphone,Eletrônicos,Fortaleza,Fortaleza,Marketplace,Boleto,1,1781.55,0.0
PED05828,2025-07-31,Notebook,Eletrônicos,Sobral,Interior,Marketplace,Cartão de Crédito,2,5438.78,0.05
PED07729,2025-07-31,Mouse,Acessórios,Fortaleza,Fortaleza,Loja Física,Cartão de Débito,1,203.97,0.0
PED00349,2025-07-31,Roteador,Informática,Maracanaú,Região Metropolitana,Loja Física,PIX,1,410.83,0.0
PED01640,2025-07-31,Cadeira Gamer,Móveis,Sobral,Interior,Site,Cartão de Crédito,1,806.39,0.1
PED07197,2025-07-31,Smartphone,Eletrônicos,Sobral,Interior,Site,Cartão de Débito,1,3013.22,0.0
PED06841,2025-07-31,Headset,Acessórios,Caucaia,Região Metropolitana,Loja Física,PIX,1,392.8,0.0
PED04071,2025-07-31,Teclado,Acessórios,Fortaleza,Fortaleza,Loja Física,Boleto,1,434.46,0.05
PED06103,2025-08-01,Mouse,Acessórios,Juazeiro do Norte,Interior,Site,PIX,1,129.76,0.0
PED00480,2025-08-01,Webcam,Acessórios,Fortaleza,Fortaleza,Marketplace,Boleto,1,311.75,0.0
PED03790,2025-08-01,Headset,Acessórios,Maracanaú,Região Metropolitana,Site,Cartão de Crédito,2,516.02,0.1
PED05295,2025-08-01,Smartphone,Eletrônicos,Sobral,Interior,Loja Física,Cartão de Crédito,3,2969.63,0.0
PED05532,2025-08-01,Webcam,Acessórios,Maracanaú,Região Metropolitana,Site,Cartão de Débito,2,513.23,0.0
PED04106,2025-08-01,Impressora,Informática,Sobral,Interior,Site,Cartão de Crédito,3,1218.85,0.0
PED00811,2025-08-01,Mesa Escritório,Móveis,Fortaleza,Fortaleza,Marketplace,PIX,3,1163.52,0.0
PED07060,2025-08-01,Headset,Acessórios,Fortaleza,Fortaleza,Site,PIX,2,129.78,0.0
PED06471,2025-08-01,Monitor,Eletrônicos,Caucaia,Região Metropolitana,Loja Física,Cartão de Débito,1,1105.53,0.0
PED06441,2025-08-01,Caixa de Som,Áudio,Caucaia,Região Metropolitana,Marketplace,Cartão de Débito,1,493.02,0.1
PED09901,2025-08-01,Impressora,Informática,Fortaleza,Fortaleza,Marketplace,Cartão de Crédito,1,1598.65,0.1
PED09108,2025-08-01,Smartphone,Eletrônicos,Sobral,Interior,Marketplace,PIX,1,1082.61,0.0
PED07945,2025-08-01,Cadeira Gamer,Móveis,Caucaia,Região Metropolitana,Site,Cartão de Débito,2,1091.94,0.0
PED01492,2025-08-01,Mesa Escritório,Móveis,Maracanaú,Região Metropolitana,Site,Cartão de Crédito,1,546.47,0.05
PED04595,2025-08-01,Cadeira Gamer,Móveis,Itapipoca,Interior,Site,Boleto,1,1570.22,0.0
PED01094,2025-08-01,Caixa de Som,Áudio,Fortaleza,Fortaleza,Marketplace,Boleto,1,757.25,0.0
PED01165,2025-08-01,Roteador,Informática,Caucaia,Região Metropolitana,Marketplace,PIX,2,239.49,0.05
PED06280,2025-08-01,Caixa de Som,Áudio,Maracanaú,Região Metropolitana,Loja Física,PIX,1,185.79,0.0
PED03332,2025-08-01,Impressora,Informática,Sobral,Interior,Loja Física,Boleto,2,1415.84,0.0
PED07200,2025-08-02,Headset,Acessórios,Fortaleza,Fortaleza,Site,Cartão de Crédito,1,503.68,0.0
PED03137,2025-08-02,Monitor,Eletrônicos,Itapipoca,Interior,Site,Cartão de Débito,1,1806.7,0.0
PED03516,2025-08-02,Webcam,Acessórios,Maracanaú,Região Metropolitana,Loja Física,Cartão de Débito,1,492.77,0.1
PED02846,2025-08-02,Caixa de Som,Áudio,Maracanaú,Região Metropolitana,Marketplace,Cartão de Crédito,1,628.54,0.05
PED08524,2025-08-02,Roteador,Informática,Fortaleza,Fortaleza,Site,PIX,4,265.63,0.05
PED06514,2025-08-02,SSD 1TB,Informática,Maracanaú,Região Metropolitana,Loja Física,PIX,2,378.4,0.15
PED09969,2025-08-02,Teclado,Acessórios,Itapipoca,Interior,Marketplace,Cartão de Débito,1,310.24,0.0
PED03952,2025-08-02,Impressora,Informática,Fortaleza,Fortaleza,Site,Cartão de Débito,1,1314.5,0.0
PED03114,2025-08-02,Teclado,Acessórios,Fortaleza,Fortaleza,Marketplace,PIX,1,121.95,0.05
PED09635,2025-08-02,Headset,Acessórios,Fortaleza,Fortaleza,Loja Física,Cartão de Crédito,1,540.92,0.0
PED03328,2025-08-02,Notebook,Eletrônicos,Caucaia,Região Metropolitana,Marketplace,Cartão de Débito,1,5987.5,0.0
PED05844,2025-08-02,Roteador,Informática,Fortaleza,Fortaleza,Loja Física,Cartão de Débito,1,289.49,0.05
PED09695,2025-08-03,Headset,Acessórios,Juazeiro do Norte,Interior,Loja Física,Cartão de Crédito,1,454.36,0.0
PED02563,2025-08-03,Roteador,Informática,Itapipoca,Interior,Loja Física,Cartão de Débito,1,342.21,0.0
PED05908,2025-08-03,Headset,Acessórios,Itapipoca,Interior,Loja Física,Boleto,1,135.73,0.0
PED08850,2025-08-03,Smartphone,Eletrônicos,Juazeiro do Norte,Interior,Marketplace,Boleto,2,3406.43,0.05
PED03791,2025-08-03,Smartphone,Eletrônicos,Caucaia,Região Metropolitana,Marketplace,Cartão de Crédito,3,958.53,0.05
PED01651,2025-08-03,Monitor,Eletrônicos,Fortaleza,Fortaleza,Marketplace,Cartão de Débito,1,1114.63,0.0
PED04285,2025-08-03,Webcam,Acessórios,Caucaia,Região Metropolitana,Site,Boleto,1,161.7,0.0
PED09553,2025-08-03,Memória RAM,Informática,Itapipoca,Interior,Marketplace,Cartão de Crédito,3,223.08,0.1
PED05373,2025-08-03,Impressora,Informática,Fortaleza,Fortaleza,Site,PIX,1,1015.47,0.15
PED00467,2025-08-03,Monitor,Eletrônicos,Fortaleza,Fortaleza,Loja Física,Cartão de Crédito,1,1261.97,0.0
PED08939,2025-08-03,Notebook,Eletrônicos,Fortaleza,Fortaleza,Loja Física,Cartão de Crédito,2,5575.92,0.05
PED03068,2025-08-03,Mouse,Acessórios,Fortaleza,Fortaleza,Site,Boleto,1,198.44,0.0
PED00886,2025-08-03,Mouse,Acessórios,Fortaleza,Fortaleza,Site,PIX,2,209.4,0.0
PED00664,2025-08-03,Mesa Escritório,Móveis,Fortaleza,Fortaleza,Marketplace,Cartão de Crédito,1,684.37,0.0
PED08101,2025-08-03,Roteador,Informática,Itapipoca,Interior,Loja Física,Boleto,1,336.94,0.0
PED05463,2025-08-03,Headset,Acessórios,Fortaleza,Fortaleza,Loja Física,PIX,1,103.96,0.0
PED00702,2025-08-03,Caixa de Som,Áudio,Fortaleza,Fortaleza,Marketplace,PIX,1,176.51,0.0
PED04620,2025-08-03,Impressora,Informática,Sobral,Interior,Loja Física,Boleto,4,1111.62,0.0
PED04541,2025-08-03,Roteador,Informática,Maracanaú,Região Metropolitana,Marketplace,Cartão de Crédito,2,583.56,0.1
PED07325,2025-08-04,Smartphone,Eletrônicos,Fortaleza,Fortaleza,Site,Cartão de Crédito,1,1387.64,0.05
PED05887,2025-08-04,Memória RAM,Informática,Juazeiro do Norte,Interior,Site,Cartão de Crédito,1,285.86,0.0
PED08464,2025-08-04,Mouse,Acessórios,Juazeiro do Norte,Interior,Site,Cartão de Crédito,4,219.44,0.1
PED06982,2025-08-04,Headset,Acessórios,Fortaleza,Fortaleza,Marketplace,Cartão de Débito,3,128.49,0.1
PED04359,2025-08-04,Webcam,Acessórios,Maracanaú,Região Metropolitana,Site,Cartão de Débito,1,414.82,0.1
PED08838,2025-08-04,Webcam,Acessórios,Maracanaú,Região Metropolitana,Site,PIX,1,472.07,0.1
PED03550,2025-08-04,Webcam,Acessórios,Sobral,Interior,Marketplace,Cartão de Débito,1,489.86,0.0
PED09796,2025-08-04,SSD 1TB,Informática,Fortaleza,Fortaleza,Marketplace,Cartão de Débito,1,486.31,0.15
PED09450,2025-08-04,Teclado,Acessórios,Maracanaú,Região Metropolitana,Loja Física,PIX,1,420.6,0.0
PED09558,2025-08-04,Notebook,Eletrônicos,Caucaia,Região Metropolitana,Marketplace,Boleto,1,3632.52,0.15
PED09842,2025-08-04,Fone Bluetooth,Áudio,Fortaleza,Fortaleza,Loja Física,Cartão de Crédito,1,352.77,0.15
PED01458,2025-08-04,Webcam,Acessórios,Fortaleza,Fortaleza,Site,Cartão de Débito,1,453.58,0.0
PED06435,2025-08-04,Roteador,Informática,Fortaleza,Fortaleza,Marketplace,PIX,1,161.92,0.1
PED00022,2025-08-05,Monitor,Eletrônicos,Fortaleza,Fortaleza,Marketplace,Cartão de Crédito,2,1541.19,0.0
PED09588,2025-08-05,Headset,Acessórios,Sobral,Interior,Loja Física,Cartão de Crédito,1,162.0,0.0
PED08202,2025-08-05,Fone Bluetooth,Áudio,Fortaleza,Fortaleza,Marketplace,Cartão de Crédito,2,622.74,0.0
PED05387,2025-08-05,SSD 1TB,Informática,Fortaleza,Fortaleza,Loja Física,Boleto,3,316.08,0.0
PED03985,2025-08-05,Smartphone,Eletrônicos,Caucaia,Região Metropolitana,Site,Cartão de Débito,1,1041.66,0.1
PED03457,2025-08-05,Fone Bluetooth,Áudio,Maracanaú,Região Metropolitana,Marketplace,PIX,1,303.42,0.05
PED06469,2025-08-05,Impressora,Informática,Fortaleza,Fortaleza,Loja Física,PIX,2,1545.94,0.0
PED03816,2025-08-05,Cadeira Gamer,Móveis,Caucaia,Região Metropolitana,Site,PIX,1,2151.67,0.05
PED06631,2025-08-05,Teclado,Acessórios,Fortaleza,Fortaleza,Marketplace,Cartão de Crédito,1,268.03,0.05
PED09474,2025-08-05,Notebook,Eletrônicos,Sobral,Interior,Loja Física,Boleto,1,3223.29,0.0
PED08063,2025-08-05,Monitor,Eletrônicos,Sobral,Interior,Loja Física,Cartão de Crédito,1,1507.63,0.05
PED00288,2025-08-05,Caixa de Som,Áudio,Juazeiro do Norte,Interior,Loja Física,PIX,1,622.82,0.1
PED02423,2025-08-05,Smartphone,Eletrônicos,Fortaleza,Fortaleza,Marketplace,Cartão de Crédito,1,4228.4,0.0
PED09407,2025-08-05,Caixa de Som,Áudio,Juazeiro do Norte,Interior,Site,PIX,2,482.98,0.15
PED00947,2025-08-05,Mouse,Acessórios,Fortaleza,Fortaleza,Loja Física,PIX,3,234.23,0.1
PED05557,2025-08-05,Notebook,Eletrônicos,Caucaia,Região Metropolitana,Site,Cartão de Crédito,2,6243.74,0.0
PED03519,2025-08-05,Cadeira Gamer,Móveis,Caucaia,Região Metropolitana,Marketplace,Cartão de Débito,1,1274.6,0.05
PED00436,2025-08-05,Mesa Escritório,Móveis,Caucaia,Região Metropolitana,Loja Física,Cartão de Crédito,3,499.08,0.0
PED07213,2025-08-05,Cadeira Gamer,Móveis,Fortaleza,Fortaleza,Loja Física,PIX,1,1312.79,0.05
PED01129,2025-08-05,Notebook,Eletrônicos,Maracanaú,Região Metropolitana,Marketplace,PIX,2,4439.7,0.0
PED05242,2025-08-05,Notebook,Eletrônicos,Sobral,Interior,Marketplace,PIX,2,4101.64,0.0
PED07051,2025-08-06,Headset,Acessórios,Caucaia,Região Metropolitana,Marketplace,PIX,1,237.39,0.1
PED09961,2025-08-06,Smartphone,Eletrônicos,Fortaleza,Fortaleza,Site,Boleto,4,2618.47,0.0
PED08928,2025-08-06,Headset,Acessórios,Fortaleza,Fortaleza,Site,Boleto,1,419.06,0.05
PED02898,2025-08-06,SSD 1TB,Informática,Caucaia,Região Metropolitana,Site,PIX,3,426.59,0.0
PED08246,2025-08-06,Mouse,Acessórios,Sobral,Interior,Site,Boleto,1,103.27,0.05
PED01544,2025-08-06,Headset,Acessórios,Fortaleza,Fortaleza,Site,Boleto,1,472.42,0.0
PED00930,2025-08-06,Cadeira Gamer,Móveis,Caucaia,Região Metropolitana,Marketplace,PIX,1,1465.32,0.1
PED07419,2025-08-06,Memória RAM,Informática,Sobral,Interior,Site,Cartão de Débito,1,488.64,0.0
PED02403,2025-08-06,Monitor,Eletrônicos,Maracanaú,Região Metropolitana,Site,Cartão de Débito,2,968.88,0.0
PED04273,2025-08-06,Monitor,Eletrônicos,Sobral,Interior,Marketplace,Boleto,1,1731.51,0.0
PED09798,2025-08-06,Smartphone,Eletrônicos,Fortaleza,Fortaleza,Loja Física,Boleto,1,1844.09,0.0
PED05717,2025-08-06,SSD 1TB,Informática,Fortaleza,Fortaleza,Loja Física,Cartão de Crédito,1,306.7,0.0
PED08044,2025-08-06,Cadeira Gamer,Móveis,Itapipoca,Interior,Site,PIX,1,1426.76,0.0
PED04460,2025-08-06,Roteador,Informática,Fortaleza,Fortaleza,Marketplace,PIX,1,267.94,0.05
PED07137,2025-08-06,Mesa Escritório,Móveis,Fortaleza,Fortaleza,Loja Física,Cartão de Crédito,1,1295.71,0.15
PED08139,2025-08-06,Fone Bluetooth,Áudio,Fortaleza,Fortaleza,Site,PIX,3,100.36,0.1
PED07838,2025-08-06,Impressora,Informática,Sobral,Interior,Marketplace,Cartão de Débito,1,1333.32,0.0
PED07350,2025-08-06,Impressora,Informática,Fortaleza,Fortaleza,Loja Física,Cartão de Débito,1,951.81,0.0
PED04163,2025-08-07,Mouse,Acessórios,Itapipoca,Interior,Marketplace,PIX,1,97.45,0.15
PED08730,2025-08-07,Teclado,Acessórios,Maracanaú,Região Metropolitana,Site,Boleto,1,250.08,0.15
PED02473,2025-08-07,Roteador,Informática,Fortaleza,Fortaleza,Loja Física,Cartão de Crédito,3,234.35,0.05
PED04542,2025-08-07,Mouse,Acessórios,Fortaleza,Fortaleza,Marketplace,Cartão de Crédito,1,119.76,0.0
PED04208,2025-08-07,Caixa de Som,Áudio,Sobral,Interior,Site,PIX,1,754.94,0.05
PED00786,2025-08-07,Roteador,Informática,Caucaia,Região Metropolitana,Loja Física,Cartão de Crédito,1,307.62,0.15
PED08942,2025-08-07,Memória RAM,Informática,Caucaia,Região Metropolitana,Loja Física,Boleto,2,405.31,0.1
PED04121,2025-08-07,Mesa Escritório,Móveis,Juazeiro do Norte,Interior,Site,Cartão de Crédito,2,1225.68,0.0
PED07575,2025-08-07,Caixa de Som,Áudio,Fortaleza,Fortaleza,Marketplace,PIX,1,349.29,0.0
PED03644,2025-08-07,Memória RAM,Informática,Caucaia,Região Metropolitana,Loja Física,Cartão de Débito,1,478.11,0.0
PED02689,2025-08-08,Cadeira Gamer,Móveis,Fortaleza,Fortaleza,Site,Cartão de Débito,1,1829.52,0.05
PED06540,2025-08-08,Roteador,Informática,Juazeiro do Norte,Interior,Site,Boleto,1,372.83,0.0
PED08071,2025-08-08,Teclado,Acessórios,Caucaia,Região Metropolitana,Site,Cartão de Crédito,1,442.25,0.05
PED03655,2025-08-08,Mouse,Acessórios,Maracanaú,Região Metropolitana,Loja Física,Cartão de Débito,1,218.47,0.1
PED01511,2025-08-08,Headset,Acessórios,Fortaleza,Fortaleza,Loja Física,Cartão de Débito,1,417.22,0.0
PED04763,2025-08-08,Notebook,Eletrônicos,Fortaleza,Fortaleza,Loja Física,Cartão de Débito,2,5503.05,0.1
PED08081,2025-08-08,Mouse,Acessórios,Fortaleza,Fortaleza,Loja Física,Boleto,1,166.97,0.0
PED01954,2025-08-08,SSD 1TB,Informática,Sobral,Interior,Site,Boleto,1,594.3,0.15
PED09728,2025-08-08,Cadeira Gamer,Móveis,Caucaia,Região Metropolitana,Site,PIX,1,1271.97,0.0
PED07000,2025-08-08,Headset,Acessórios,Fortaleza,Fortaleza,Loja Física,Boleto,1,446.99,0.05
PED02046,2025-08-08,Caixa de Som,Áudio,Sobral,Interior,Marketplace,PIX,1,237.39,0.0
PED01883,2025-08-08,Mesa Escritório,Móveis,Fortaleza,Fortaleza,Loja Física,Cartão de Crédito,2,896.04,0.0
PED04188,2025-08-08,Headset,Acessórios,Fortaleza,Fortaleza,Marketplace,PIX,2,271.73,0.0
PED05356,2025-08-08,SSD 1TB,Informática,Fortaleza,Fortaleza,Marketplace,Cartão de Débito,1,628.86,0.05
PED08503,2025-08-08,Headset,Acessórios,Itapipoca,Interior,Loja Física,Cartão de Débito,1,140.83,0.0
PED02199,2025-08-08,Fone Bluetooth,Áudio,Fortaleza,Fortaleza,Marketplace,Boleto,1,582.49,0.0
PED07481,2025-08-08,Mesa Escritório,Móveis,Itapipoca,Interior,Marketplace,Cartão de Débito,1,512.68,0.1
PED00335,2025-08-08,Fone Bluetooth,Áudio,Fortaleza,Fortaleza,Loja Física,Cartão de Débito,1,508.83,0.0
PED02226,2025-08-08,Smartphone,Eletrônicos,Sobral,Interior,Marketplace,Cartão de Débito,2,1361.53,0.0
PED09146,2025-08-08,Roteador,Informática,Fortaleza,Fortaleza,Loja Física,Boleto,1,374.98,0.0
PED02173,2025-08-08,Teclado,Acessórios,Fortaleza,Fortaleza,Site,Boleto,2,346.58,0.0
PED08102,2025-08-08,Impressora,Informática,Fortaleza,Fortaleza,Loja Física,Cartão de Débito,2,1137.28,0.1
PED04267,2025-08-08,Mouse,Acessórios,Maracanaú,Região Metropolitana,Loja Física,Cartão de Crédito,1,83.52,0.1
PED04339,2025-08-09,Impressora,Informática,Maracanaú,Região Metropolitana,Loja Física,Cartão de Crédito,1,1794.81,0.05
PED04085,2025-08-09,Memória RAM,Informática,Caucaia,Região Metropolitana,Loja Física,Boleto,1,285.06,0.0
PED08900,2025-08-09,Cadeira Gamer,Móveis,Caucaia,Região Metropolitana,Site,Cartão de Débito,1,1778.93,0.0
PED02045,2025-08-09,Monitor,Eletrônicos,Sobral,Interior,Site,Boleto,1,865.17,0.05
PED00917,2025-08-09,SSD 1TB,Informática,Fortaleza,Fortaleza,Site,Cartão de Crédito,1,434.78,0.0
PED06901,2025-08-09,Mesa Escritório,Móveis,Fortaleza,Fortaleza,Site,Boleto,1,776.81,0.1
PED08272,2025-08-09,Caixa de Som,Áudio,Fortaleza,Fortaleza,Loja Física,Cartão de Débito,1,444.15,0.05
PED06555,2025-08-09,Notebook,Eletrônicos,Fortaleza,Fortaleza,Loja Física,Cartão de Débito,2,3689.45,0.1
PED01841,2025-08-09,Cadeira Gamer,Móveis,Maracanaú,Região Metropolitana,Marketplace,Cartão de Crédito,1,2154.96,0.0
PED01845,2025-08-09,Cadeira Gamer,Móveis,Maracanaú,Região Metropolitana,Loja Física,Boleto,1,1700.93,0.05
PED04255,2025-08-09,Monitor,Eletrônicos,Fortaleza,Fortaleza,Marketplace,Boleto,1,1344.31,0.0
PED03294,2025-08-09,Roteador,Informática,Fortaleza,Fortaleza,Site,PIX,2,522.94,0.1
PED06662,2025-08-09,Monitor,Eletrônicos,Juazeiro do Norte,Interior,Loja Física,Cartão de Débito,1,1651.51,0.0
PED04766,2025-08-09,SSD 1TB,Informática,Maracanaú,Região Metropolitana,Loja Física,Boleto,2,462.82,0.0
PED01171,2025-08-09,Notebook,Eletrônicos,Fortaleza,Fortaleza,Loja Física,Cartão de Crédito,1,5152.88,0.0
PED04197,2025-08-09,Caixa de Som,Áudio,Fortaleza,Fortaleza,Loja Física,Cartão de Débito,1,191.72,0.05
PED03503,2025-08-09,Mouse,Acessórios,Maracanaú,Região Metropolitana,Marketplace,Cartão de Débito,3,246.99,0.0
PED05441,2025-08-09,SSD 1TB,Informática,Maracanaú,Região Metropolitana,Marketplace,Cartão de Débito,1,585.19,0.0
PED07010,2025-08-09,Cadeira Gamer,Móveis,Caucaia,Região Metropolitana,Site,Cartão de Débito,1,1776.3,0.05
PED08108,2025-08-10,Monitor,Eletrônicos,Sobral,Interior,Site,PIX,1,1763.3,0.0
PED02999,2025-08-10,Notebook,Eletrônicos,Maracanaú,Região Metropolitana,Marketplace,PIX,1,5154.81,0.0
PED01339,2025-08-10,Smartphone,Eletrônicos,Juazeiro do Norte,Interior,Site,Boleto,1,1576.5,0.0
PED02806,2025-08-10,Impressora,Informática,Itapipoca,Interior,Loja Física,Boleto,1,947.56,0.05
PED03188,2025-08-10,Notebook,Eletrônicos,Juazeiro do Norte,Interior,Loja Física,PIX,2,6480.12,0.0
PED07476,2025-08-10,Smartphone,Eletrônicos,Caucaia,Região Metropolitana,Site,Cartão de Débito,1,1189.34,0.0
PED09369,2025-08-10,Cadeira Gamer,Móveis,Fortaleza,Fortaleza,Loja Física,Cartão de Débito,1,1184.59,0.05
PED03636,2025-08-10,Cadeira Gamer,Móveis,Fortaleza,Fortaleza,Site,Cartão de Débito,1,1227.94,0.0
PED09709,2025-08-10,Fone Bluetooth,Áudio,Fortaleza,Fortaleza,Site,Cartão de Débito,1,324.95,0.1
PED03658,2025-08-10,Caixa de Som,Áudio,Maracanaú,Região Metropolitana,Site,Boleto,1,459.09,0.05
PED01805,2025-08-10,Roteador,Informática,Fortaleza,Fortaleza,Site,Boleto,1,165.71,0.15
PED09874,2025-08-10,SSD 1TB,Informática,Maracanaú,Região Metropolitana,Loja Física,Cartão de Débito,1,472.45,0.15
PED06731,2025-08-10,Webcam,Acessórios,Fortaleza,Fortaleza,Site,Cartão de Crédito,1,606.71,0.1
PED05655,2025-08-10,Mesa Escritório,Móveis,Juazeiro do Norte,Interior,Site,Boleto,2,1436.58,0.1
PED06254,2025-08-10,Notebook,Eletrônicos,Fortaleza,Fortaleza,Marketplace,Boleto,1,3259.55,0.1
PED01703,2025-08-10,Cadeira Gamer,Móveis,Juazeiro do Norte,Interior,Loja Física,PIX,1,1110.03,0.0
PED07270,2025-08-10,Headset,Acessórios,Caucaia,Região Metropolitana,Loja Física,Cartão de Crédito,1,129.45,0.05
PED02078,2025-08-10,Notebook,Eletrônicos,Juazeiro do Norte,Interior,Loja Física,Cartão de Débito,1,3841.29,0.0
PED05608,2025-08-11,Mouse,Acessórios,Itapipoca,Interior,Site,Boleto,4,53.48,0.0
PED07340,2025-08-11,Notebook,Eletrônicos,Sobral,Interior,Loja Física,Boleto,2,5053.4,0.0
PED08143,2025-08-11,Mouse,Acessórios,Fortaleza,Fortaleza,Loja Física,PIX,1,45.63,0.15
PED08733,2025-08-11,Cadeira Gamer,Móveis,Fortaleza,Fortaleza,Loja Física,Cartão de Crédito,1,882.42,0.0
PED04362,2025-08-11,Monitor,Eletrônicos,Fortaleza,Fortaleza,Marketplace,Boleto,2,835.48,0.0
PED02198,2025-08-11,SSD 1TB,Informática,Itapipoca,Interior,Marketplace,Cartão de Crédito,1,633.98,0.1
PED07662,2025-08-11,Smartphone,Eletrônicos,Fortaleza,Fortaleza,Marketplace,Boleto,1,3167.29,0.1
PED00766,2025-08-11,Smartphone,Eletrônicos,Fortaleza,Fortaleza,Marketplace,PIX,1,3449.07,0.1
PED08852,2025-08-11,Memória RAM,Informática,Caucaia,Região Metropolitana,Loja Física,PIX,2,383.98,0.0
PED01193,2025-08-11,Mouse,Acessórios,Fortaleza,Fortaleza,Site,PIX,2,283.21,0.05
PED04247,2025-08-11,SSD 1TB,Informática,Caucaia,Região Metropolitana,Marketplace,Cartão de Débito,1,413.8,0.1
PED08147,2025-08-11,SSD 1TB,Informática,Fortaleza,Fortaleza,Loja Física,Cartão de Débito,2,556.29,0.1
PED00507,2025-08-11,Memória RAM,Informática,Sobral,Interior,Loja Física,Cartão de Crédito,2,399.67,0.15
PED07703,2025-08-11,Teclado,Acessórios,Juazeiro do Norte,Interior,Loja Física,Cartão de Débito,1,278.06,0.1
PED00696,2025-08-11,Memória RAM,Informática,Sobral,Interior,Marketplace,Boleto,1,331.5,0.0
PED08261,2025-08-11,Mesa Escritório,Móveis,Juazeiro do Norte,Interior,Site,Boleto,2,890.61,0.1
PED09430,2025-08-11,Teclado,Acessórios,Sobral,Interior,Site,Cartão de Crédito,4,179.39,0.0
PED09470,2025-08-11,Monitor,Eletrônicos,Fortaleza,Fortaleza,Loja Física,PIX,1,1613.26,0.05
PED04800,2025-08-11,Monitor,Eletrônicos,Sobral,Interior,Loja Física,Cartão de Débito,1,1224.21,0.0
PED05143,2025-08-11,Roteador,Informática,Caucaia,Região Metropolitana,Site,Cartão de Crédito,2,493.9,0.0
PED09660,2025-08-11,Headset,Acessórios,Caucaia,Região Metropolitana,Loja Física,Boleto,4,251.3,0.15
PED01793,2025-08-12,Roteador,Informática,Fortaleza,Fortaleza,Site,Cartão de Débito,1,522.77,0.05
PED07635,2025-08-12,Caixa de Som,Áudio,Sobral,Interior,Marketplace,Boleto,1,120.97,0.1
PED09618,2025-08-12,Roteador,Informática,Caucaia,Região Metropolitana,Site,Cartão de Débito,1,326.26,0.0
PED09877,2025-08-12,Teclado,Acessórios,Maracanaú,Região Metropolitana,Site,Cartão de Débito,1,382.7,0.0
PED03102,2025-08-12,SSD 1TB,Informática,Caucaia,Região Metropolitana,Loja Física,Cartão de Débito,2,401.83,0.1
PED01914,2025-08-12,Cadeira Gamer,Móveis,Itapipoca,Interior,Site,Cartão de Débito,1,1277.91,0.0
PED04944,2025-08-12,Teclado,Acessórios,Maracanaú,Região Metropolitana,Marketplace,Boleto,2,178.97,0.0
PED00626,2025-08-12,Impressora,Informática,Fortaleza,Fortaleza,Loja Física,Cartão de Crédito,1,1341.14,0.0
PED07668,2025-08-12,Smartphone,Eletrônicos,Fortaleza,Fortaleza,Loja Física,Cartão de Crédito,1,3890.15,0.0
PED09031,2025-08-12,Impressora,Informática,Maracanaú,Região Metropolitana,Loja Física,Cartão de Crédito,1,1096.34,0.1
PED04266,2025-08-13,Monitor,Eletrônicos,Caucaia,Região Metropolitana,Marketplace,Cartão de Crédito,1,1263.81,0.0
PED08743,2025-08-13,Impressora,Informática,Fortaleza,Fortaleza,Site,Cartão de Débito,4,665.46,0.0
PED02361,2025-08-13,Notebook,Eletrônicos,Juazeiro do Norte,Interior,Marketplace,Cartão de Débito,1,4553.03,0.05
PED09611,2025-08-13,Notebook,Eletrônicos,Sobral,Interior,Loja Física,Cartão de Crédito,3,3365.67,0.0
PED08346,2025-08-13,Notebook,Eletrônicos,Caucaia,Região Metropolitana,Loja Física,PIX,1,5183.57,0.0
PED00266,2025-08-13,Impressora,Informática,Juazeiro do Norte,Interior,Loja Física,Boleto,1,741.48,0.05
PED06921,2025-08-13,Mouse,Acessórios,Caucaia,Região Metropolitana,Marketplace,Cartão de Crédito,1,114.2,0.0
PED04559,2025-08-13,Headset,Acessórios,Fortaleza,Fortaleza,Marketplace,Cartão de Débito,1,212.81,0.05
PED06798,2025-08-13,Headset,Acessórios,Caucaia,Região Metropolitana,Marketplace,Cartão de Crédito,3,487.88,0.1
PED01341,2025-08-13,Impressora,Informática,Fortaleza,Fortaleza,Site,Boleto,1,1768.83,0.1
PED02203,2025-08-13,Cadeira Gamer,Móveis,Maracanaú,Região Metropolitana,Loja Física,Boleto,2,1099.26,0.1
PED07096,2025-08-13,Fone Bluetooth,Áudio,Caucaia,Região Metropolitana,Loja Física,PIX,1,545.71,0.15
PED00409,2025-08-13,Caixa de Som,Áudio,Sobral,Interior,Marketplace,Boleto,2,348.36,0.1
PED08738,2025-08-14,Monitor,Eletrônicos,Caucaia,Região Metropolitana,Marketplace,Boleto,1,1610.42,0.0
PED05172,2025-08-14,Fone Bluetooth,Áudio,Fortaleza,Fortaleza,Marketplace,Cartão de Débito,1,286.07,0.0
PED03919,2025-08-14,Fone Bluetooth,Áudio,Fortaleza,Fortaleza,Loja Física,Boleto,1,506.46,0.0
PED03273,2025-08-14,SSD 1TB,Informática,Fortaleza,Fortaleza,Loja Física,Boleto,1,631.57,0.15
PED07211,2025-08-14,Caixa de Som,Áudio,Juazeiro do Norte,Interior,Loja Física,Boleto,1,352.91,0.0
PED03272,2025-08-14,Webcam,Acessórios,Fortaleza,Fortaleza,Site,PIX,1,587.18,0.0
PED05682,2025-08-14,Fone Bluetooth,Áudio,Fortaleza,Fortaleza,Loja Física,Cartão de Débito,1,213.79,0.05
PED05025,2025-08-14,Caixa de Som,Áudio,Sobral,Interior,Loja Física,Cartão de Crédito,1,769.42,0.1
PED00024,2025-08-14,Smartphone,Eletrônicos,Fortaleza,Fortaleza,Loja Física,PIX,1,3448.23,0.0
PED00344,2025-08-14,Caixa de Som,Áudio,Caucaia,Região Metropolitana,Site,PIX,1,292.4,0.05
PED09190,2025-08-14,Mesa Escritório,Móveis,Maracanaú,Região Metropolitana,Loja Física,Cartão de Crédito,1,564.67,0.05
PED06951,2025-08-14,Notebook,Eletrônicos,Juazeiro do Norte,Interior,Loja Física,Boleto,1,5229.66,0.0
PED05647,2025-08-14,Notebook,Eletrônicos,Caucaia,Região Metropolitana,Site,Boleto,1,3390.34,0.05
PED05385,2025-08-14,Smartphone,Eletrônicos,Juazeiro do Norte,Interior,Loja Física,Cartão de Crédito,1,2664.27,0.0
PED04445,2025-08-14,Caixa de Som,Áudio,Fortaleza,Fortaleza,Site,PIX,1,511.34,0.15
PED06318,2025-08-14,Memória RAM,Informática,Fortaleza,Fortaleza,Site,Boleto,1,335.46,0.0
PED05885,2025-08-14,Cadeira Gamer,Móveis,Fortaleza,Fortaleza,Marketplace,Cartão de Débito,2,1793.01,0.1
PED03799,2025-08-14,Teclado,Acessórios,Sobral,Interior,Marketplace,PIX,2,80.45,0.0
PED03343,2025-08-14,Notebook,Eletrônicos,Maracanaú,Região Metropolitana,Marketplace,Boleto,1,4576.62,0.1
PED01359,2025-08-14,Cadeira Gamer,Móveis,Maracanaú,Região Metropolitana,Marketplace,Cartão de Crédito,1,1203.65,0.0
PED08167,2025-08-14,Teclado,Acessórios,Sobral,Interior,Marketplace,Cartão de Débito,1,124.33,0.0
PED06482,2025-08-14,Webcam,Acessórios,Sobral,Interior,Marketplace,Cartão de Crédito,2,412.63,0.05
PED00583,2025-08-14,Caixa de Som,Áudio,Fortaleza,Fortaleza,Marketplace,Cartão de Crédito,1,660.11,0.0
PED05091,2025-08-15,Fone Bluetooth,Áudio,Fortaleza,Fortaleza,Site,Boleto,1,541.9,0.15
PED08767,2025-08-15,Teclado,Acessórios,Maracanaú,Região Metropolitana,Loja Física,Cartão de Crédito,1,306.8,0.05
PED03869,2025-08-15,Fone Bluetooth,Áudio,Fortaleza,Fortaleza,Loja Física,Boleto,1,226.78,0.15
PED05804,2025-08-15,Monitor,Eletrônicos,Caucaia,Região Metropolitana,Marketplace,Cartão de Débito,2,1782.13,0.0
PED05197,2025-08-15,SSD 1TB,Informática,Maracanaú,Região Metropolitana,Loja Física,Cartão de Crédito,2,581.17,0.1
PED06599,2025-08-15,Monitor,Eletrônicos,Fortaleza,Fortaleza,Marketplace,PIX,2,731.38,0.0
PED00328,2025-08-15,Smartphone,Eletrônicos,Fortaleza,Fortaleza,Site,Cartão de Débito,1,2308.08,0.0
PED04465,2025-08-15,Teclado,Acessórios,Maracanaú,Região Metropolitana,Loja Física,Boleto,1,315.02,0.0
PED04414,2025-08-15,SSD 1TB,Informática,Itapipoca,Interior,Loja Física,Boleto,2,308.42,0.0
PED07259,2025-08-15,Caixa de Som,Áudio,Juazeiro do Norte,Interior,Marketplace,Boleto,4,139.53,0.05
PED03207,2025-08-15,Roteador,Informática,Fortaleza,Fortaleza,Loja Física,PIX,1,322.47,0.15
PED02396,2025-08-15,Memória RAM,Informática,Fortaleza,Fortaleza,Marketplace,Cartão de Débito,1,502.2,0.0
PED02405,2025-08-15,Impressora,Informática,Juazeiro do Norte,Interior,Site,Cartão de Débito,2,1620.01,0.0
PED03104,2025-08-16,Memória RAM,Informática,Caucaia,Região Metropolitana,Marketplace,Cartão de Débito,1,434.36,0.1
PED02187,2025-08-16,Roteador,Informática,Juazeiro do Norte,Interior,Site,Boleto,1,555.5,0.0
PED06583,2025-08-16,Mesa Escritório,Móveis,Sobral,Interior,Loja Física,PIX,1,942.43,0.1
PED02878,2025-08-16,Mouse,Acessórios,Sobral,Interior,Site,PIX,1,220.66,0.15
PED04203,2025-08-16,Roteador,Informática,Fortaleza,Fortaleza,Marketplace,Boleto,2,394.19,0.1
PED00399,2025-08-16,Monitor,Eletrônicos,Fortaleza,Fortaleza,Loja Física,Cartão de Crédito,1,1679.59,0.1
PED02277,2025-08-16,Webcam,Acessórios,Fortaleza,Fortaleza,Site,Boleto,1,428.97,0.0
PED02166,2025-08-16,Roteador,Informática,Fortaleza,Fortaleza,Site,Cartão de Débito,3,204.98,0.0
PED09020,2025-08-16,Mesa Escritório,Móveis,Itapipoca,Interior,Marketplace,Cartão de Crédito,2,800.31,0.1
PED01670,2025-08-16,Fone Bluetooth,Áudio,Juazeiro do Norte,Interior,Loja Física,Cartão de Crédito,1,498.05,0.1
PED02793,2025-08-16,Teclado,Acessórios,Itapipoca,Interior,Marketplace,Cartão de Crédito,2,179.65,0.05
PED00804,2025-08-16,Cadeira Gamer,Móveis,Sobral,Interior,Marketplace,Cartão de Crédito,1,2066.32,0.0
PED07562,2025-08-16,Mouse,Acessórios,Fortaleza,Fortaleza,Marketplace,Cartão de Débito,1,158.7,0.1
PED00682,2025-08-16,Mesa Escritório,Móveis,Juazeiro do Norte,Interior,Marketplace,Cartão de Crédito,3,1321.44,0.15
PED01105,2025-08-16,Fone Bluetooth,Áudio,Juazeiro do Norte,Interior,Marketplace,Boleto,4,377.24,0.1
PED02835,2025-08-16,Smartphone,Eletrônicos,Fortaleza,Fortaleza,Site,PIX,1,1974.47,0.1
PED02475,2025-08-16,Headset,Acessórios,Sobral,Interior,Site,Cartão de Crédito,2,149.43,0.1
PED04599,2025-08-16,Notebook,Eletrônicos,Maracanaú,Região Metropolitana,Loja Física,Cartão de Débito,4,4746.82,0.1
PED05195,2025-08-16,Mouse,Acessórios,Fortaleza,Fortaleza,Marketplace,Cartão de Débito,1,173.96,0.0
PED02375,2025-08-16,Monitor,Eletrônicos,Fortaleza,Fortaleza,Marketplace,Cartão de Crédito,1,735.9,0.05
PED04998,2025-08-16,Webcam,Acessórios,Caucaia,Região Metropolitana,Marketplace,Cartão de Crédito,1,570.2,0.0
PED09293,2025-08-16,Memória RAM,Informática,Fortaleza,Fortaleza,Marketplace,Boleto,1,269.86,0.1
PED08016,2025-08-17,Monitor,Eletrônicos,Juazeiro do Norte,Interior,Loja Física,Boleto,1,1159.54,0.0
PED01043,2025-08-17,Fone Bluetooth,Áudio,Fortaleza,Fortaleza,Marketplace,Cartão de Crédito,1,345.93,0.0
PED06524,2025-08-17,Headset,Acessórios,Itapipoca,Interior,Loja Física,Cartão de Débito,1,329.46,0.0
PED06225,2025-08-17,Notebook,Eletrônicos,Sobral,Interior,Site,Cartão de Crédito,1,4028.74,0.1
PED06522,2025-08-17,Cadeira Gamer,Móveis,Fortaleza,Fortaleza,Marketplace,PIX,2,1019.77,0.05
PED00417,2025-08-17,Memória RAM,Informática,Itapipoca,Interior,Marketplace,Cartão de Crédito,3,301.35,0.1
PED04922,2025-08-17,SSD 1TB,Informática,Fortaleza,Fortaleza,Marketplace,Cartão de Crédito,2,483.71,0.0
PED01297,2025-08-17,Mesa Escritório,Móveis,Fortaleza,Fortaleza,Site,Boleto,1,581.68,0.0
PED09203,2025-08-17,Impressora,Informática,Juazeiro do Norte,Interior,Site,PIX,2,1098.76,0.0
PED05684,2025-08-17,Webcam,Acessórios,Fortaleza,Fortaleza,Site,PIX,1,127.14,0.0
PED02938,2025-08-17,Roteador,Informática,Fortaleza,Fortaleza,Site,Cartão de Débito,1,269.4,0.1
PED09688,2025-08-17,Notebook,Eletrônicos,Caucaia,Região Metropolitana,Site,Cartão de Débito,1,6283.08,0.05
PED02108,2025-08-17,Fone Bluetooth,Áudio,Fortaleza,Fortaleza,Site,Cartão de Crédito,1,522.47,0.1
PED04971,2025-08-17,Mesa Escritório,Móveis,Itapipoca,Interior,Loja Física,PIX,1,1447.1,0.15
PED01978,2025-08-17,Fone Bluetooth,Áudio,Sobral,Interior,Site,Cartão de Débito,1,251.16,0.1
PED04961,2025-08-17,Memória RAM,Informática,Fortaleza,Fortaleza,Site,Boleto,2,279.44,0.15
PED01143,2025-08-17,Mesa Escritório,Móveis,Maracanaú,Região Metropolitana,Site,PIX,2,784.62,0.1
PED02169,2025-08-18,Mesa Escritório,Móveis,Caucaia,Região Metropolitana,Loja Física,Cartão de Crédito,2,802.61,0.1
PED00490,2025-08-18,Caixa de Som,Áudio,Itapipoca,Interior,Marketplace,Cartão de Débito,2,463.37,0.05
PED08423,2025-08-18,Mesa Escritório,Móveis,Fortaleza,Fortaleza,Marketplace,Cartão de Crédito,2,1558.5,0.05
PED07625,2025-08-18,Monitor,Eletrônicos,Sobral,Interior,Site,Cartão de Crédito,1,1591.93,0.0
PED08375,2025-08-18,SSD 1TB,Informática,Itapipoca,Interior,Loja Física,Cartão de Débito,1,366.72,0.0
PED06194,2025-08-18,Headset,Acessórios,Itapipoca,Interior,Loja Física,Cartão de Débito,1,290.9,0.0
PED01709,2025-08-18,Cadeira Gamer,Móveis,Itapipoca,Interior,Site,Cartão de Débito,4,1540.1,0.1
PED04434,2025-08-18,Cadeira Gamer,Móveis,Sobral,Interior,Loja Física,Boleto,1,793.43,0.1
PED00815,2025-08-19,Mesa Escritório,Móveis,Maracanaú,Região Metropolitana,Site,Cartão de Débito,3,1482.62,0.0
PED02714,2025-08-19,Monitor,Eletrônicos,Caucaia,Região Metropolitana,Loja Física,Boleto,1,1161.22,0.0
PED08112,2025-08-19,Mouse,Acessórios,Sobral,Interior,Marketplace,PIX,1,212.83,0.0
PED06102,2025-08-19,Monitor,Eletrônicos,Fortaleza,Fortaleza,Loja Física,Boleto,1,1442.4,0.1
PED07940,2025-08-19,Webcam,Acessórios,Fortaleza,Fortaleza,Site,Boleto,2,527.45,0.0
PED04138,2025-08-19,Cadeira Gamer,Móveis,Itapipoca,Interior,Loja Física,PIX,2,1423.0,0.15
PED02554,2025-08-19,SSD 1TB,Informática,Fortaleza,Fortaleza,Marketplace,Cartão de Crédito,1,410.43,0.05
PED02965,2025-08-19,Mouse,Acessórios,Caucaia,Região Metropolitana,Loja Física,Cartão de Crédito,1,165.36,0.0
PED07626,2025-08-19,Impressora,Informática,Maracanaú,Região Metropolitana,Loja Física,PIX,1,1427.24,0.0
PED01827,2025-08-19,Impressora,Informática,Maracanaú,Região Metropolitana,Site,PIX,1,602.72,0.1
PED00423,2025-08-19,Smartphone,Eletrônicos,Sobral,Interior,Loja Física,Boleto,2,1165.35,0.05
PED05937,2025-08-19,Smartphone,Eletrônicos,Caucaia,Região Metropolitana,Marketplace,Cartão de Crédito,3,4016.07,0.15
PED09161,2025-08-19,Caixa de Som,Áudio,Maracanaú,Região Metropolitana,Marketplace,Boleto,1,192.28,0.0
PED07135,2025-08-19,Monitor,Eletrônicos,Fortaleza,Fortaleza,Loja Física,Cartão de Débito,1,1862.68,0.05
PED09548,2025-08-19,Webcam,Acessórios,Maracanaú,Região Metropolitana,Marketplace,Cartão de Crédito,1,583.97,0.1
PED06057,2025-08-19,SSD 1TB,Informática,Fortaleza,Fortaleza,Loja Física,Cartão de Débito,1,415.41,0.05
PED01190,2025-08-19,Monitor,Eletrônicos,Itapipoca,Interior,Loja Física,PIX,3,1108.81,0.0
PED08558,2025-08-19,Cadeira Gamer,Móveis,Sobral,Interior,Site,Boleto,2,1087.24,0.1
PED00452,2025-08-19,Roteador,Informática,Sobral,Interior,Marketplace,Cartão de Crédito,1,278.4,0.0
PED08514,2025-08-20,Mouse,Acessórios,Fortaleza,Fortaleza,Site,Cartão de Débito,3,287.8,0.15
PED00096,2025-08-20,Teclado,Acessórios,Fortaleza,Fortaleza,Marketplace,Boleto,2,241.2,0.05
PED01177,2025-08-20,Smartphone,Eletrônicos,Fortaleza,Fortaleza,Site,PIX,1,1252.61,0.0
PED04635,2025-08-20,Cadeira Gamer,Móveis,Fortaleza,Fortaleza,Marketplace,Cartão de Débito,1,1836.42,0.15
PED02331,2025-08-20,Monitor,Eletrônicos,Fortaleza,Fortaleza,Marketplace,Boleto,3,853.42,0.1
PED01660,2025-08-20,Cadeira Gamer,Móveis,Caucaia,Região Metropolitana,Site,Cartão de Crédito,3,1781.55,0.0
PED02967,2025-08-20,Monitor,Eletrônicos,Fortaleza,Fortaleza,Site,PIX,4,1596.96,0.0
PED06186,2025-08-20,Notebook,Eletrônicos,Fortaleza,Fortaleza,Loja Física,Cartão de Débito,1,5870.92,0.05
PED02413,2025-08-20,SSD 1TB,Informática,Fortaleza,Fortaleza,Marketplace,PIX,2,346.95,0.1
PED03688,2025-08-20,Impressora,Informática,Itapipoca,Interior,Loja Física,Cartão de Débito,2,1275.18,0.0
PED05490,2025-08-20,Teclado,Acessórios,Caucaia,Região Metropolitana,Marketplace,Boleto,1,218.74,0.0
PED04145,2025-08-20,Webcam,Acessórios,Juazeiro do Norte,Interior,Loja Física,Cartão de Crédito,1,192.5,0.15
PED04078,2025-08-20,Monitor,Eletrônicos,Fortaleza,Fortaleza,Loja Física,Boleto,2,1594.88,0.0
PED01678,2025-08-20,Webcam,Acessórios,Maracanaú,Região Metropolitana,Site,Cartão de Crédito,1,637.73,0.0
PED02288,2025-08-20,SSD 1TB,Informática,Fortaleza,Fortaleza,Site,Cartão de Crédito,1,620.07,0.15
PED00854,2025-08-21,Caixa de Som,Áudio,Fortaleza,Fortaleza,Site,Cartão de Crédito,1,246.89,0.05
PED08293,2025-08-21,Fone Bluetooth,Áudio,Sobral,Interior,Marketplace,Boleto,2,520.37,0.0
PED03228,2025-08-21,Fone Bluetooth,Áudio,Maracanaú,Região Metropolitana,Site,PIX,2,460.55,0.0
PED08181,2025-08-21,Notebook,Eletrônicos,Fortaleza,Fortaleza,Site,Boleto,2,4366.3,0.0
PED03255,2025-08-21,SSD 1TB,Informática,Maracanaú,Região Metropolitana,Loja Física,Cartão de Débito,1,573.75,0.1
PED03386,2025-08-21,Monitor,Eletrônicos,Juazeiro do Norte,Interior,Loja Física,Cartão de Crédito,1,1786.07,0.0
PED08342,2025-08-21,Teclado,Acessórios,Fortaleza,Fortaleza,Loja Física,PIX,1,117.06,0.1
PED07373,2025-08-21,Notebook,Eletrônicos,Sobral,Interior,Marketplace,Boleto,1,4763.16,0.05
PED06736,2025-08-21,Impressora,Informática,Fortaleza,Fortaleza,Loja Física,Cartão de Débito,2,1476.3,0.15
PED02368,2025-08-21,Webcam,Acessórios,Fortaleza,Fortaleza,Site,PIX,3,596.07,0.05
PED09490,2025-08-21,Memória RAM,Informática,Itapipoca,Interior,Site,Boleto,3,231.62,0.05
PED06087,2025-08-21,Notebook,Eletrônicos,Caucaia,Região Metropolitana,Marketplace,Cartão de Débito,2,3314.2,0.05
PED00824,2025-08-21,Monitor,Eletrônicos,Juazeiro do Norte,Interior,Site,Cartão de Débito,1,1863.41,0.1
PED09129,2025-08-21,SSD 1TB,Informática,Maracanaú,Região Metropolitana,Site,Cartão de Crédito,1,385.83,0.05
PED01414,2025-08-21,Fone Bluetooth,Áudio,Fortaleza,Fortaleza,Site,PIX,1,644.84,0.05
PED06785,2025-08-21,SSD 1TB,Informática,Fortaleza,Fortaleza,Marketplace,Cartão de Débito,3,474.13,0.05
PED01993,2025-08-21,Impressora,Informática,Caucaia,Região Metropolitana,Marketplace,Boleto,1,1246.82,0.05
PED03646,2025-08-21,Mouse,Acessórios,Fortaleza,Fortaleza,Site,Boleto,1,261.28,0.15
PED05624,2025-08-21,Notebook,Eletrônicos,Fortaleza,Fortaleza,Marketplace,PIX,1,6086.14,0.15
PED02955,2025-08-21,Cadeira Gamer,Móveis,Itapipoca,Interior,Loja Física,Cartão de Débito,1,1783.19,0.1
PED06489,2025-08-21,Memória RAM,Informática,Fortaleza,Fortaleza,Site,Cartão de Débito,3,378.19,0.15
PED06368,2025-08-22,SSD 1TB,Informática,Fortaleza,Fortaleza,Marketplace,Cartão de Crédito,2,513.42,0.0
PED06779,2025-08-22,Roteador,Informática,Caucaia,Região Metropolitana,Loja Física,PIX,3,319.08,0.0
PED06051,2025-08-22,Cadeira Gamer,Móveis,Sobral,Interior,Site,PIX,1,1386.01,0.05
PED08644,2025-08-22,Roteador,Informática,Fortaleza,Fortaleza,Site,Cartão de Crédito,1,292.52,0.0
PED05004,2025-08-22,Notebook,Eletrônicos,Sobral,Interior,Marketplace,Cartão de Crédito,2,4119.24,0.0
PED03864,2025-08-22,Monitor,Eletrônicos,Fortaleza,Fortaleza,Marketplace,Cartão de Crédito,1,1871.89,0.0
PED05776,2025-08-22,Cadeira Gamer,Móveis,Caucaia,Região Metropolitana,Site,PIX,1,945.52,0.0
PED07823,2025-08-22,Cadeira Gamer,Móveis,Fortaleza,Fortaleza,Site,Cartão de Crédito,1,1747.06,0.0
PED02904,2025-08-22,Mesa Escritório,Móveis,Sobral,Interior,Marketplace,Cartão de Crédito,1,960.84,0.1
PED01792,2025-08-22,Cadeira Gamer,Móveis,Itapipoca,Interior,Loja Física,Boleto,1,1634.71,0.1
PED04941,2025-08-22,SSD 1TB,Informática,Maracanaú,Região Metropolitana,Loja Física,Cartão de Crédito,2,486.39,0.05
PED04116,2025-08-22,Impressora,Informática,Fortaleza,Fortaleza,Loja Física,Boleto,1,898.12,0.0
PED02311,2025-08-22,Mouse,Acessórios,Fortaleza,Fortaleza,Site,Cartão de Débito,2,221.07,0.0
PED09830,2025-08-23,Webcam,Acessórios,Fortaleza,Fortaleza,Loja Física,Boleto,4,326.27,0.05
PED04528,2025-08-23,Impressora,Informática,Fortaleza,Fortaleza,Site,Cartão de Débito,2,1467.67,0.15
PED04725,2025-08-23,Webcam,Acessórios,Fortaleza,Fortaleza,Marketplace,Cartão de Crédito,1,379.67,0.0
PED07497,2025-08-23,SSD 1TB,Informática,Fortaleza,Fortaleza,Site,PIX,3,460.16,0.1
PED07142,2025-08-23,Caixa de Som,Áudio,Sobral,Interior,Site,PIX,3,146.74,0.0
PED08531,2025-08-23,SSD 1TB,Informática,Fortaleza,Fortaleza,Marketplace,Cartão de Débito,2,563.59,0.0
PED08301,2025-08-23,Webcam,Acessórios,Caucaia,Região Metropolitana,Site,Cartão de Crédito,2,423.66,0.0
PED05184,2025-08-23,Caixa de Som,Áudio,Caucaia,Região Metropolitana,Loja Física,Boleto,1,504.01,0.05
PED03726,2025-08-23,Caixa de Som,Áudio,Fortaleza,Fortaleza,Loja Física,Boleto,1,439.8,0.05
PED02422,2025-08-23,Roteador,Informática,Fortaleza,Fortaleza,Loja Física,Cartão de Crédito,1,186.03,0.1
PED02227,2025-08-23,Cadeira Gamer,Móveis,Maracanaú,Região Metropolitana,Site,PIX,2,869.91,0.1
PED07599,2025-08-23,Fone Bluetooth,Áudio,Itapipoca,Interior,Site,Cartão de Crédito,1,272.44,0.0
PED05409,2025-08-23,Caixa de Som,Áudio,Sobral,Interior,Loja Física,Cartão de Crédito,2,185.15,0.05
PED08950,2025-08-23,Roteador,Informática,Maracanaú,Região Metropolitana,Site,PIX,1,551.6,0.0
PED08231,2025-08-23,Fone Bluetooth,Áudio,Fortaleza,Fortaleza,Site,Cartão de Débito,1,150.76,0.05
PED05996,2025-08-24,Headset,Acessórios,Maracanaú,Região Metropolitana,Loja Física,Cartão de Débito,1,257.09,0.0
PED00571,2025-08-24,Webcam,Acessórios,Itapipoca,Interior,Site,Cartão de Crédito,2,178.16,0.05
PED00554,2025-08-24,Monitor,Eletrônicos,Fortaleza,Fortaleza,Site,Cartão de Débito,1,1550.32,0.1
PED03491,2025-08-24,Teclado,Acessórios,Fortaleza,Fortaleza,Loja Física,Cartão de Débito,1,149.3,0.0
PED05386,2025-08-24,Cadeira Gamer,Móveis,Fortaleza,Fortaleza,Site,Boleto,1,1615.29,0.05
PED08869,2025-08-24,Mesa Escritório,Móveis,Fortaleza,Fortaleza,Marketplace,Boleto,1,620.93,0.15
PED04213,2025-08-24,Fone Bluetooth,Áudio,Fortaleza,Fortaleza,Marketplace,Cartão de Crédito,2,191.53,0.1
PED09197,2025-08-24,Teclado,Acessórios,Itapipoca,Interior,Loja Física,Cartão de Crédito,1,269.61,0.05
PED05273,2025-08-24,Roteador,Informática,Juazeiro do Norte,Interior,Site,Boleto,1,554.93,0.05
PED02321,2025-08-24,Cadeira Gamer,Móveis,Maracanaú,Região Metropolitana,Site,Cartão de Crédito,1,1063.49,0.05
PED02858,2025-08-24,Teclado,Acessórios,Fortaleza,Fortaleza,Site,Cartão de Débito,1,73.77,0.0
PED04239,2025-08-24,Webcam,Acessórios,Fortaleza,Fortaleza,Site,Cartão de Crédito,1,260.48,0.1
PED06237,2025-08-24,Roteador,Informática,Caucaia,Região Metropolitana,Site,Boleto,2,263.52,0.15
PED04788,2025-08-24,Memória RAM,Informática,Fortaleza,Fortaleza,Site,Boleto,2,351.92,0.0
PED02150,2025-08-24,Notebook,Eletrônicos,Sobral,Interior,Marketplace,Boleto,2,6417.53,0.15
PED04316,2025-08-24,Mesa Escritório,Móveis,Itapipoca,Interior,Marketplace,Boleto,1,1176.39,0.0
PED02681,2025-08-24,Impressora,Informática,Fortaleza,Fortaleza,Marketplace,Cartão de Débito,1,1542.81,0.1
PED07603,2025-08-24,Mouse,Acessórios,Maracanaú,Região Metropolitana,Marketplace,Cartão de Débito,1,167.96,0.0
PED06865,2025-08-25,Roteador,Informática,Fortaleza,Fortaleza,Loja Física,PIX,1,172.55,0.0
PED00482,2025-08-25,Smartphone,Eletrônicos,Itapipoca,Interior,Site,Cartão de Débito,1,1850.85,0.0
PED02429,2025-08-25,Notebook,Eletrônicos,Itapipoca,Interior,Site,Boleto,2,4716.68,0.0
PED05779,2025-08-25,Notebook,Eletrônicos,Juazeiro do Norte,Interior,Loja Física,Boleto,1,4469.35,0.05
PED00679,2025-08-25,Monitor,Eletrônicos,Fortaleza,Fortaleza,Marketplace,Cartão de Crédito,4,938.64,0.05
PED05294,2025-08-25,Cadeira Gamer,Móveis,Caucaia,Região Metropolitana,Loja Física,Boleto,1,1004.04,0.0
PED05375,2025-08-25,Teclado,Acessórios,Caucaia,Região Metropolitana,Marketplace,PIX,1,106.37,0.05
PED03744,2025-08-25,Monitor,Eletrônicos,Juazeiro do Norte,Interior,Loja Física,PIX,1,1547.29,0.1
PED07754,2025-08-25,Caixa de Som,Áudio,Fortaleza,Fortaleza,Site,Cartão de Débito,1,692.79,0.1
PED01208,2025-08-25,Smartphone,Eletrônicos,Sobral,Interior,Loja Física,Cartão de Débito,1,2433.87,0.0
PED05233,2025-08-25,Impressora,Informática,Fortaleza,Fortaleza,Marketplace,Cartão de Débito,1,570.81,0.0
PED04424,2025-08-25,Mesa Escritório,Móveis,Fortaleza,Fortaleza,Loja Física,Cartão de Débito,2,763.54,0.1
PED03954,2025-08-25,Memória RAM,Informática,Maracanaú,Região Metropolitana,Marketplace,PIX,2,446.25,0.1
PED04850,2025-08-25,Teclado,Acessórios,Fortaleza,Fortaleza,Loja Física,Cartão de Débito,2,180.91,0.1
PED03757,2025-08-25,Mouse,Acessórios,Juazeiro do Norte,Interior,Marketplace,Boleto,1,192.75,0.0
PED03249,2025-08-25,Caixa de Som,Áudio,Fortaleza,Fortaleza,Marketplace,Cartão de Crédito,1,450.08,0.0
PED00642,2025-08-25,Smartphone,Eletrônicos,Juazeiro do Norte,Interior,Marketplace,Boleto,3,1582.06,0.0
PED08386,2025-08-25,Mesa Escritório,Móveis,Fortaleza,Fortaleza,Site,Cartão de Débito,4,832.82,0.0
PED03489,2025-08-25,Memória RAM,Informática,Sobral,Interior,Site,Cartão de Crédito,1,262.18,0.05
PED09051,2025-08-26,Webcam,Acessórios,Fortaleza,Fortaleza,Site,Cartão de Débito,1,299.18,0.0
PED04101,2025-08-26,Mesa Escritório,Móveis,Fortaleza,Fortaleza,Site,Boleto,2,552.93,0.1
PED06172,2025-08-26,Caixa de Som,Áudio,Fortaleza,Fortaleza,Site,PIX,2,534.34,0.0
PED09870,2025-08-26,Headset,Acessórios,Maracanaú,Região Metropolitana,Loja Física,Cartão de Crédito,1,481.69,0.1
PED06764,2025-08-26,Headset,Acessórios,Fortaleza,Fortaleza,Loja Física,Cartão de Débito,2,444.24,0.05
PED05014,2025-08-26,SSD 1TB,Informática,Fortaleza,Fortaleza,Marketplace,PIX,1,535.97,0.05
PED08072,2025-08-26,Cadeira Gamer,Móveis,Caucaia,Região Metropolitana,Marketplace,Cartão de Débito,1,1457.87,0.1
PED07854,2025-08-26,SSD 1TB,Informática,Caucaia,Região Metropolitana,Loja Física,Cartão de Débito,1,627.83,0.05
PED03676,2025-08-26,Mouse,Acessórios,Caucaia,Região Metropolitana,Loja Física,Cartão de Débito,1,181.76,0.1
PED01266,2025-08-26,Monitor,Eletrônicos,Itapipoca,Interior,Loja Física,Cartão de Crédito,1,1611.03,0.05
PED00099,2025-08-26,Webcam,Acessórios,Caucaia,Região Metropolitana,Site,Cartão de Débito,1,527.73,0.0
PED05062,2025-08-26,Headset,Acessórios,Fortaleza,Fortaleza,Marketplace,PIX,3,236.54,0.0
PED02140,2025-08-26,Impressora,Informática,Maracanaú,Região Metropolitana,Marketplace,Cartão de Crédito,1,1645.8,0.0
PED09719,2025-08-26,Impressora,Informática,Maracanaú,Região Metropolitana,Site,PIX,1,1667.65,0.1
PED04376,2025-08-26,Mesa Escritório,Móveis,Fortaleza,Fortaleza,Loja Física,Boleto,1,1089.39,0.05
PED05008,2025-08-26,Fone Bluetooth,Áudio,Juazeiro do Norte,Interior,Site,Boleto,4,282.22,0.05
PED07506,2025-08-26,Mesa Escritório,Móveis,Fortaleza,Fortaleza,Loja Física,Boleto,1,1261.93,0.1
PED04190,2025-08-26,Impressora,Informática,Fortaleza,Fortaleza,Site,Cartão de Débito,3,1210.49,0.0
PED04935,2025-08-26,Memória RAM,Informática,Juazeiro do Norte,Interior,Marketplace,Cartão de Débito,1,441.39,0.0
PED00145,2025-08-27,Mesa Escritório,Móveis,Maracanaú,Região Metropolitana,Site,Cartão de Crédito,1,1356.94,0.1
PED03387,2025-08-27,Roteador,Informática,Fortaleza,Fortaleza,Loja Física,Boleto,2,432.99,0.05
PED06838,2025-08-27,Teclado,Acessórios,Fortaleza,Fortaleza,Marketplace,PIX,3,387.2,0.1
PED09064,2025-08-27,Webcam,Acessórios,Itapipoca,Interior,Loja Física,PIX,1,633.8,0.0
PED08512,2025-08-27,Headset,Acessórios,Caucaia,Região Metropolitana,Loja Física,PIX,2,306.39,0.0
PED04153,2025-08-27,Monitor,Eletrônicos,Fortaleza,Fortaleza,Loja Física,Boleto,1,1680.69,0.0
PED01788,2025-08-27,Cadeira Gamer,Móveis,Juazeiro do Norte,Interior,Loja Física,PIX,1,1761.32,0.1
PED00868,2025-08-27,Headset,Acessórios,Fortaleza,Fortaleza,Site,Boleto,2,218.12,0.0
PED03520,2025-08-27,Mesa Escritório,Móveis,Maracanaú,Região Metropolitana,Loja Física,PIX,2,1225.41,0.05
PED01493,2025-08-27,Webcam,Acessórios,Maracanaú,Região Metropolitana,Loja Física,Boleto,1,266.17,0.05
PED05312,2025-08-27,Caixa de Som,Áudio,Itapipoca,Interior,Marketplace,Cartão de Débito,1,210.11,0.1
PED00620,2025-08-27,Mouse,Acessórios,Fortaleza,Fortaleza,Loja Física,Cartão de Crédito,2,43.83,0.05
PED06073,2025-08-27,Impressora,Informática,Maracanaú,Região Metropolitana,Site,Cartão de Crédito,1,1498.67,0.0
PED04834,2025-08-28,Notebook,Eletrônicos,Caucaia,Região Metropolitana,Site,Boleto,4,4432.55,0.05
PED09797,2025-08-28,SSD 1TB,Informática,Itapipoca,Interior,Loja Física,PIX,1,510.42,0.0
PED01808,2025-08-28,SSD 1TB,Informática,Fortaleza,Fortaleza,Site,Boleto,1,571.12,0.15
PED09782,2025-08-28,Webcam,Acessórios,Maracanaú,Região Metropolitana,Site,Cartão de Débito,1,479.43,0.0
PED09764,2025-08-28,SSD 1TB,Informática,Itapipoca,Interior,Site,Cartão de Débito,2,474.26,0.1
PED00360,2025-08-28,Fone Bluetooth,Áudio,Maracanaú,Região Metropolitana,Site,PIX,1,481.11,0.05
PED07423,2025-08-28,Cadeira Gamer,Móveis,Itapipoca,Interior,Loja Física,Cartão de Crédito,2,1165.21,0.0
PED00662,2025-08-28,Mesa Escritório,Móveis,Caucaia,Região Metropolitana,Loja Física,Cartão de Débito,1,629.39,0.0
PED01538,2025-08-28,SSD 1TB,Informática,Itapipoca,Interior,Marketplace,PIX,1,435.76,0.15
PED06089,2025-08-28,Headset,Acessórios,Juazeiro do Norte,Interior,Loja Física,Boleto,2,323.89,0.05
PED05653,2025-08-28,SSD 1TB,Informática,Juazeiro do Norte,Interior,Loja Física,PIX,3,490.86,0.0
PED03256,2025-08-28,Headset,Acessórios,Itapipoca,Interior,Loja Física,Boleto,4,389.41,0.0
PED08276,2025-08-28,Cadeira Gamer,Móveis,Fortaleza,Fortaleza,Loja Física,Boleto,2,1915.65,0.1
PED06445,2025-08-28,Impressora,Informática,Juazeiro do Norte,Interior,Marketplace,PIX,1,1746.4,0.05
PED09572,2025-08-28,Mouse,Acessórios,Sobral,Interior,Site,Cartão de Crédito,1,121.89,0.05
PED05201,2025-08-28,Cadeira Gamer,Móveis,Sobral,Interior,Loja Física,PIX,1,1850.9,0.0
PED01020,2025-08-28,Caixa de Som,Áudio,Maracanaú,Região Metropolitana,Site,Cartão de Débito,1,125.76,0.05
PED04514,2025-08-28,SSD 1TB,Informática,Juazeiro do Norte,Interior,Marketplace,Cartão de Débito,1,538.75,0.05
PED02900,2025-08-28,Caixa de Som,Áudio,Caucaia,Região Metropolitana,Site,PIX,2,357.42,0.0
PED09441,2025-08-28,Fone Bluetooth,Áudio,Fortaleza,Fortaleza,Site,Cartão de Crédito,2,523.76,0.15
PED01964,2025-08-29,Mouse,Acessórios,Fortaleza,Fortaleza,Site,Cartão de Débito,2,94.74,0.0
PED03322,2025-08-29,Roteador,Informática,Maracanaú,Região Metropolitana,Loja Física,Cartão de Débito,2,502.75,0.0
PED00061,2025-08-29,Impressora,Informática,Maracanaú,Região Metropolitana,Marketplace,Cartão de Débito,1,830.8,0.1
PED00962,2025-08-29,Smartphone,Eletrônicos,Sobral,Interior,Loja Física,PIX,3,4497.34,0.0
PED01382,2025-08-29,Fone Bluetooth,Áudio,Fortaleza,Fortaleza,Marketplace,Cartão de Débito,1,548.36,0.15
PED01844,2025-08-29,Fone Bluetooth,Áudio,Caucaia,Região Metropolitana,Site,Cartão de Débito,1,233.94,0.0
PED01248,2025-08-29,Mesa Escritório,Móveis,Itapipoca,Interior,Site,PIX,2,683.77,0.05
PED03477,2025-08-29,Notebook,Eletrônicos,Caucaia,Região Metropolitana,Site,Cartão de Débito,3,4218.19,0.0
PED08314,2025-08-29,Monitor,Eletrônicos,Fortaleza,Fortaleza,Loja Física,Boleto,3,1739.07,0.0
PED08341,2025-08-29,Fone Bluetooth,Áudio,Fortaleza,Fortaleza,Loja Física,Cartão de Crédito,2,608.81,0.1
PED02864,2025-08-29,Impressora,Informática,Fortaleza,Fortaleza,Loja Física,Boleto,1,992.86,0.15
PED01706,2025-08-29,Headset,Acessórios,Sobral,Interior,Site,Cartão de Débito,1,125.44,0.0
PED05382,2025-08-29,Headset,Acessórios,Caucaia,Região Metropolitana,Loja Física,PIX,1,295.27,0.0
PED02171,2025-08-30,Monitor,Eletrônicos,Fortaleza,Fortaleza,Site,PIX,1,757.51,0.05
PED09241,2025-08-30,SSD 1TB,Informática,Fortaleza,Fortaleza,Site,Cartão de Débito,1,623.16,0.0
PED04503,2025-08-30,Webcam,Acessórios,Sobral,Interior,Site,Cartão de Crédito,1,435.02,0.0
PED05092,2025-08-30,Roteador,Informática,Maracanaú,Região Metropolitana,Loja Física,PIX,1,340.81,0.15
PED03084,2025-08-30,Roteador,Informática,Sobral,Interior,Loja Física,Boleto,3,478.97,0.1
PED05189,2025-08-30,Smartphone,Eletrônicos,Fortaleza,Fortaleza,Site,Boleto,3,957.87,0.0
PED06773,2025-08-30,Mesa Escritório,Móveis,Sobral,Interior,Site,Boleto,1,717.77,0.05
PED09848,2025-08-30,Cadeira Gamer,Móveis,Fortaleza,Fortaleza,Site,Boleto,2,1210.76,0.0
PED01495,2025-08-30,Mesa Escritório,Móveis,Maracanaú,Região Metropolitana,Site,Boleto,1,1265.2,0.0
PED07947,2025-08-30,Roteador,Informática,Fortaleza,Fortaleza,Marketplace,Cartão de Crédito,1,433.04,0.0
PED00193,2025-08-30,Fone Bluetooth,Áudio,Fortaleza,Fortaleza,Site,PIX,1,293.7,0.0
PED03873,2025-08-30,Notebook,Eletrônicos,Itapipoca,Interior,Site,Cartão de Crédito,1,3583.56,0.0
PED06931,2025-08-30,SSD 1TB,Informática,Fortaleza,Fortaleza,Site,Boleto,1,620.78,0.0
PED00892,2025-08-30,Mouse,Acessórios,Sobral,Interior,Site,Cartão de Crédito,1,69.53,0.0
PED00918,2025-08-30,Webcam,Acessórios,Sobral,Interior,Marketplace,Boleto,1,646.25,0.15
PED02552,2025-08-30,Notebook,Eletrônicos,Fortaleza,Fortaleza,Marketplace,Cartão de Débito,1,6442.32,0.0
PED05924,2025-08-31,Notebook,Eletrônicos,Sobral,Interior,Site,Boleto,1,4943.6,0.0
PED08585,2025-08-31,Memória RAM,Informática,Fortaleza,Fortaleza,Loja Física,Cartão de Débito,4,338.68,0.0
PED02351,2025-08-31,Roteador,Informática,Caucaia,Região Metropolitana,Loja Física,PIX,1,575.04,0.05
PED02184,2025-08-31,Teclado,Acessórios,Maracanaú,Região Metropolitana,Loja Física,PIX,2,373.74,0.0
PED03922,2025-08-31,Fone Bluetooth,Áudio,Juazeiro do Norte,Interior,Site,Cartão de Débito,1,430.82,0.0
PED01005,2025-08-31,Caixa de Som,Áudio,Juazeiro do Norte,Interior,Site,Boleto,1,764.55,0.0
PED09410,2025-08-31,Caixa de Som,Áudio,Caucaia,Região Metropolitana,Marketplace,PIX,1,210.47,0.1
PED06568,2025-08-31,Teclado,Acessórios,Maracanaú,Região Metropolitana,Marketplace,Cartão de Débito,3,395.89,0.0
PED00348,2025-08-31,Caixa de Som,Áudio,Sobral,Interior,Loja Física,Cartão de Débito,1,702.73,0.15
PED08146,2025-08-31,Caixa de Som,Áudio,Caucaia,Região Metropolitana,Site,Cartão de Crédito,1,120.54,0.0
PED06405,2025-08-31,Notebook,Eletrônicos,Caucaia,Região Metropolitana,Site,Boleto,2,3458.15,0.05
PED00030,2025-08-31,Memória RAM,Informática,Sobral,Interior,Loja Física,Boleto,3,344.26,0.1
PED02983,2025-08-31,Webcam,Acessórios,Itapipoca,Interior,Site,Boleto,1,196.65,0.0
PED03025,2025-08-31,Roteador,Informática,Maracanaú,Região Metropolitana,Marketplace,Cartão de Crédito,1,258.49,0.0
PED00219,2025-08-31,Memória RAM,Informática,Fortaleza,Fortaleza,Site,PIX,4,294.36,0.1
PED04436,2025-08-31,Headset,Acessórios,Fortaleza,Fortaleza,Marketplace,Cartão de Crédito,1,104.04,0.0
PED04430,2025-09-01,Cadeira Gamer,Móveis,Fortaleza,Fortaleza,Loja Física,Cartão de Débito,4,1397.09,0.0
PED03404,2025-09-01,Headset,Acessórios,Fortaleza,Fortaleza,Loja Física,Cartão de Crédito,2,207.46,0.05
PED08788,2025-09-01,Impressora,Informática,Fortaleza,Fortaleza,Site,Cartão de Crédito,4,705.9,0.0
PED09274,2025-09-01,Cadeira Gamer,Móveis,Fortaleza,Fortaleza,Marketplace,Cartão de Crédito,1,1029.89,0.05
PED04195,2025-09-01,Monitor,Eletrônicos,Fortaleza,Fortaleza,Marketplace,Boleto,2,1523.44,0.0
PED05781,2025-09-01,SSD 1TB,Informática,Sobral,Interior,Site,Cartão de Crédito,1,443.33,0.0
PED03734,2025-09-01,Mouse,Acessórios,Juazeiro do Norte,Interior,Marketplace,Boleto,1,81.2,0.1
PED00147,2025-09-01,Smartphone,Eletrônicos,Maracanaú,Região Metropolitana,Marketplace,Cartão de Débito,1,956.81,0.0
PED07195,2025-09-01,Webcam,Acessórios,Fortaleza,Fortaleza,Site,PIX,3,664.2,0.0
PED03735,2025-09-01,Monitor,Eletrônicos,Fortaleza,Fortaleza,Marketplace,PIX,1,872.27,0.1
PED09720,2025-09-01,Monitor,Eletrônicos,Caucaia,Região Metropolitana,Marketplace,Boleto,1,679.29,0.1
PED04916,2025-09-01,Caixa de Som,Áudio,Sobral,Interior,Marketplace,Boleto,1,340.28,0.0
PED05005,2025-09-02,Fone Bluetooth,Áudio,Maracanaú,Região Metropolitana,Loja Física,Cartão de Crédito,1,546.45,0.05
PED07780,2025-09-02,Webcam,Acessórios,Fortaleza,Fortaleza,Site,PIX,2,130.71,0.0
PED00790,2025-09-02,Teclado,Acessórios,Fortaleza,Fortaleza,Loja Física,PIX,1,296.58,0.0
PED06714,2025-09-02,Smartphone,Eletrônicos,Fortaleza,Fortaleza,Marketplace,Cartão de Crédito,1,1849.04,0.0
PED02738,2025-09-02,Impressora,Informática,Fortaleza,Fortaleza,Site,Boleto,1,1063.89,0.0
PED08508,2025-09-02,Monitor,Eletrônicos,Fortaleza,Fortaleza,Site,Cartão de Crédito,1,949.12,0.0
PED00635,2025-09-02,Fone Bluetooth,Áudio,Fortaleza,Fortaleza,Site,PIX,2,455.22,0.1
PED00779,2025-09-02,Monitor,Eletrônicos,Fortaleza,Fortaleza,Site,Boleto,1,728.74,0.15
PED06518,2025-09-02,Notebook,Eletrônicos,Fortaleza,Fortaleza,Site,PIX,1,5192.29,0.05
PED06065,2025-09-02,Monitor,Eletrônicos,Fortaleza,Fortaleza,Marketplace,PIX,1,1367.69,0.0
PED07267,2025-09-02,Smartphone,Eletrônicos,Juazeiro do Norte,Interior,Site,PIX,1,4113.02,0.0
PED04456,2025-09-02,SSD 1TB,Informática,Juazeiro do Norte,Interior,Site,Cartão de Débito,1,522.2,0.0
PED03026,2025-09-02,Memória RAM,Informática,Sobral,Interior,Marketplace,Cartão de Crédito,2,158.68,0.0
PED07279,2025-09-02,Mesa Escritório,Móveis,Maracanaú,Região Metropolitana,Loja Física,PIX,1,543.06,0.0
PED05360,2025-09-02,Notebook,Eletrônicos,Maracanaú,Região Metropolitana,Site,Cartão de Débito,1,3569.38,0.0
PED07210,2025-09-02,Fone Bluetooth,Áudio,Maracanaú,Região Metropolitana,Marketplace,Cartão de Crédito,4,455.52,0.1
PED01584,2025-09-03,Caixa de Som,Áudio,Fortaleza,Fortaleza,Loja Física,Boleto,3,756.0,0.0
PED04795,2025-09-03,Mesa Escritório,Móveis,Fortaleza,Fortaleza,Marketplace,PIX,2,1086.03,0.0
PED01987,2025-09-03,Monitor,Eletrônicos,Sobral,Interior,Loja Física,Cartão de Débito,2,1856.43,0.0
PED03525,2025-09-03,Mesa Escritório,Móveis,Sobral,Interior,Site,Cartão de Débito,1,609.09,0.05
PED03307,2025-09-03,SSD 1TB,Informática,Itapipoca,Interior,Loja Física,Cartão de Crédito,1,384.45,0.0
PED00098,2025-09-03,Teclado,Acessórios,Maracanaú,Região Metropolitana,Loja Física,PIX,1,129.48,0.0
PED01972,2025-09-03,Fone Bluetooth,Áudio,Juazeiro do Norte,Interior,Marketplace,Boleto,1,625.53,0.1
PED08683,2025-09-03,Memória RAM,Informática,Fortaleza,Fortaleza,Site,Boleto,2,541.06,0.1
PED06141,2025-09-03,Smartphone,Eletrônicos,Sobral,Interior,Marketplace,PIX,1,3572.22,0.0
PED02674,2025-09-03,Roteador,Informática,Fortaleza,Fortaleza,Site,Boleto,1,239.95,0.0
PED08043,2025-09-03,Cadeira Gamer,Móveis,Caucaia,Região Metropolitana,Site,Cartão de Crédito,1,972.28,0.0
PED05856,2025-09-03,Fone Bluetooth,Áudio,Fortaleza,Fortaleza,Site,PIX,3,505.15,0.0
PED00253,2025-09-03,Mouse,Acessórios,Juazeiro do Norte,Interior,Loja Física,PIX,2,214.16,0.0
PED08726,2025-09-03,SSD 1TB,Informática,Fortaleza,Fortaleza,Loja Física,Boleto,2,501.07,0.05
PED04655,2025-09-03,Mouse,Acessórios,Juazeiro do Norte,Interior,Loja Física,Boleto,1,48.16,0.0
PED07114,2025-09-03,Webcam,Acessórios,Maracanaú,Região Metropolitana,Site,Boleto,2,203.26,0.0
PED05604,2025-09-03,Notebook,Eletrônicos,Caucaia,Região Metropolitana,Marketplace,Cartão de Débito,2,5214.16,0.0
PED02035,2025-09-04,Smartphone,Eletrônicos,Sobral,Interior,Loja Física,Boleto,2,3380.39,0.0
PED06587,2025-09-04,Webcam,Acessórios,Sobral,Interior,Site,Cartão de Débito,1,637.6,0.1
PED00458,2025-09-04,Fone Bluetooth,Áudio,Maracanaú,Região Metropolitana,Loja Física,Boleto,1,456.5,0.0
PED04741,2025-09-04,Notebook,Eletrônicos,Itapipoca,Interior,Site,Cartão de Débito,1,6088.29,0.0
PED04963,2025-09-04,Mouse,Acessórios,Itapipoca,Interior,Loja Física,Cartão de Crédito,3,103.49,0.0
PED04929,2025-09-04,Webcam,Acessórios,Juazeiro do Norte,Interior,Marketplace,PIX,2,557.93,0.0
PED09462,2025-09-04,Teclado,Acessórios,Caucaia,Região Metropolitana,Loja Física,Cartão de Crédito,2,171.61,0.0
PED07080,2025-09-04,Impressora,Informática,Itapipoca,Interior,Site,Boleto,1,1275.18,0.1
PED08773,2025-09-04,SSD 1TB,Informática,Sobral,Interior,Loja Física,PIX,1,298.66,0.1
PED00087,2025-09-04,Teclado,Acessórios,Fortaleza,Fortaleza,Marketplace,Boleto,2,315.44,0.0
PED09036,2025-09-04,Webcam,Acessórios,Fortaleza,Fortaleza,Marketplace,Cartão de Crédito,2,343.28,0.0
PED06465,2025-09-04,Cadeira Gamer,Móveis,Juazeiro do Norte,Interior,Marketplace,PIX,1,690.38,0.15
PED05343,2025-09-04,Mouse,Acessórios,Maracanaú,Região Metropolitana,Loja Física,Cartão de Débito,1,222.55,0.1
PED03127,2025-09-04,Smartphone,Eletrônicos,Fortaleza,Fortaleza,Site,Cartão de Crédito,4,3820.71,0.05
PED08624,2025-09-04,Impressora,Informática,Caucaia,Região Metropolitana,Site,PIX,1,1290.26,0.15
PED07021,2025-09-04,Caixa de Som,Áudio,Sobral,Interior,Loja Física,Cartão de Crédito,2,106.72,0.0
PED02100,2025-09-05,Caixa de Som,Áudio,Fortaleza,Fortaleza,Site,PIX,2,655.67,0.0
PED09570,2025-09-05,Mesa Escritório,Móveis,Itapipoca,Interior,Marketplace,Cartão de Débito,2,1285.83,0.0
PED00198,2025-09-05,SSD 1TB,Informática,Maracanaú,Região Metropolitana,Marketplace,Cartão de Crédito,1,387.77,0.0
PED08323,2025-09-05,Smartphone,Eletrônicos,Fortaleza,Fortaleza,Site,Cartão de Crédito,2,4422.42,0.0
PED04701,2025-09-05,Memória RAM,Informática,Fortaleza,Fortaleza,Loja Física,Boleto,2,339.89,0.05
PED03460,2025-09-05,Cadeira Gamer,Móveis,Fortaleza,Fortaleza,Loja Física,Boleto,3,1601.58,0.1
PED07457,2025-09-05,SSD 1TB,Informática,Itapipoca,Interior,Marketplace,PIX,1,618.21,0.0
PED03557,2025-09-05,Roteador,Informática,Sobral,Interior,Loja Física,PIX,1,236.29,0.05
PED03542,2025-09-05,Caixa de Som,Áudio,Fortaleza,Fortaleza,Marketplace,Boleto,1,222.31,0.0
PED06456,2025-09-05,Headset,Acessórios,Itapipoca,Interior,Marketplace,Cartão de Débito,1,198.36,0.1
PED02400,2025-09-05,Cadeira Gamer,Móveis,Caucaia,Região Metropolitana,Site,Cartão de Débito,1,1726.3,0.1
PED04420,2025-09-05,Webcam,Acessórios,Caucaia,Região Metropolitana,Site,Boleto,1,553.49,0.0
PED08604,2025-09-05,Roteador,Informática,Fortaleza,Fortaleza,Site,Cartão de Crédito,1,566.79,0.05
PED08815,2025-09-05,Teclado,Acessórios,Juazeiro do Norte,Interior,Loja Física,Boleto,1,387.1,0.0
PED00231,2025-09-05,Monitor,Eletrônicos,Itapipoca,Interior,Site,PIX,1,984.34,0.0
PED04506,2025-09-05,Fone Bluetooth,Áudio,Sobral,Interior,Marketplace,Boleto,2,331.38,0.0
PED05300,2025-09-05,Teclado,Acessórios,Fortaleza,Fortaleza,Site,Cartão de Débito,4,206.6,0.1
PED06861,2025-09-05,Smartphone,Eletrônicos,Sobral,Interior,Marketplace,PIX,1,2277.43,0.0
PED08014,2025-09-05,Mouse,Acessórios,Fortaleza,Fortaleza,Site,PIX,1,101.24,0.1
PED09001,2025-09-05,Headset,Acessórios,Fortaleza,Fortaleza,Loja Física,Boleto,1,455.05,0.15
PED04058,2025-09-05,Notebook,Eletrônicos,Fortaleza,Fortaleza,Loja Física,PIX,2,5793.05,0.05
PED00245,2025-09-06,Impressora,Informática,Itapipoca,Interior,Loja Física,PIX,2,788.48,0.0
PED09748,2025-09-06,Caixa de Som,Áudio,Fortaleza,Fortaleza,Marketplace,Cartão de Crédito,1,270.68,0.05
PED04131,2025-09-06,Memória RAM,Informática,Maracanaú,Região Metropolitana,Loja Física,Cartão de Débito,1,522.57,0.0
PED03469,2025-09-06,Smartphone,Eletrônicos,Fortaleza,Fortaleza,Loja Física,Boleto,1,3052.14,0.0
PED09560,2025-09-06,Mouse,Acessórios,Caucaia,Região Metropolitana,Site,Boleto,2,262.28,0.1
PED07088,2025-09-06,Mouse,Acessórios,Itapipoca,Interior,Loja Física,Cartão de Crédito,1,229.25,0.15
PED01338,2025-09-06,Mouse,Acessórios,Itapipoca,Interior,Marketplace,Cartão de Crédito,2,220.69,0.0
PED03161,2025-09-06,Impressora,Informática,Itapipoca,Interior,Site,Cartão de Débito,1,771.68,0.1
PED09132,2025-09-06,Smartphone,Eletrônicos,Caucaia,Região Metropolitana,Marketplace,Cartão de Crédito,1,3002.97,0.05
PED06873,2025-09-06,Mouse,Acessórios,Sobral,Interior,Loja Física,Boleto,2,115.65,0.0
PED05398,2025-09-06,Cadeira Gamer,Móveis,Fortaleza,Fortaleza,Loja Física,PIX,1,760.91,0.0
PED04603,2025-09-06,Monitor,Eletrônicos,Caucaia,Região Metropolitana,Site,PIX,1,1632.95,0.0
PED04377,2025-09-06,Fone Bluetooth,Áudio,Fortaleza,Fortaleza,Loja Física,Boleto,3,100.55,0.05
PED01677,2025-09-06,Monitor,Eletrônicos,Itapipoca,Interior,Site,Cartão de Crédito,2,1457.61,0.15
PED03779,2025-09-06,Mesa Escritório,Móveis,Juazeiro do Norte,Interior,Marketplace,PIX,1,918.78,0.0
PED04381,2025-09-06,Cadeira Gamer,Móveis,Fortaleza,Fortaleza,Site,PIX,1,936.66,0.05
PED00063,2025-09-07,Roteador,Informática,Fortaleza,Fortaleza,Loja Física,PIX,2,552.77,0.0
PED06825,2025-09-07,Mesa Escritório,Móveis,Fortaleza,Fortaleza,Loja Física,Cartão de Débito,1,875.49,0.15
PED08399,2025-09-07,Cadeira Gamer,Móveis,Maracanaú,Região Metropolitana,Marketplace,PIX,4,2013.59,0.15
PED06609,2025-09-07,Webcam,Acessórios,Fortaleza,Fortaleza,Site,PIX,1,123.75,0.0
PED03251,2025-09-07,Impressora,Informática,Maracanaú,Região Metropolitana,Loja Física,Cartão de Débito,1,1323.74,0.0
PED06740,2025-09-07,SSD 1TB,Informática,Fortaleza,Fortaleza,Site,Cartão de Crédito,1,360.56,0.0
PED04537,2025-09-07,Caixa de Som,Áudio,Juazeiro do Norte,Interior,Marketplace,Boleto,1,308.49,0.1
PED04982,2025-09-07,Impressora,Informática,Fortaleza,Fortaleza,Loja Física,Cartão de Débito,1,1034.31,0.0
PED08012,2025-09-07,Caixa de Som,Áudio,Caucaia,Região Metropolitana,Marketplace,Boleto,1,574.05,0.1
PED05052,2025-09-07,Caixa de Som,Áudio,Caucaia,Região Metropolitana,Marketplace,Boleto,1,736.85,0.15
PED08273,2025-09-07,Impressora,Informática,Maracanaú,Região Metropolitana,Marketplace,Cartão de Débito,1,1638.2,0.0
PED02397,2025-09-07,Roteador,Informática,Juazeiro do Norte,Interior,Site,Cartão de Débito,3,224.46,0.0
PED07985,2025-09-07,Fone Bluetooth,Áudio,Caucaia,Região Metropolitana,Loja Física,Cartão de Débito,1,423.04,0.0
PED00522,2025-09-07,Headset,Acessórios,Caucaia,Região Metropolitana,Loja Física,Cartão de Débito,3,265.43,0.05
PED07649,2025-09-08,Smartphone,Eletrônicos,Fortaleza,Fortaleza,Marketplace,Cartão de Débito,1,2357.74,0.0
PED03948,2025-09-08,Caixa de Som,Áudio,Caucaia,Região Metropolitana,Site,Boleto,1,604.61,0.0
PED09846,2025-09-08,Caixa de Som,Áudio,Fortaleza,Fortaleza,Loja Física,Boleto,2,373.47,0.0
PED03680,2025-09-08,Fone Bluetooth,Áudio,Sobral,Interior,Loja Física,PIX,1,405.67,0.1
PED00843,2025-09-08,Impressora,Informática,Juazeiro do Norte,Interior,Loja Física,PIX,1,1505.9,0.0
PED01108,2025-09-08,Webcam,Acessórios,Itapipoca,Interior,Site,Cartão de Crédito,1,471.39,0.05
PED04754,2025-09-08,Smartphone,Eletrônicos,Fortaleza,Fortaleza,Loja Física,Boleto,1,2649.45,0.0
PED08678,2025-09-08,Notebook,Eletrônicos,Sobral,Interior,Site,Cartão de Débito,1,6295.97,0.05
PED03078,2025-09-08,Mesa Escritório,Móveis,Juazeiro do Norte,Interior,Marketplace,Cartão de Crédito,1,643.56,0.0
PED04044,2025-09-08,Smartphone,Eletrônicos,Fortaleza,Fortaleza,Marketplace,PIX,2,3397.71,0.0
PED02192,2025-09-08,Notebook,Eletrônicos,Fortaleza,Fortaleza,Site,Cartão de Débito,1,4815.47,0.0
PED04466,2025-09-08,Memória RAM,Informática,Caucaia,Região Metropolitana,Marketplace,Cartão de Débito,3,424.26,0.0
PED08631,2025-09-08,Memória RAM,Informática,Maracanaú,Região Metropolitana,Loja Física,Boleto,3,234.98,0.1
PED07769,2025-09-08,Monitor,Eletrônicos,Caucaia,Região Metropolitana,Marketplace,Boleto,1,1473.14,0.1
PED03347,2025-09-08,Impressora,Informática,Caucaia,Região Metropolitana,Loja Física,Boleto,1,1171.49,0.1
PED09381,2025-09-08,Mouse,Acessórios,Sobral,Interior,Loja Física,PIX,2,62.83,0.0
PED05285,2025-09-08,Fone Bluetooth,Áudio,Caucaia,Região Metropolitana,Site,PIX,1,624.62,0.15
PED04534,2025-09-08,Monitor,Eletrônicos,Caucaia,Região Metropolitana,Site,Cartão de Crédito,1,737.91,0.05
PED04120,2025-09-09,Fone Bluetooth,Áudio,Sobral,Interior,Site,Cartão de Débito,1,521.1,0.05
PED01984,2025-09-09,Impressora,Informática,Fortaleza,Fortaleza,Site,PIX,2,674.32,0.0
PED08324,2025-09-09,Impressora,Informática,Juazeiro do Norte,Interior,Marketplace,Cartão de Crédito,1,559.56,0.05
PED09803,2025-09-09,Smartphone,Eletrônicos,Fortaleza,Fortaleza,Marketplace,Boleto,1,1218.19,0.1
PED09589,2025-09-09,Mesa Escritório,Móveis,Fortaleza,Fortaleza,Marketplace,Cartão de Débito,1,796.7,0.1
PED03264,2025-09-09,Impressora,Informática,Sobral,Interior,Loja Física,Cartão de Crédito,1,798.03,0.0
PED01322,2025-09-09,Monitor,Eletrônicos,Sobral,Interior,Loja Física,Cartão de Crédito,1,1471.19,0.0
PED06720,2025-09-09,Teclado,Acessórios,Itapipoca,Interior,Site,Cartão de Crédito,3,251.39,0.0
PED06680,2025-09-09,Notebook,Eletrônicos,Fortaleza,Fortaleza,Site,Cartão de Crédito,2,3760.28,0.1
PED05860,2025-09-09,Notebook,Eletrônicos,Caucaia,Região Metropolitana,Marketplace,PIX,4,6274.21,0.1
PED02978,2025-09-09,Caixa de Som,Áudio,Caucaia,Região Metropolitana,Loja Física,Cartão de Débito,1,323.25,0.0
PED06882,2025-09-09,Cadeira Gamer,Móveis,Fortaleza,Fortaleza,Loja Física,Boleto,1,1202.48,0.05
PED01246,2025-09-09,Webcam,Acessórios,Maracanaú,Região Metropolitana,Site,Boleto,1,438.62,0.0
PED04652,2025-09-09,Fone Bluetooth,Áudio,Juazeiro do Norte,Interior,Marketplace,Boleto,1,272.88,0.1
PED08766,2025-09-09,Smartphone,Eletrônicos,Fortaleza,Fortaleza,Loja Física,PIX,4,4381.05,0.05
PED06053,2025-09-09,Monitor,Eletrônicos,Fortaleza,Fortaleza,Site,Cartão de Débito,1,1468.92,0.1
PED03635,2025-09-09,SSD 1TB,Informática,Maracanaú,Região Metropolitana,Site,PIX,1,485.71,0.1
PED02962,2025-09-09,Monitor,Eletrônicos,Sobral,Interior,Marketplace,PIX,1,1210.71,0.05
PED09034,2025-09-09,Headset,Acessórios,Fortaleza,Fortaleza,Marketplace,PIX,1,116.34,0.0
PED08551,2025-09-09,Cadeira Gamer,Móveis,Maracanaú,Região Metropolitana,Loja Física,Boleto,1,1869.29,0.0
PED06370,2025-09-10,SSD 1TB,Informática,Sobral,Interior,Marketplace,Cartão de Crédito,2,627.76,0.0
PED01117,2025-09-10,Headset,Acessórios,Itapipoca,Interior,Loja Física,Boleto,2,105.87,0.1
PED00311,2025-09-10,Impressora,Informática,Fortaleza,Fortaleza,Marketplace,PIX,2,652.55,0.0
PED01077,2025-09-10,Monitor,Eletrônicos,Caucaia,Região Metropolitana,Marketplace,Cartão de Débito,2,1787.88,0.05
PED07876,2025-09-10,Smartphone,Eletrônicos,Sobral,Interior,Loja Física,PIX,1,2479.26,0.0
PED04698,2025-09-10,Mesa Escritório,Móveis,Juazeiro do Norte,Interior,Loja Física,PIX,1,1433.21,0.05
PED07229,2025-09-10,Headset,Acessórios,Fortaleza,Fortaleza,Marketplace,Cartão de Crédito,1,213.32,0.0
PED06205,2025-09-10,Mesa Escritório,Móveis,Fortaleza,Fortaleza,Marketplace,Boleto,1,865.44,0.0
PED09335,2025-09-10,Roteador,Informática,Caucaia,Região Metropolitana,Loja Física,Cartão de Débito,2,510.37,0.0
PED01707,2025-09-10,Cadeira Gamer,Móveis,Fortaleza,Fortaleza,Marketplace,Cartão de Crédito,2,799.76,0.15
PED03673,2025-09-10,Notebook,Eletrônicos,Caucaia,Região Metropolitana,Loja Física,Cartão de Crédito,1,5304.13,0.15
PED02472,2025-09-10,Monitor,Eletrônicos,Maracanaú,Região Metropolitana,Site,Cartão de Crédito,1,1548.92,0.0
PED05086,2025-09-10,Caixa de Som,Áudio,Maracanaú,Região Metropolitana,Site,Cartão de Débito,2,487.66,0.05
PED08732,2025-09-11,Webcam,Acessórios,Fortaleza,Fortaleza,Marketplace,Cartão de Crédito,1,247.19,0.0
PED00408,2025-09-11,Mesa Escritório,Móveis,Maracanaú,Região Metropolitana,Marketplace,Cartão de Crédito,1,756.51,0.0
PED05918,2025-09-11,Headset,Acessórios,Fortaleza,Fortaleza,Loja Física,Cartão de Crédito,2,95.26,0.0
PED04574,2025-09-11,Memória RAM,Informática,Caucaia,Região Metropolitana,Loja Física,Cartão de Débito,4,518.93,0.0
PED08999,2025-09-11,Mesa Escritório,Móveis,Juazeiro do Norte,Interior,Loja Física,PIX,2,1118.47,0.1
PED08026,2025-09-11,Monitor,Eletrônicos,Fortaleza,Fortaleza,Marketplace,PIX,4,1877.23,0.0
PED07747,2025-09-11,Smartphone,Eletrônicos,Fortaleza,Fortaleza,Site,PIX,1,1507.59,0.0
PED00608,2025-09-11,Smartphone,Eletrônicos,Maracanaú,Região Metropolitana,Marketplace,Cartão de Débito,3,2495.38,0.0
PED09091,2025-09-11,Smartphone,Eletrônicos,Juazeiro do Norte,Interior,Site,PIX,1,3148.6,0.0
PED00277,2025-09-11,Cadeira Gamer,Móveis,Caucaia,Região Metropolitana,Site,Cartão de Débito,1,890.44,0.1
PED06349,2025-09-11,Headset,Acessórios,Fortaleza,Fortaleza,Loja Física,Boleto,1,115.62,0.0
PED07547,2025-09-12,Impressora,Informática,Juazeiro do Norte,Interior,Loja Física,Cartão de Débito,1,978.58,0.0
PED00049,2025-09-12,Headset,Acessórios,Sobral,Interior,Site,Cartão de Crédito,1,452.19,0.05
PED01950,2025-09-12,Memória RAM,Informática,Fortaleza,Fortaleza,Site,Cartão de Crédito,2,520.42,0.1
PED01482,2025-09-12,Monitor,Eletrônicos,Juazeiro do Norte,Interior,Loja Física,PIX,1,1706.85,0.0
PED06603,2025-09-12,SSD 1TB,Informática,Fortaleza,Fortaleza,Marketplace,Boleto,1,290.34,0.0
PED01650,2025-09-12,Mouse,Acessórios,Itapipoca,Interior,Loja Física,PIX,3,73.27,0.0
PED01693,2025-09-12,Mouse,Acessórios,Fortaleza,Fortaleza,Site,Boleto,2,243.76,0.0
PED02220,2025-09-12,Impressora,Informática,Itapipoca,Interior,Loja Física,Cartão de Crédito,1,596.28,0.0
PED03755,2025-09-12,Impressora,Informática,Juazeiro do Norte,Interior,Loja Física,Boleto,2,1324.05,0.0
PED03759,2025-09-12,SSD 1TB,Informática,Maracanaú,Região Metropolitana,Marketplace,PIX,1,610.02,0.0
PED05871,2025-09-12,Teclado,Acessórios,Fortaleza,Fortaleza,Site,Cartão de Débito,1,179.16,0.15
PED04633,2025-09-12,Notebook,Eletrônicos,Fortaleza,Fortaleza,Site,Boleto,2,5252.68,0.0
PED03760,2025-09-12,Teclado,Acessórios,Fortaleza,Fortaleza,Marketplace,Cartão de Crédito,1,89.18,0.0
PED06819,2025-09-12,Fone Bluetooth,Áudio,Maracanaú,Região Metropolitana,Marketplace,PIX,2,608.25,0.0
PED02979,2025-09-12,Mouse,Acessórios,Fortaleza,Fortaleza,Marketplace,Cartão de Crédito,1,86.33,0.0
PED03763,2025-09-12,Notebook,Eletrônicos,Fortaleza,Fortaleza,Loja Física,Cartão de Débito,1,3516.26,0.0
PED05889,2025-09-12,Impressora,Informática,Fortaleza,Fortaleza,Marketplace,Cartão de Débito,2,1761.04,0.0
PED05418,2025-09-12,SSD 1TB,Informática,Juazeiro do Norte,Interior,Site,Cartão de Crédito,1,409.73,0.0
PED00491,2025-09-12,Cadeira Gamer,Móveis,Itapipoca,Interior,Site,Cartão de Débito,1,1678.75,0.05
PED07041,2025-09-12,Mouse,Acessórios,Fortaleza,Fortaleza,Loja Física,PIX,2,293.9,0.0
PED02014,2025-09-12,Roteador,Informática,Fortaleza,Fortaleza,Loja Física,PIX,1,261.58,0.0
PED02280,2025-09-12,Smartphone,Eletrônicos,Fortaleza,Fortaleza,Site,Cartão de Crédito,2,4494.88,0.05
PED04794,2025-09-12,Mouse,Acessórios,Caucaia,Região Metropolitana,Marketplace,Cartão de Crédito,1,122.96,0.05
PED01839,2025-09-12,SSD 1TB,Informática,Maracanaú,Região Metropolitana,Loja Física,PIX,1,607.23,0.15
PED07180,2025-09-12,SSD 1TB,Informática,Juazeiro do Norte,Interior,Loja Física,PIX,3,516.13,0.0
PED03754,2025-09-13,Impressora,Informática,Fortaleza,Fortaleza,Marketplace,Cartão de Débito,1,947.62,0.0
PED04485,2025-09-13,Cadeira Gamer,Móveis,Maracanaú,Região Metropolitana,Marketplace,PIX,1,729.78,0.1
PED09992,2025-09-13,Headset,Acessórios,Maracanaú,Região Metropolitana,Loja Física,PIX,1,334.72,0.05
PED00650,2025-09-13,SSD 1TB,Informática,Fortaleza,Fortaleza,Loja Física,Cartão de Débito,1,580.1,0.0
PED04648,2025-09-13,Fone Bluetooth,Áudio,Caucaia,Região Metropolitana,Loja Física,PIX,1,394.96,0.0
PED09727,2025-09-13,Headset,Acessórios,Fortaleza,Fortaleza,Marketplace,Boleto,1,114.47,0.0
PED01091,2025-09-13,Roteador,Informática,Fortaleza,Fortaleza,Site,Cartão de Crédito,2,247.99,0.1
PED01182,2025-09-13,Mouse,Acessórios,Fortaleza,Fortaleza,Marketplace,Boleto,2,223.76,0.15
PED06493,2025-09-13,Smartphone,Eletrônicos,Caucaia,Região Metropolitana,Loja Física,PIX,1,1186.42,0.05
PED04907,2025-09-13,Caixa de Som,Áudio,Fortaleza,Fortaleza,Loja Física,Cartão de Débito,1,381.97,0.0
PED06200,2025-09-13,Impressora,Informática,Juazeiro do Norte,Interior,Marketplace,Boleto,2,1146.97,0.0
PED06016,2025-09-13,Impressora,Informática,Fortaleza,Fortaleza,Site,Boleto,2,934.24,0.1
PED02629,2025-09-13,Caixa de Som,Áudio,Sobral,Interior,Site,Cartão de Crédito,1,560.89,0.0
PED00587,2025-09-13,Teclado,Acessórios,Sobral,Interior,Marketplace,Cartão de Débito,1,129.28,0.0
PED09376,2025-09-13,Webcam,Acessórios,Itapipoca,Interior,Loja Física,Cartão de Débito,1,339.14,0.05
PED01749,2025-09-14,Notebook,Eletrônicos,Maracanaú,Região Metropolitana,Loja Física,Cartão de Débito,3,4724.72,0.0
PED08808,2025-09-14,Smartphone,Eletrônicos,Fortaleza,Fortaleza,Site,Cartão de Crédito,1,2636.92,0.1
PED08036,2025-09-14,Roteador,Informática,Sobral,Interior,Site,Cartão de Débito,1,279.17,0.0
PED05117,2025-09-14,Caixa de Som,Áudio,Fortaleza,Fortaleza,Loja Física,Boleto,1,692.33,0.0
PED05764,2025-09-14,Memória RAM,Informática,Fortaleza,Fortaleza,Loja Física,Cartão de Crédito,1,278.93,0.1
PED02739,2025-09-14,SSD 1TB,Informática,Fortaleza,Fortaleza,Site,Cartão de Débito,3,599.4,0.05
PED05310,2025-09-14,Mesa Escritório,Móveis,Maracanaú,Região Metropolitana,Loja Física,Cartão de Débito,1,1326.77,0.1
PED02810,2025-09-14,Caixa de Som,Áudio,Fortaleza,Fortaleza,Loja Física,PIX,1,411.72,0.0
PED04972,2025-09-14,Mesa Escritório,Móveis,Juazeiro do Norte,Interior,Marketplace,PIX,1,1498.15,0.0
PED04292,2025-09-14,Memória RAM,Informática,Juazeiro do Norte,Interior,Site,PIX,1,274.75,0.15
PED03395,2025-09-14,Caixa de Som,Áudio,Fortaleza,Fortaleza,Site,PIX,1,798.38,0.0
PED09048,2025-09-14,Smartphone,Eletrônicos,Itapipoca,Interior,Marketplace,Boleto,1,3568.89,0.05
PED09112,2025-09-14,Mesa Escritório,Móveis,Sobral,Interior,Loja Física,Boleto,1,728.07,0.1
PED01512,2025-09-14,Caixa de Som,Áudio,Caucaia,Região Metropolitana,Marketplace,PIX,1,490.53,0.05
PED04855,2025-09-14,Headset,Acessórios,Fortaleza,Fortaleza,Marketplace,PIX,1,372.16,0.0
PED03488,2025-09-14,Roteador,Informática,Fortaleza,Fortaleza,Loja Física,PIX,1,435.05,0.0
PED04556,2025-09-15,Roteador,Informática,Fortaleza,Fortaleza,Loja Física,Boleto,1,260.28,0.05
PED06187,2025-09-15,Smartphone,Eletrônicos,Fortaleza,Fortaleza,Site,Cartão de Débito,1,3612.86,0.05
PED06507,2025-09-15,Impressora,Informática,Fortaleza,Fortaleza,Marketplace,PIX,1,1093.7,0.05
PED06934,2025-09-15,Roteador,Informática,Juazeiro do Norte,Interior,Loja Física,Cartão de Crédito,1,566.54,0.0
PED06204,2025-09-15,Webcam,Acessórios,Caucaia,Região Metropolitana,Site,Cartão de Débito,1,128.05,0.0
PED03715,2025-09-15,Memória RAM,Informática,Caucaia,Região Metropolitana,Loja Física,Cartão de Débito,2,376.95,0.05
PED05630,2025-09-15,Teclado,Acessórios,Itapipoca,Interior,Marketplace,Cartão de Débito,1,377.5,0.05
PED02161,2025-09-15,Monitor,Eletrônicos,Sobral,Interior,Loja Física,Boleto,1,1225.86,0.0
PED01794,2025-09-15,Cadeira Gamer,Móveis,Fortaleza,Fortaleza,Site,Cartão de Crédito,1,750.21,0.1
PED04504,2025-09-15,Fone Bluetooth,Áudio,Itapipoca,Interior,Site,Cartão de Crédito,1,617.32,0.0
PED07795,2025-09-15,Roteador,Informática,Juazeiro do Norte,Interior,Site,PIX,1,380.45,0.05
PED06136,2025-09-15,Notebook,Eletrônicos,Caucaia,Região Metropolitana,Loja Física,Cartão de Crédito,1,5289.08,0.1
PED06086,2025-09-15,Headset,Acessórios,Juazeiro do Norte,Interior,Site,Boleto,1,293.68,0.15
PED00765,2025-09-15,Smartphone,Eletrônicos,Itapipoca,Interior,Loja Física,PIX,1,985.32,0.05
PED09653,2025-09-15,Mouse,Acessórios,Fortaleza,Fortaleza,Site,Cartão de Débito,2,246.51,0.0
PED02855,2025-09-15,Monitor,Eletrônicos,Maracanaú,Região Metropolitana,Site,PIX,1,1771.62,0.1
PED06852,2025-09-15,Monitor,Eletrônicos,Caucaia,Região Metropolitana,Loja Física,PIX,1,1853.5,0.0
PED07706,2025-09-15,Roteador,Informática,Sobral,Interior,Loja Física,Boleto,1,571.3,0.0
PED02952,2025-09-15,Memória RAM,Informática,Fortaleza,Fortaleza,Marketplace,Cartão de Crédito,1,188.26,0.1
PED05966,2025-09-16,Mesa Escritório,Móveis,Fortaleza,Fortaleza,Site,Boleto,1,939.12,0.1
PED02066,2025-09-16,Mouse,Acessórios,Sobral,Interior,Marketplace,PIX,3,271.45,0.1
PED03895,2025-09-16,Teclado,Acessórios,Sobral,Interior,Loja Física,PIX,1,218.02,0.0
PED09232,2025-09-16,SSD 1TB,Informática,Caucaia,Região Metropolitana,Loja Física,Cartão de Débito,1,509.23,0.1
PED09396,2025-09-16,Impressora,Informática,Maracanaú,Região Metropolitana,Marketplace,PIX,2,1725.46,0.0
PED00754,2025-09-16,Smartphone,Eletrônicos,Fortaleza,Fortaleza,Loja Física,Cartão de Débito,1,1890.78,0.1
PED05253,2025-09-16,Monitor,Eletrônicos,Fortaleza,Fortaleza,Site,PIX,3,1770.82,0.0
PED03139,2025-09-16,Mouse,Acessórios,Caucaia,Região Metropolitana,Site,Cartão de Débito,1,138.27,0.0
PED09590,2025-09-16,Caixa de Som,Áudio,Sobral,Interior,Loja Física,PIX,1,392.27,0.0
PED01024,2025-09-16,Impressora,Informática,Fortaleza,Fortaleza,Marketplace,Boleto,3,552.44,0.05
PED08570,2025-09-16,Mesa Escritório,Móveis,Fortaleza,Fortaleza,Site,Cartão de Crédito,1,980.28,0.0
PED09127,2025-09-16,Headset,Acessórios,Itapipoca,Interior,Loja Física,Boleto,1,457.17,0.0
PED02026,2025-09-16,Roteador,Informática,Juazeiro do Norte,Interior,Loja Física,Cartão de Crédito,1,436.11,0.1
PED02621,2025-09-16,Smartphone,Eletrônicos,Fortaleza,Fortaleza,Loja Física,PIX,1,2316.22,0.0
PED01537,2025-09-16,Cadeira Gamer,Móveis,Caucaia,Região Metropolitana,Marketplace,Cartão de Débito,1,1581.46,0.1
PED00094,2025-09-16,SSD 1TB,Informática,Caucaia,Região Metropolitana,Site,PIX,1,584.18,0.15
PED01282,2025-09-16,Caixa de Som,Áudio,Fortaleza,Fortaleza,Marketplace,Cartão de Crédito,2,158.51,0.0
PED09866,2025-09-17,Monitor,Eletrônicos,Itapipoca,Interior,Site,Boleto,2,816.24,0.15
PED05421,2025-09-17,Roteador,Informática,Fortaleza,Fortaleza,Loja Física,Cartão de Débito,1,413.82,0.0
PED03526,2025-09-17,Headset,Acessórios,Sobral,Interior,Loja Física,Cartão de Crédito,1,309.05,0.0
PED04680,2025-09-17,Smartphone,Eletrônicos,Fortaleza,Fortaleza,Site,Boleto,1,3447.04,0.0
PED06765,2025-09-17,Monitor,Eletrônicos,Maracanaú,Região Metropolitana,Site,Boleto,1,1185.59,0.0
PED02708,2025-09-17,SSD 1TB,Informática,Fortaleza,Fortaleza,Site,Cartão de Débito,1,555.09,0.1
PED02244,2025-09-17,Memória RAM,Informática,Itapipoca,Interior,Site,PIX,1,231.82,0.05
PED00944,2025-09-17,Webcam,Acessórios,Fortaleza,Fortaleza,Site,Cartão de Débito,2,459.63,0.05
PED08742,2025-09-17,Memória RAM,Informática,Fortaleza,Fortaleza,Marketplace,Cartão de Crédito,2,231.12,0.0
PED00570,2025-09-17,Memória RAM,Informática,Caucaia,Região Metropolitana,Site,Cartão de Débito,1,459.68,0.05
PED02404,2025-09-18,Fone Bluetooth,Áudio,Fortaleza,Fortaleza,Loja Física,PIX,1,437.81,0.0
PED01979,2025-09-18,Impressora,Informática,Sobral,Interior,Site,Cartão de Débito,2,555.36,0.05
PED05896,2025-09-18,Caixa de Som,Áudio,Itapipoca,Interior,Marketplace,PIX,1,142.83,0.05
PED06399,2025-09-18,Monitor,Eletrônicos,Maracanaú,Região Metropolitana,Site,PIX,1,867.16,0.1
PED05873,2025-09-18,Cadeira Gamer,Móveis,Fortaleza,Fortaleza,Marketplace,Cartão de Crédito,1,1475.58,0.0
PED09147,2025-09-18,Roteador,Informática,Maracanaú,Região Metropolitana,Site,PIX,1,209.93,0.0
PED06691,2025-09-18,Caixa de Som,Áudio,Sobral,Interior,Site,Cartão de Débito,1,705.95,0.0
PED02437,2025-09-18,Notebook,Eletrônicos,Fortaleza,Fortaleza,Site,PIX,1,4655.22,0.1
PED07791,2025-09-18,Webcam,Acessórios,Juazeiro do Norte,Interior,Marketplace,Cartão de Débito,1,379.72,0.0
PED03769,2025-09-18,Headset,Acessórios,Itapipoca,Interior,Loja Física,Boleto,1,140.63,0.05
PED01856,2025-09-18,Memória RAM,Informática,Caucaia,Região Metropolitana,Marketplace,Cartão de Crédito,1,445.88,0.05
PED07004,2025-09-18,Roteador,Informática,Fortaleza,Fortaleza,Site,PIX,1,303.69,0.1
PED07126,2025-09-18,Webcam,Acessórios,Sobral,Interior,Site,PIX,3,281.27,0.05
PED04985,2025-09-18,Smartphone,Eletrônicos,Maracanaú,Região Metropolitana,Marketplace,Cartão de Crédito,1,3990.41,0.15
PED09940,2025-09-18,Headset,Acessórios,Maracanaú,Região Metropolitana,Marketplace,Boleto,1,118.21,0.0
PED05136,2025-09-19,Impressora,Informática,Fortaleza,Fortaleza,Loja Física,Boleto,2,1384.76,0.0
PED08274,2025-09-19,Caixa de Som,Áudio,Sobral,Interior,Marketplace,Cartão de Crédito,1,103.46,0.15
PED08339,2025-09-19,Monitor,Eletrônicos,Sobral,Interior,Loja Física,Cartão de Crédito,1,1286.9,0.15
PED00904,2025-09-19,Webcam,Acessórios,Fortaleza,Fortaleza,Site,PIX,3,663.07,0.1
PED07928,2025-09-19,Caixa de Som,Áudio,Juazeiro do Norte,Interior,Marketplace,Cartão de Débito,1,304.87,0.05
PED08355,2025-09-19,Monitor,Eletrônicos,Maracanaú,Região Metropolitana,Loja Física,Cartão de Crédito,2,1808.16,0.1
PED07277,2025-09-19,Cadeira Gamer,Móveis,Fortaleza,Fortaleza,Site,PIX,3,1879.23,0.15
PED06519,2025-09-19,Memória RAM,Informática,Sobral,Interior,Marketplace,Cartão de Débito,2,340.32,0.0
PED06591,2025-09-19,Memória RAM,Informática,Fortaleza,Fortaleza,Marketplace,Boleto,1,504.48,0.0
PED08177,2025-09-19,Mesa Escritório,Móveis,Fortaleza,Fortaleza,Marketplace,Cartão de Débito,1,679.54,0.15
PED05262,2025-09-19,Webcam,Acessórios,Itapipoca,Interior,Loja Física,Cartão de Débito,2,319.91,0.0
PED07711,2025-09-19,Teclado,Acessórios,Itapipoca,Interior,Site,PIX,2,309.18,0.05
PED05663,2025-09-19,Memória RAM,Informática,Fortaleza,Fortaleza,Loja Física,Boleto,1,373.89,0.1
PED01172,2025-09-19,Mouse,Acessórios,Fortaleza,Fortaleza,Site,Boleto,1,208.94,0.0
PED06174,2025-09-19,Mesa Escritório,Móveis,Fortaleza,Fortaleza,Loja Física,PIX,1,464.98,0.0
PED05796,2025-09-19,Smartphone,Eletrônicos,Maracanaú,Região Metropolitana,Marketplace,Cartão de Crédito,1,3511.28,0.0
PED08281,2025-09-19,Impressora,Informática,Maracanaú,Região Metropolitana,Site,Cartão de Crédito,1,1518.35,0.1
PED07974,2025-09-19,Caixa de Som,Áudio,Maracanaú,Região Metropolitana,Loja Física,Cartão de Débito,1,660.82,0.1
PED00517,2025-09-19,Webcam,Acessórios,Fortaleza,Fortaleza,Loja Física,Cartão de Débito,1,390.47,0.0
PED05811,2025-09-19,Smartphone,Eletrônicos,Sobral,Interior,Site,Boleto,1,1278.7,0.15
PED01917,2025-09-19,Webcam,Acessórios,Itapipoca,Interior,Site,Cartão de Crédito,3,276.09,0.0
PED00126,2025-09-19,Roteador,Informática,Fortaleza,Fortaleza,Marketplace,PIX,1,555.52,0.0
PED09515,2025-09-19,Smartphone,Eletrônicos,Sobral,Interior,Site,PIX,1,1803.72,0.0
PED03122,2025-09-19,Impressora,Informática,Caucaia,Região Metropolitana,Marketplace,Cartão de Crédito,2,1417.49,0.0
PED02676,2025-09-19,Teclado,Acessórios,Fortaleza,Fortaleza,Site,PIX,1,380.46,0.0
PED02033,2025-09-20,Teclado,Acessórios,Itapipoca,Interior,Loja Física,Boleto,1,115.71,0.0
PED09384,2025-09-20,Mouse,Acessórios,Itapipoca,Interior,Marketplace,Cartão de Crédito,2,207.59,0.05
PED06532,2025-09-20,Smartphone,Eletrônicos,Sobral,Interior,Site,Cartão de Débito,1,3306.97,0.0
PED01272,2025-09-20,Cadeira Gamer,Móveis,Sobral,Interior,Site,Cartão de Crédito,1,2106.74,0.0
PED09699,2025-09-20,Notebook,Eletrônicos,Juazeiro do Norte,Interior,Loja Física,Boleto,2,5185.01,0.1
PED09155,2025-09-20,Webcam,Acessórios,Maracanaú,Região Metropolitana,Site,Cartão de Crédito,2,541.08,0.15
PED09619,2025-09-20,Smartphone,Eletrônicos,Fortaleza,Fortaleza,Loja Física,PIX,1,2337.89,0.0
PED03585,2025-09-20,Notebook,Eletrônicos,Fortaleza,Fortaleza,Marketplace,Cartão de Débito,1,5608.51,0.05
PED00920,2025-09-20,Webcam,Acessórios,Itapipoca,Interior,Loja Física,PIX,2,443.06,0.05
PED01622,2025-09-20,Mesa Escritório,Móveis,Fortaleza,Fortaleza,Site,Cartão de Débito,2,477.23,0.0
PED04570,2025-09-20,Roteador,Informática,Juazeiro do Norte,Interior,Marketplace,PIX,2,492.1,0.05
PED04915,2025-09-20,Mouse,Acessórios,Maracanaú,Região Metropolitana,Marketplace,Cartão de Débito,1,159.08,0.05
PED06046,2025-09-20,SSD 1TB,Informática,Itapipoca,Interior,Marketplace,PIX,1,327.99,0.0
PED01744,2025-09-20,SSD 1TB,Informática,Fortaleza,Fortaleza,Marketplace,Boleto,1,385.38,0.0
PED06780,2025-09-20,Cadeira Gamer,Móveis,Caucaia,Região Metropolitana,Loja Física,Boleto,1,831.89,0.0
PED01563,2025-09-21,Impressora,Informática,Itapipoca,Interior,Marketplace,PIX,1,1596.07,0.0
PED08540,2025-09-21,Fone Bluetooth,Áudio,Caucaia,Região Metropolitana,Site,PIX,2,393.38,0.0
PED01985,2025-09-21,Fone Bluetooth,Áudio,Itapipoca,Interior,Site,Cartão de Crédito,1,596.39,0.05
PED03600,2025-09-21,Impressora,Informática,Fortaleza,Fortaleza,Site,Cartão de Crédito,1,885.28,0.0
PED08083,2025-09-21,Webcam,Acessórios,Fortaleza,Fortaleza,Loja Física,Cartão de Débito,1,437.07,0.0
PED02372,2025-09-21,Roteador,Informática,Fortaleza,Fortaleza,Site,Boleto,2,497.04,0.0
PED03968,2025-09-21,Impressora,Informática,Itapipoca,Interior,Loja Física,Boleto,2,583.56,0.1
PED05890,2025-09-21,SSD 1TB,Informática,Sobral,Interior,Loja Física,Boleto,2,528.88,0.0
PED04315,2025-09-21,Fone Bluetooth,Áudio,Fortaleza,Fortaleza,Loja Física,Cartão de Débito,1,138.92,0.15
PED03279,2025-09-21,Cadeira Gamer,Móveis,Fortaleza,Fortaleza,Marketplace,Cartão de Débito,1,1993.03,0.1
PED04439,2025-09-21,Webcam,Acessórios,Fortaleza,Fortaleza,Marketplace,Cartão de Débito,1,145.03,0.0
PED02786,2025-09-21,SSD 1TB,Informática,Sobral,Interior,Marketplace,Cartão de Débito,1,351.84,0.0
PED09895,2025-09-21,Memória RAM,Informática,Fortaleza,Fortaleza,Loja Física,PIX,2,303.22,0.05
PED01758,2025-09-21,Impressora,Informática,Itapipoca,Interior,Loja Física,Cartão de Débito,3,1475.01,0.0
PED06629,2025-09-21,Webcam,Acessórios,Fortaleza,Fortaleza,Site,Cartão de Débito,4,545.09,0.0
PED06130,2025-09-21,Mouse,Acessórios,Itapipoca,Interior,Marketplace,Cartão de Crédito,1,248.14,0.05
PED00581,2025-09-21,Memória RAM,Informática,Fortaleza,Fortaleza,Marketplace,Cartão de Débito,3,427.68,0.1
PED05938,2025-09-22,Memória RAM,Informática,Itapipoca,Interior,Marketplace,PIX,1,364.11,0.15
PED03984,2025-09-22,Mouse,Acessórios,Sobral,Interior,Marketplace,Cartão de Crédito,1,54.6,0.0
PED02541,2025-09-22,Fone Bluetooth,Áudio,Fortaleza,Fortaleza,Site,Cartão de Crédito,1,213.94,0.05
PED07477,2025-09-22,SSD 1TB,Informática,Caucaia,Região Metropolitana,Marketplace,PIX,3,392.14,0.0
PED02752,2025-09-22,Cadeira Gamer,Móveis,Caucaia,Região Metropolitana,Site,Boleto,2,1774.38,0.0
PED07515,2025-09-22,Fone Bluetooth,Áudio,Sobral,Interior,Site,Boleto,1,602.19,0.0
PED08307,2025-09-22,Headset,Acessórios,Itapipoca,Interior,Loja Física,Cartão de Débito,1,405.1,0.0
PED00462,2025-09-22,Fone Bluetooth,Áudio,Maracanaú,Região Metropolitana,Marketplace,Cartão de Crédito,1,619.75,0.0
PED03406,2025-09-22,Headset,Acessórios,Fortaleza,Fortaleza,Loja Física,PIX,1,329.82,0.0
PED01433,2025-09-22,Roteador,Informática,Maracanaú,Região Metropolitana,Site,Cartão de Débito,3,542.38,0.0
PED00894,2025-09-22,Fone Bluetooth,Áudio,Fortaleza,Fortaleza,Site,Cartão de Crédito,1,447.25,0.0
PED04579,2025-09-22,Impressora,Informática,Fortaleza,Fortaleza,Loja Física,PIX,1,691.93,0.1
PED02514,2025-09-22,Fone Bluetooth,Áudio,Maracanaú,Região Metropolitana,Site,Boleto,1,242.5,0.05
PED02920,2025-09-22,Headset,Acessórios,Sobral,Interior,Marketplace,Cartão de Crédito,1,530.95,0.0
PED07018,2025-09-22,Caixa de Som,Áudio,Sobral,Interior,Marketplace,PIX,2,688.33,0.0
PED01740,2025-09-22,Webcam,Acessórios,Fortaleza,Fortaleza,Site,Cartão de Débito,1,238.83,0.0
PED00964,2025-09-22,Smartphone,Eletrônicos,Maracanaú,Região Metropolitana,Site,Cartão de Débito,1,3669.75,0.0
PED04310,2025-09-22,Cadeira Gamer,Móveis,Caucaia,Região Metropolitana,Site,PIX,1,1017.39,0.1
PED02067,2025-09-22,Fone Bluetooth,Áudio,Caucaia,Região Metropolitana,Marketplace,Cartão de Crédito,1,392.06,0.05
PED03501,2025-09-22,Webcam,Acessórios,Caucaia,Região Metropolitana,Site,PIX,1,356.98,0.05
PED03269,2025-09-22,Teclado,Acessórios,Fortaleza,Fortaleza,Loja Física,Boleto,1,320.46,0.15
PED02278,2025-09-22,Memória RAM,Informática,Fortaleza,Fortaleza,Site,Boleto,1,210.54,0.0
PED00400,2025-09-23,Headset,Acessórios,Itapipoca,Interior,Loja Física,PIX,3,548.69,0.0
PED04536,2025-09-23,Teclado,Acessórios,Fortaleza,Fortaleza,Marketplace,PIX,1,80.17,0.1
PED07818,2025-09-23,Monitor,Eletrônicos,Itapipoca,Interior,Marketplace,Boleto,2,1304.85,0.15
PED08321,2025-09-23,Mesa Escritório,Móveis,Caucaia,Região Metropolitana,Site,PIX,1,733.42,0.1
PED06509,2025-09-23,Teclado,Acessórios,Fortaleza,Fortaleza,Site,Boleto,1,291.74,0.0
PED02546,2025-09-24,SSD 1TB,Informática,Maracanaú,Região Metropolitana,Site,PIX,2,510.25,0.0
PED07800,2025-09-24,Monitor,Eletrônicos,Fortaleza,Fortaleza,Site,Boleto,1,882.42,0.0
PED01628,2025-09-24,Memória RAM,Informática,Fortaleza,Fortaleza,Marketplace,Cartão de Débito,1,425.83,0.05
PED08393,2025-09-24,Memória RAM,Informática,Caucaia,Região Metropolitana,Marketplace,Cartão de Débito,1,164.99,0.0
PED05569,2025-09-24,Mouse,Acessórios,Fortaleza,Fortaleza,Loja Física,Cartão de Crédito,2,174.36,0.0
PED05969,2025-09-24,Cadeira Gamer,Móveis,Maracanaú,Região Metropolitana,Marketplace,Boleto,1,695.21,0.0
PED02263,2025-09-24,Caixa de Som,Áudio,Fortaleza,Fortaleza,Site,Cartão de Crédito,1,212.5,0.0
PED01833,2025-09-24,Teclado,Acessórios,Itapipoca,Interior,Site,PIX,1,317.18,0.0
PED00612,2025-09-24,Teclado,Acessórios,Sobral,Interior,Loja Física,Cartão de Débito,1,74.01,0.0
PED07362,2025-09-24,Mouse,Acessórios,Caucaia,Região Metropolitana,Site,Boleto,1,86.94,0.0
PED02558,2025-09-24,Webcam,Acessórios,Fortaleza,Fortaleza,Marketplace,Boleto,2,613.0,0.05
PED08607,2025-09-24,Mesa Escritório,Móveis,Itapipoca,Interior,Loja Física,PIX,1,686.12,0.15
PED02446,2025-09-24,Impressora,Informática,Fortaleza,Fortaleza,Loja Física,PIX,1,1561.15,0.0
PED01477,2025-09-24,Headset,Acessórios,Caucaia,Região Metropolitana,Loja Física,Cartão de Débito,2,313.33,0.0
PED07616,2025-09-24,Impressora,Informática,Juazeiro do Norte,Interior,Loja Física,Boleto,2,1014.06,0.0
PED08679,2025-09-25,Memória RAM,Informática,Caucaia,Região Metropolitana,Marketplace,Cartão de Crédito,2,490.64,0.05
PED04338,2025-09-25,Headset,Acessórios,Itapipoca,Interior,Site,PIX,1,343.38,0.0
PED02525,2025-09-25,Smartphone,Eletrônicos,Juazeiro do Norte,Interior,Marketplace,Cartão de Débito,1,2889.18,0.15
PED07981,2025-09-25,Smartphone,Eletrônicos,Fortaleza,Fortaleza,Site,Cartão de Débito,2,3811.13,0.0
PED06864,2025-09-25,Teclado,Acessórios,Fortaleza,Fortaleza,Site,PIX,1,326.15,0.05
PED00489,2025-09-25,SSD 1TB,Informática,Fortaleza,Fortaleza,Marketplace,Cartão de Débito,1,284.57,0.0
PED06510,2025-09-25,Headset,Acessórios,Juazeiro do Norte,Interior,Loja Física,Cartão de Débito,1,516.55,0.05
PED07465,2025-09-25,Fone Bluetooth,Áudio,Fortaleza,Fortaleza,Loja Física,PIX,1,468.19,0.05
PED00292,2025-09-25,Notebook,Eletrônicos,Maracanaú,Região Metropolitana,Marketplace,Boleto,1,4174.13,0.0
PED06396,2025-09-25,Webcam,Acessórios,Fortaleza,Fortaleza,Site,PIX,2,526.91,0.1
PED09486,2025-09-25,Caixa de Som,Áudio,Juazeiro do Norte,Interior,Marketplace,Boleto,1,679.2,0.1
PED06594,2025-09-25,Memória RAM,Informática,Sobral,Interior,Site,PIX,3,193.01,0.0
PED01550,2025-09-25,Mouse,Acessórios,Fortaleza,Fortaleza,Site,Cartão de Crédito,2,82.52,0.0
PED09932,2025-09-25,Fone Bluetooth,Áudio,Juazeiro do Norte,Interior,Site,Boleto,4,164.94,0.1
PED06042,2025-09-25,Fone Bluetooth,Áudio,Fortaleza,Fortaleza,Site,Cartão de Crédito,1,195.04,0.0
PED01826,2025-09-25,Smartphone,Eletrônicos,Sobral,Interior,Loja Física,Cartão de Crédito,1,1103.45,0.0
PED04974,2025-09-25,Fone Bluetooth,Áudio,Caucaia,Região Metropolitana,Loja Física,PIX,3,587.61,0.0
PED03795,2025-09-26,SSD 1TB,Informática,Itapipoca,Interior,Marketplace,PIX,1,331.24,0.0
PED08615,2025-09-26,Monitor,Eletrônicos,Maracanaú,Região Metropolitana,Loja Física,Cartão de Débito,1,1241.8,0.0
PED01425,2025-09-26,Fone Bluetooth,Áudio,Maracanaú,Região Metropolitana,Marketplace,Cartão de Crédito,3,511.63,0.1
PED00842,2025-09-26,Cadeira Gamer,Móveis,Caucaia,Região Metropolitana,Site,Boleto,1,842.47,0.0
PED05193,2025-09-26,Teclado,Acessórios,Fortaleza,Fortaleza,Site,Boleto,1,94.52,0.0
PED03225,2025-09-26,Monitor,Eletrônicos,Sobral,Interior,Site,Boleto,1,1344.59,0.1
PED04604,2025-09-26,SSD 1TB,Informática,Maracanaú,Região Metropolitana,Site,Cartão de Débito,1,503.66,0.0
PED06324,2025-09-26,Notebook,Eletrônicos,Fortaleza,Fortaleza,Loja Física,Cartão de Crédito,1,4753.5,0.1
PED03441,2025-09-26,Memória RAM,Informática,Itapipoca,Interior,Site,PIX,1,486.69,0.1
PED02480,2025-09-26,Caixa de Som,Áudio,Caucaia,Região Metropolitana,Marketplace,Cartão de Débito,2,645.55,0.05
PED07392,2025-09-26,Monitor,Eletrônicos,Fortaleza,Fortaleza,Site,PIX,2,1286.16,0.0
PED08655,2025-09-26,Memória RAM,Informática,Fortaleza,Fortaleza,Site,Boleto,1,448.12,0.0
PED03857,2025-09-26,Impressora,Informática,Juazeiro do Norte,Interior,Marketplace,PIX,1,1167.24,0.0
PED02364,2025-09-26,Impressora,Informática,Juazeiro do Norte,Interior,Marketplace,Boleto,2,850.46,0.0
PED03972,2025-09-26,Teclado,Acessórios,Juazeiro do Norte,Interior,Loja Física,Cartão de Débito,3,160.52,0.1
PED06497,2025-09-26,Headset,Acessórios,Maracanaú,Região Metropolitana,Marketplace,Cartão de Débito,1,254.5,0.0
PED05662,2025-09-26,Roteador,Informática,Fortaleza,Fortaleza,Loja Física,Cartão de Débito,1,460.24,0.0
PED06504,2025-09-26,Mesa Escritório,Móveis,Fortaleza,Fortaleza,Marketplace,Cartão de Crédito,1,886.86,0.1
PED00136,2025-09-26,Webcam,Acessórios,Fortaleza,Fortaleza,Marketplace,Boleto,1,597.0,0.0
PED06535,2025-09-27,Headset,Acessórios,Caucaia,Região Metropolitana,Site,Cartão de Débito,1,136.41,0.05
PED00017,2025-09-27,Webcam,Acessórios,Fortaleza,Fortaleza,Marketplace,Cartão de Crédito,1,414.46,0.05
PED08224,2025-09-27,Cadeira Gamer,Móveis,Fortaleza,Fortaleza,Loja Física,Cartão de Crédito,1,1268.86,0.05
PED07513,2025-09-27,Teclado,Acessórios,Itapipoca,Interior,Marketplace,Cartão de Crédito,1,317.33,0.05
PED07627,2025-09-27,Cadeira Gamer,Móveis,Maracanaú,Região Metropolitana,Site,Boleto,1,1942.31,0.05
PED05587,2025-09-27,Headset,Acessórios,Juazeiro do Norte,Interior,Loja Física,PIX,1,548.15,0.1
PED00479,2025-09-27,Mesa Escritório,Móveis,Fortaleza,Fortaleza,Marketplace,Cartão de Crédito,1,861.61,0.0
PED06443,2025-09-27,Webcam,Acessórios,Maracanaú,Região Metropolitana,Marketplace,PIX,2,236.78,0.05
PED03813,2025-09-27,Webcam,Acessórios,Itapipoca,Interior,Loja Física,Cartão de Crédito,1,508.33,0.1
PED00584,2025-09-27,Webcam,Acessórios,Juazeiro do Norte,Interior,Loja Física,Cartão de Débito,1,173.95,0.0
PED09258,2025-09-27,Memória RAM,Informática,Fortaleza,Fortaleza,Site,Cartão de Débito,1,305.62,0.05
PED01619,2025-09-27,Mesa Escritório,Móveis,Caucaia,Região Metropolitana,Site,Cartão de Débito,2,876.41,0.0
PED02128,2025-09-27,Mouse,Acessórios,Fortaleza,Fortaleza,Loja Física,Cartão de Crédito,3,91.59,0.05
PED02984,2025-09-27,Notebook,Eletrônicos,Juazeiro do Norte,Interior,Loja Física,PIX,1,5714.89,0.0
PED09368,2025-09-27,Webcam,Acessórios,Sobral,Interior,Marketplace,Boleto,1,316.26,0.0
PED05445,2025-09-27,Cadeira Gamer,Móveis,Fortaleza,Fortaleza,Loja Física,Cartão de Crédito,2,755.67,0.0
PED07958,2025-09-27,Monitor,Eletrônicos,Itapipoca,Interior,Loja Física,Boleto,1,1190.15,0.1
PED09096,2025-09-28,Headset,Acessórios,Juazeiro do Norte,Interior,Marketplace,Cartão de Crédito,3,486.07,0.15
PED01299,2025-09-28,Headset,Acessórios,Sobral,Interior,Site,Boleto,1,399.72,0.0
PED02257,2025-09-28,SSD 1TB,Informática,Sobral,Interior,Loja Física,Boleto,1,593.8,0.1
PED00042,2025-09-28,Roteador,Informática,Fortaleza,Fortaleza,Marketplace,Boleto,1,270.49,0.05
PED00925,2025-09-28,Mouse,Acessórios,Juazeiro do Norte,Interior,Marketplace,Cartão de Débito,1,153.3,0.1
PED09466,2025-09-28,Smartphone,Eletrônicos,Fortaleza,Fortaleza,Loja Física,Boleto,1,2167.1,0.0
PED05932,2025-09-28,Memória RAM,Informática,Fortaleza,Fortaleza,Loja Física,PIX,1,255.5,0.0
PED06335,2025-09-28,Headset,Acessórios,Fortaleza,Fortaleza,Loja Física,PIX,1,506.52,0.05
PED04866,2025-09-28,Mesa Escritório,Móveis,Fortaleza,Fortaleza,Marketplace,PIX,1,1130.5,0.0
PED06097,2025-09-28,Headset,Acessórios,Sobral,Interior,Marketplace,PIX,2,456.15,0.0
PED05790,2025-09-28,Fone Bluetooth,Áudio,Caucaia,Região Metropolitana,Loja Física,PIX,1,508.1,0.15
PED06827,2025-09-28,Mesa Escritório,Móveis,Fortaleza,Fortaleza,Marketplace,Cartão de Crédito,3,1373.59,0.0
PED04039,2025-09-28,Notebook,Eletrônicos,Fortaleza,Fortaleza,Marketplace,Boleto,3,4848.22,0.0
PED05778,2025-09-29,Headset,Acessórios,Itapipoca,Interior,Loja Física,Cartão de Crédito,4,231.77,0.1
PED02699,2025-09-29,Caixa de Som,Áudio,Fortaleza,Fortaleza,Marketplace,Cartão de Crédito,1,220.67,0.0
PED01944,2025-09-29,Teclado,Acessórios,Fortaleza,Fortaleza,Marketplace,Boleto,1,369.06,0.1
PED00227,2025-09-29,Notebook,Eletrônicos,Fortaleza,Fortaleza,Marketplace,Cartão de Crédito,3,5730.96,0.1
PED03707,2025-09-29,Cadeira Gamer,Móveis,Sobral,Interior,Site,Cartão de Débito,1,1095.27,0.0
PED09494,2025-09-29,Roteador,Informática,Itapipoca,Interior,Site,Boleto,1,203.4,0.1
PED00120,2025-09-29,Impressora,Informática,Juazeiro do Norte,Interior,Site,Boleto,1,1362.3,0.1
PED01242,2025-09-29,Smartphone,Eletrônicos,Fortaleza,Fortaleza,Marketplace,PIX,1,3739.88,0.0
PED02678,2025-09-29,Caixa de Som,Áudio,Sobral,Interior,Loja Física,Cartão de Débito,3,774.33,0.0
PED07790,2025-09-29,Monitor,Eletrônicos,Fortaleza,Fortaleza,Loja Física,PIX,3,884.05,0.05
PED07265,2025-09-29,Caixa de Som,Áudio,Fortaleza,Fortaleza,Marketplace,Cartão de Débito,1,156.2,0.0
PED09475,2025-09-30,Cadeira Gamer,Móveis,Fortaleza,Fortaleza,Loja Física,Boleto,2,1086.31,0.1
PED06602,2025-09-30,Cadeira Gamer,Móveis,Sobral,Interior,Loja Física,PIX,2,2138.44,0.1
PED04643,2025-09-30,Mouse,Acessórios,Maracanaú,Região Metropolitana,Site,Cartão de Crédito,2,280.84,0.0
PED06713,2025-09-30,Fone Bluetooth,Áudio,Caucaia,Região Metropolitana,Site,Boleto,2,584.21,0.0
PED04705,2025-09-30,Mesa Escritório,Móveis,Sobral,Interior,Loja Física,Boleto,2,1263.97,0.0
PED07541,2025-09-30,Roteador,Informática,Fortaleza,Fortaleza,Site,PIX,2,362.39,0.0
PED08349,2025-09-30,Impressora,Informática,Itapipoca,Interior,Loja Física,Cartão de Crédito,1,1505.54,0.0
PED02826,2025-09-30,Roteador,Informática,Sobral,Interior,Loja Física,Boleto,1,278.2,0.15
PED07744,2025-09-30,Memória RAM,Informática,Itapipoca,Interior,Marketplace,PIX,1,384.52,0.0
PED04454,2025-09-30,Notebook,Eletrônicos,Caucaia,Região Metropolitana,Marketplace,Boleto,1,5308.58,0.0
PED01200,2025-09-30,Monitor,Eletrônicos,Maracanaú,Região Metropolitana,Loja Física,Boleto,3,1261.33,0.15
PED05376,2025-09-30,Mesa Escritório,Móveis,Fortaleza,Fortaleza,Site,Cartão de Crédito,1,802.13,0.0
PED09879,2025-09-30,Monitor,Eletrônicos,Itapipoca,Interior,Site,Cartão de Débito,1,656.74,0.15
PED05414,2025-09-30,SSD 1TB,Informática,Itapipoca,Interior,Site,Cartão de Débito,1,287.41,0.05
PED07720,2025-10-01,Impressora,Informática,Fortaleza,Fortaleza,Loja Física,Boleto,1,1014.97,0.0
PED03163,2025-10-01,Webcam,Acessórios,Fortaleza,Fortaleza,Site,Boleto,1,677.06,0.1
PED09485,2025-10-01,Notebook,Eletrônicos,Fortaleza,Fortaleza,Marketplace,Cartão de Débito,1,5540.03,0.0
PED04105,2025-10-01,Teclado,Acessórios,Juazeiro do Norte,Interior,Marketplace,Cartão de Crédito,1,332.38,0.05
PED00300,2025-10-01,Teclado,Acessórios,Fortaleza,Fortaleza,Site,PIX,1,211.76,0.1
PED05524,2025-10-01,Caixa de Som,Áudio,Maracanaú,Região Metropolitana,Loja Física,PIX,2,351.2,0.1
PED03076,2025-10-01,Smartphone,Eletrônicos,Maracanaú,Região Metropolitana,Marketplace,Cartão de Crédito,1,1625.28,0.1
PED05095,2025-10-01,Caixa de Som,Áudio,Fortaleza,Fortaleza,Marketplace,Cartão de Débito,2,509.35,0.0
PED01941,2025-10-01,Webcam,Acessórios,Fortaleza,Fortaleza,Loja Física,Cartão de Crédito,2,562.02,0.05
PED01558,2025-10-01,Headset,Acessórios,Itapipoca,Interior,Loja Física,Cartão de Débito,2,254.17,0.0
PED02117,2025-10-01,Fone Bluetooth,Áudio,Itapipoca,Interior,Site,Cartão de Crédito,1,217.14,0.0
PED06117,2025-10-01,Webcam,Acessórios,Caucaia,Região Metropolitana,Loja Física,Cartão de Débito,2,422.98,0.05
PED07677,2025-10-01,Mesa Escritório,Móveis,Fortaleza,Fortaleza,Loja Física,PIX,1,1035.3,0.1
PED01236,2025-10-01,Mouse,Acessórios,Fortaleza,Fortaleza,Marketplace,PIX,1,45.51,0.0
PED00889,2025-10-02,Teclado,Acessórios,Maracanaú,Região Metropolitana,Marketplace,Boleto,2,425.16,0.15
PED07406,2025-10-02,Webcam,Acessórios,Maracanaú,Região Metropolitana,Site,Cartão de Débito,2,486.29,0.05
PED00316,2025-10-02,Monitor,Eletrônicos,Itapipoca,Interior,Site,Cartão de Crédito,1,729.08,0.0
PED02314,2025-10-02,Fone Bluetooth,Áudio,Fortaleza,Fortaleza,Loja Física,PIX,2,465.22,0.15
PED08271,2025-10-02,Cadeira Gamer,Móveis,Juazeiro do Norte,Interior,Site,Boleto,3,1441.63,0.15
PED02895,2025-10-02,Caixa de Som,Áudio,Fortaleza,Fortaleza,Loja Física,PIX,3,373.57,0.0
PED08557,2025-10-02,Impressora,Informática,Itapipoca,Interior,Loja Física,Cartão de Crédito,2,1092.12,0.15
PED02387,2025-10-02,Roteador,Informática,Fortaleza,Fortaleza,Marketplace,PIX,1,460.34,0.1
PED04877,2025-10-02,Monitor,Eletrônicos,Sobral,Interior,Site,Boleto,2,1054.52,0.0
PED01222,2025-10-02,Cadeira Gamer,Móveis,Caucaia,Região Metropolitana,Marketplace,PIX,1,915.22,0.0
PED02449,2025-10-02,Mesa Escritório,Móveis,Caucaia,Região Metropolitana,Marketplace,Cartão de Débito,1,1539.04,0.1
PED02491,2025-10-02,Fone Bluetooth,Áudio,Maracanaú,Região Metropolitana,Loja Física,PIX,1,402.75,0.0
PED07349,2025-10-02,Caixa de Som,Áudio,Juazeiro do Norte,Interior,Marketplace,Boleto,1,340.07,0.1
PED03695,2025-10-02,Webcam,Acessórios,Itapipoca,Interior,Marketplace,PIX,1,559.76,0.0
PED00939,2025-10-02,Memória RAM,Informática,Fortaleza,Fortaleza,Marketplace,Boleto,1,186.09,0.0
PED03064,2025-10-02,Webcam,Acessórios,Fortaleza,Fortaleza,Loja Física,Cartão de Crédito,3,417.36,0.0
PED06787,2025-10-02,Fone Bluetooth,Áudio,Itapipoca,Interior,Marketplace,Cartão de Débito,1,473.35,0.05
PED09120,2025-10-03,SSD 1TB,Informática,Caucaia,Região Metropolitana,Marketplace,Cartão de Débito,1,549.93,0.0
PED05892,2025-10-03,Notebook,Eletrônicos,Itapipoca,Interior,Site,Cartão de Débito,2,3457.66,0.0
PED05082,2025-10-03,SSD 1TB,Informática,Caucaia,Região Metropolitana,Site,PIX,1,426.78,0.0
PED06496,2025-10-03,Smartphone,Eletrônicos,Maracanaú,Região Metropolitana,Loja Física,PIX,1,3948.83,0.05
PED03066,2025-10-03,Roteador,Informática,Sobral,Interior,Marketplace,PIX,1,416.91,0.0
PED06946,2025-10-03,Teclado,Acessórios,Fortaleza,Fortaleza,Marketplace,PIX,1,166.02,0.15
PED07252,2025-10-03,Roteador,Informática,Caucaia,Região Metropolitana,Loja Física,Cartão de Crédito,1,593.76,0.05
PED06127,2025-10-03,Caixa de Som,Áudio,Sobral,Interior,Loja Física,PIX,4,667.94,0.15
PED05605,2025-10-03,Mouse,Acessórios,Fortaleza,Fortaleza,Site,PIX,3,233.03,0.0
PED03053,2025-10-03,Impressora,Informática,Fortaleza,Fortaleza,Marketplace,Boleto,1,791.0,0.0
PED00593,2025-10-03,Roteador,Informática,Sobral,Interior,Site,Cartão de Débito,1,321.01,0.0
PED01532,2025-10-03,Cadeira Gamer,Móveis,Juazeiro do Norte,Interior,Loja Física,Cartão de Crédito,1,1050.23,0.05
PED05573,2025-10-03,Smartphone,Eletrônicos,Fortaleza,Fortaleza,Marketplace,PIX,1,2914.42,0.0
PED04096,2025-10-03,Headset,Acessórios,Caucaia,Região Metropolitana,Site,PIX,1,260.14,0.0
PED00443,2025-10-03,Headset,Acessórios,Itapipoca,Interior,Site,PIX,1,245.42,0.0
PED01209,2025-10-03,Notebook,Eletrônicos,Caucaia,Região Metropolitana,Site,Cartão de Débito,1,6311.9,0.0
PED05913,2025-10-03,Notebook,Eletrônicos,Fortaleza,Fortaleza,Loja Física,Boleto,1,3977.24,0.0
PED00432,2025-10-03,Notebook,Eletrônicos,Fortaleza,Fortaleza,Marketplace,PIX,1,3698.73,0.0
PED02857,2025-10-03,Roteador,Informática,Fortaleza,Fortaleza,Site,Cartão de Crédito,2,279.01,0.0
PED08647,2025-10-04,Webcam,Acessórios,Fortaleza,Fortaleza,Loja Física,Cartão de Débito,1,425.92,0.15
PED05631,2025-10-04,Mesa Escritório,Móveis,Fortaleza,Fortaleza,Site,Boleto,2,652.18,0.0
PED06346,2025-10-04,Monitor,Eletrônicos,Fortaleza,Fortaleza,Site,PIX,1,1146.92,0.0
PED01781,2025-10-04,Teclado,Acessórios,Juazeiro do Norte,Interior,Marketplace,Boleto,1,197.54,0.0
PED03476,2025-10-04,Impressora,Informática,Fortaleza,Fortaleza,Loja Física,Cartão de Crédito,1,1563.45,0.1
PED04875,2025-10-04,Fone Bluetooth,Áudio,Itapipoca,Interior,Marketplace,Boleto,2,104.45,0.0
PED05673,2025-10-04,SSD 1TB,Informática,Caucaia,Região Metropolitana,Marketplace,Cartão de Débito,1,599.62,0.0
PED01485,2025-10-04,Webcam,Acessórios,Maracanaú,Região Metropolitana,Loja Física,PIX,1,162.86,0.05
PED04822,2025-10-04,Fone Bluetooth,Áudio,Fortaleza,Fortaleza,Loja Física,Cartão de Débito,1,303.59,0.0
PED06451,2025-10-04,Fone Bluetooth,Áudio,Fortaleza,Fortaleza,Marketplace,PIX,2,595.01,0.0
PED09090,2025-10-04,Roteador,Informática,Fortaleza,Fortaleza,Site,Cartão de Débito,1,214.75,0.0
PED02023,2025-10-04,Cadeira Gamer,Móveis,Sobral,Interior,Loja Física,Boleto,2,991.88,0.15
PED02517,2025-10-04,Impressora,Informática,Sobral,Interior,Loja Física,Cartão de Crédito,1,747.12,0.1
PED00762,2025-10-04,Webcam,Acessórios,Maracanaú,Região Metropolitana,Site,PIX,2,268.1,0.0
PED03285,2025-10-04,Cadeira Gamer,Móveis,Sobral,Interior,Site,PIX,2,1762.54,0.1
PED04003,2025-10-05,Smartphone,Eletrônicos,Caucaia,Região Metropolitana,Site,Cartão de Crédito,1,3137.38,0.0
PED06134,2025-10-05,Cadeira Gamer,Móveis,Fortaleza,Fortaleza,Loja Física,PIX,2,1790.69,0.0
PED02695,2025-10-05,Caixa de Som,Áudio,Itapipoca,Interior,Site,Cartão de Crédito,1,688.13,0.0
PED04143,2025-10-05,Roteador,Informática,Caucaia,Região Metropolitana,Site,Boleto,1,414.05,0.0
PED08672,2025-10-05,SSD 1TB,Informática,Juazeiro do Norte,Interior,Site,PIX,2,596.37,0.05
PED09229,2025-10-05,Smartphone,Eletrônicos,Itapipoca,Interior,Site,Boleto,1,3904.74,0.1
PED00604,2025-10-05,Impressora,Informática,Fortaleza,Fortaleza,Site,Cartão de Débito,1,1484.87,0.05
PED01499,2025-10-05,Mouse,Acessórios,Fortaleza,Fortaleza,Marketplace,Cartão de Débito,4,199.93,0.05
PED07824,2025-10-05,Notebook,Eletrônicos,Itapipoca,Interior,Loja Física,Boleto,3,3714.96,0.0
PED04576,2025-10-05,Smartphone,Eletrônicos,Juazeiro do Norte,Interior,Loja Física,Boleto,1,1874.92,0.0
PED02923,2025-10-05,Memória RAM,Informática,Sobral,Interior,Marketplace,Cartão de Crédito,1,421.12,0.05
PED03961,2025-10-05,Headset,Acessórios,Caucaia,Região Metropolitana,Site,Boleto,1,96.04,0.05
PED03902,2025-10-05,Impressora,Informática,Caucaia,Região Metropolitana,Marketplace,PIX,1,1743.31,0.0
PED02450,2025-10-05,Headset,Acessórios,Juazeiro do Norte,Interior,Site,Boleto,1,518.35,0.05
PED08712,2025-10-05,Impressora,Informática,Juazeiro do Norte,Interior,Site,PIX,3,756.53,0.15
PED07411,2025-10-05,Fone Bluetooth,Áudio,Maracanaú,Região Metropolitana,Marketplace,Cartão de Crédito,1,644.75,0.1
PED03831,2025-10-06,Webcam,Acessórios,Sobral,Interior,Marketplace,Cartão de Débito,1,419.72,0.1
PED06389,2025-10-06,Monitor,Eletrônicos,Caucaia,Região Metropolitana,Marketplace,Cartão de Débito,1,834.89,0.0
PED06413,2025-10-06,Webcam,Acessórios,Fortaleza,Fortaleza,Loja Física,Cartão de Crédito,2,469.74,0.0
PED00393,2025-10-06,Webcam,Acessórios,Itapipoca,Interior,Loja Física,PIX,2,667.26,0.0
PED01484,2025-10-06,Notebook,Eletrônicos,Fortaleza,Fortaleza,Marketplace,PIX,2,5882.89,0.0
PED04726,2025-10-06,Headset,Acessórios,Fortaleza,Fortaleza,Marketplace,Cartão de Débito,1,383.22,0.0
PED07995,2025-10-06,Mesa Escritório,Móveis,Juazeiro do Norte,Interior,Marketplace,Cartão de Débito,1,638.54,0.0
PED01109,2025-10-06,Mouse,Acessórios,Fortaleza,Fortaleza,Site,PIX,1,287.26,0.05
PED07479,2025-10-06,Caixa de Som,Áudio,Fortaleza,Fortaleza,Marketplace,Boleto,1,345.19,0.0
PED06811,2025-10-06,Roteador,Informática,Juazeiro do Norte,Interior,Loja Física,Cartão de Crédito,1,399.19,0.15
PED02177,2025-10-06,Roteador,Informática,Itapipoca,Interior,Site,Cartão de Crédito,1,263.4,0.0
PED09826,2025-10-06,Mouse,Acessórios,Juazeiro do Norte,Interior,Site,Cartão de Crédito,2,232.91,0.05
PED05400,2025-10-06,SSD 1TB,Informática,Fortaleza,Fortaleza,Site,Cartão de Débito,1,394.45,0.0
PED01257,2025-10-06,Memória RAM,Informática,Fortaleza,Fortaleza,Loja Física,Boleto,1,541.17,0.15
PED06404,2025-10-07,Smartphone,Eletrônicos,Caucaia,Região Metropolitana,Loja Física,Cartão de Crédito,1,2529.63,0.0
PED07007,2025-10-07,Roteador,Informática,Fortaleza,Fortaleza,Marketplace,Cartão de Débito,1,578.94,0.05
PED04474,2025-10-07,Webcam,Acessórios,Maracanaú,Região Metropolitana,Site,PIX,1,155.06,0.1
PED04780,2025-10-07,Notebook,Eletrônicos,Caucaia,Região Metropolitana,Site,PIX,1,5572.75,0.05
PED06919,2025-10-07,Smartphone,Eletrônicos,Itapipoca,Interior,Marketplace,Cartão de Crédito,2,4392.99,0.0
PED06846,2025-10-07,Memória RAM,Informática,Fortaleza,Fortaleza,Marketplace,Cartão de Crédito,3,198.05,0.15
PED01088,2025-10-07,Webcam,Acessórios,Fortaleza,Fortaleza,Loja Física,Boleto,2,327.69,0.0
PED01765,2025-10-07,Notebook,Eletrônicos,Itapipoca,Interior,Marketplace,Cartão de Crédito,1,5316.09,0.05
PED00112,2025-10-07,Monitor,Eletrônicos,Caucaia,Região Metropolitana,Site,Boleto,2,1875.31,0.0
PED08283,2025-10-07,Mesa Escritório,Móveis,Fortaleza,Fortaleza,Site,Cartão de Crédito,3,912.31,0.0
PED08634,2025-10-07,Smartphone,Eletrônicos,Fortaleza,Fortaleza,Site,Cartão de Crédito,1,4168.48,0.1
PED06209,2025-10-07,Cadeira Gamer,Móveis,Sobral,Interior,Loja Física,Cartão de Débito,1,2052.29,0.0
PED04746,2025-10-07,Headset,Acessórios,Caucaia,Região Metropolitana,Loja Física,Cartão de Crédito,1,409.89,0.05
PED04221,2025-10-07,Mouse,Acessórios,Fortaleza,Fortaleza,Site,Cartão de Débito,2,108.54,0.1
PED04102,2025-10-07,Mouse,Acessórios,Sobral,Interior,Marketplace,Cartão de Débito,1,113.01,0.1
PED06730,2025-10-07,Fone Bluetooth,Áudio,Fortaleza,Fortaleza,Loja Física,PIX,1,498.57,0.0
PED04384,2025-10-07,Webcam,Acessórios,Sobral,Interior,Loja Física,PIX,1,435.33,0.0
PED09440,2025-10-07,Teclado,Acessórios,Juazeiro do Norte,Interior,Marketplace,Cartão de Crédito,1,275.18,0.0
PED01516,2025-10-07,Fone Bluetooth,Áudio,Fortaleza,Fortaleza,Loja Física,Cartão de Débito,1,445.75,0.1
PED07830,2025-10-08,Teclado,Acessórios,Fortaleza,Fortaleza,Site,PIX,1,122.52,0.0
PED09195,2025-10-08,Mesa Escritório,Móveis,Maracanaú,Região Metropolitana,Site,Cartão de Crédito,1,596.63,0.1
PED00550,2025-10-08,Headset,Acessórios,Fortaleza,Fortaleza,Marketplace,Cartão de Débito,3,356.17,0.05
PED01702,2025-10-08,Teclado,Acessórios,Caucaia,Região Metropolitana,Loja Física,Boleto,1,155.3,0.0
PED08023,2025-10-08,Teclado,Acessórios,Fortaleza,Fortaleza,Site,Cartão de Crédito,1,301.99,0.1
PED01840,2025-10-08,Caixa de Som,Áudio,Fortaleza,Fortaleza,Loja Física,Cartão de Débito,1,411.54,0.0
PED05342,2025-10-08,Memória RAM,Informática,Sobral,Interior,Loja Física,Cartão de Débito,1,403.6,0.15
PED05591,2025-10-08,Notebook,Eletrônicos,Sobral,Interior,Marketplace,Cartão de Crédito,1,3267.55,0.1
PED03844,2025-10-08,Mouse,Acessórios,Itapipoca,Interior,Marketplace,Cartão de Crédito,4,245.67,0.15
PED04696,2025-10-08,Caixa de Som,Áudio,Maracanaú,Região Metropolitana,Loja Física,PIX,1,198.8,0.0
PED00250,2025-10-08,SSD 1TB,Informática,Fortaleza,Fortaleza,Site,PIX,1,492.19,0.15
PED04784,2025-10-08,Fone Bluetooth,Áudio,Fortaleza,Fortaleza,Site,Boleto,4,364.91,0.15
PED04123,2025-10-08,Notebook,Eletrônicos,Juazeiro do Norte,Interior,Marketplace,Boleto,1,6336.93,0.0
PED04592,2025-10-08,Cadeira Gamer,Móveis,Caucaia,Região Metropolitana,Marketplace,Boleto,1,1060.04,0.0
PED06832,2025-10-08,Notebook,Eletrônicos,Juazeiro do Norte,Interior,Marketplace,PIX,1,5837.05,0.15
PED08104,2025-10-08,SSD 1TB,Informática,Fortaleza,Fortaleza,Site,PIX,3,649.56,0.05
PED00678,2025-10-08,Mouse,Acessórios,Caucaia,Região Metropolitana,Loja Física,Cartão de Crédito,3,67.76,0.1
PED08371,2025-10-09,Roteador,Informática,Itapipoca,Interior,Site,Boleto,2,516.19,0.0
PED09650,2025-10-09,Monitor,Eletrônicos,Maracanaú,Região Metropolitana,Site,Boleto,1,1810.52,0.0
PED00298,2025-10-09,Memória RAM,Informática,Maracanaú,Região Metropolitana,Marketplace,Cartão de Débito,1,156.86,0.0
PED09717,2025-10-09,Monitor,Eletrônicos,Juazeiro do Norte,Interior,Site,Cartão de Débito,2,901.7,0.0
PED07394,2025-10-09,Cadeira Gamer,Móveis,Fortaleza,Fortaleza,Loja Física,Cartão de Débito,2,1702.36,0.0
PED06240,2025-10-09,Impressora,Informática,Fortaleza,Fortaleza,Loja Física,Cartão de Débito,2,733.53,0.1
PED09640,2025-10-09,Mesa Escritório,Móveis,Itapipoca,Interior,Loja Física,Boleto,1,692.86,0.1
PED03211,2025-10-09,Notebook,Eletrônicos,Caucaia,Região Metropolitana,Loja Física,Cartão de Crédito,2,3216.81,0.0
PED01385,2025-10-09,Mouse,Acessórios,Maracanaú,Região Metropolitana,Site,Boleto,3,221.39,0.0
PED01062,2025-10-09,Headset,Acessórios,Fortaleza,Fortaleza,Loja Física,Cartão de Crédito,2,549.27,0.1
PED07124,2025-10-09,Notebook,Eletrônicos,Juazeiro do Norte,Interior,Loja Física,Boleto,2,5207.78,0.0
PED04314,2025-10-09,Notebook,Eletrônicos,Caucaia,Região Metropolitana,Loja Física,Cartão de Débito,1,3204.32,0.0
PED01362,2025-10-10,Impressora,Informática,Fortaleza,Fortaleza,Site,Cartão de Crédito,1,601.37,0.05
PED02339,2025-10-10,Smartphone,Eletrônicos,Maracanaú,Região Metropolitana,Site,Cartão de Crédito,2,1601.95,0.1
PED07163,2025-10-10,Caixa de Som,Áudio,Sobral,Interior,Marketplace,PIX,1,278.69,0.05
PED00649,2025-10-10,Teclado,Acessórios,Fortaleza,Fortaleza,Marketplace,Cartão de Crédito,1,105.83,0.1
PED02242,2025-10-10,Notebook,Eletrônicos,Sobral,Interior,Site,Cartão de Débito,1,3858.33,0.15
PED02798,2025-10-10,Smartphone,Eletrônicos,Fortaleza,Fortaleza,Site,Boleto,1,1834.48,0.0
PED07636,2025-10-10,Smartphone,Eletrônicos,Fortaleza,Fortaleza,Loja Física,PIX,1,2903.63,0.0
PED00086,2025-10-10,Headset,Acessórios,Sobral,Interior,Marketplace,PIX,1,327.65,0.1
PED02433,2025-10-10,Notebook,Eletrônicos,Fortaleza,Fortaleza,Loja Física,Boleto,2,4493.21,0.05
PED06259,2025-10-10,Mouse,Acessórios,Juazeiro do Norte,Interior,Marketplace,Cartão de Débito,1,123.9,0.0
PED09009,2025-10-10,Teclado,Acessórios,Caucaia,Região Metropolitana,Loja Física,Cartão de Crédito,1,122.44,0.0
PED04868,2025-10-10,Headset,Acessórios,Maracanaú,Região Metropolitana,Site,Boleto,1,392.13,0.05
PED08079,2025-10-10,Notebook,Eletrônicos,Maracanaú,Região Metropolitana,Marketplace,PIX,1,3869.56,0.1
PED01465,2025-10-10,Teclado,Acessórios,Itapipoca,Interior,Site,PIX,1,338.59,0.0
PED02135,2025-10-10,Mouse,Acessórios,Caucaia,Região Metropolitana,Site,PIX,4,101.49,0.0
PED03619,2025-10-10,Monitor,Eletrônicos,Fortaleza,Fortaleza,Marketplace,Cartão de Crédito,2,1300.02,0.0
PED04712,2025-10-10,Cadeira Gamer,Móveis,Itapipoca,Interior,Site,Cartão de Crédito,1,1260.5,0.0
PED09501,2025-10-11,Caixa de Som,Áudio,Fortaleza,Fortaleza,Marketplace,Cartão de Crédito,1,774.74,0.0
PED05177,2025-10-11,Impressora,Informática,Fortaleza,Fortaleza,Marketplace,Cartão de Débito,2,951.2,0.0
PED08543,2025-10-11,Teclado,Acessórios,Sobral,Interior,Site,Cartão de Crédito,1,424.12,0.0
PED02734,2025-10-11,Fone Bluetooth,Áudio,Maracanaú,Região Metropolitana,Marketplace,Cartão de Crédito,2,221.95,0.05
PED01905,2025-10-11,Roteador,Informática,Fortaleza,Fortaleza,Site,Boleto,1,265.9,0.15
PED03924,2025-10-11,Fone Bluetooth,Áudio,Maracanaú,Região Metropolitana,Loja Física,PIX,1,337.58,0.1
PED00768,2025-10-11,SSD 1TB,Informática,Maracanaú,Região Metropolitana,Site,Cartão de Débito,1,375.21,0.0
PED07442,2025-10-11,Roteador,Informática,Fortaleza,Fortaleza,Site,Boleto,1,407.19,0.0
PED02650,2025-10-11,Mouse,Acessórios,Juazeiro do Norte,Interior,Marketplace,Cartão de Débito,1,201.01,0.0
PED09761,2025-10-11,Teclado,Acessórios,Fortaleza,Fortaleza,Marketplace,Boleto,1,383.86,0.0
PED04241,2025-10-11,Fone Bluetooth,Áudio,Itapipoca,Interior,Marketplace,PIX,2,240.19,0.1
PED00043,2025-10-11,Fone Bluetooth,Áudio,Sobral,Interior,Loja Física,PIX,1,270.13,0.0
PED02381,2025-10-11,Headset,Acessórios,Fortaleza,Fortaleza,Marketplace,PIX,1,271.0,0.0
PED00067,2025-10-11,Cadeira Gamer,Móveis,Sobral,Interior,Marketplace,Boleto,1,1621.46,0.1
PED02765,2025-10-11,Mesa Escritório,Móveis,Fortaleza,Fortaleza,Site,PIX,3,1331.38,0.05
PED05016,2025-10-11,Headset,Acessórios,Fortaleza,Fortaleza,Marketplace,Boleto,2,241.59,0.0
PED08305,2025-10-12,Caixa de Som,Áudio,Itapipoca,Interior,Site,Cartão de Crédito,1,166.47,0.0
PED09775,2025-10-12,Notebook,Eletrônicos,Juazeiro do Norte,Interior,Marketplace,Cartão de Crédito,1,6209.12,0.0
PED07960,2025-10-12,Fone Bluetooth,Áudio,Maracanaú,Região Metropolitana,Marketplace,Boleto,2,117.54,0.05
PED05017,2025-10-12,Fone Bluetooth,Áudio,Caucaia,Região Metropolitana,Marketplace,Boleto,1,310.77,0.0
PED00105,2025-10-12,Mesa Escritório,Móveis,Itapipoca,Interior,Loja Física,Boleto,1,1180.0,0.05
PED02583,2025-10-12,SSD 1TB,Informática,Fortaleza,Fortaleza,Marketplace,PIX,2,521.12,0.05
PED09354,2025-10-12,Mesa Escritório,Móveis,Fortaleza,Fortaleza,Site,Cartão de Crédito,1,641.02,0.05
PED00833,2025-10-12,Roteador,Informática,Maracanaú,Região Metropolitana,Loja Física,PIX,1,196.78,0.0
PED03242,2025-10-12,Caixa de Som,Áudio,Caucaia,Região Metropolitana,Loja Física,Cartão de Débito,2,416.52,0.0
PED02921,2025-10-12,Mouse,Acessórios,Fortaleza,Fortaleza,Marketplace,Cartão de Crédito,3,251.05,0.05
PED00858,2025-10-12,Headset,Acessórios,Fortaleza,Fortaleza,Marketplace,Cartão de Débito,1,252.01,0.05
PED02037,2025-10-12,Smartphone,Eletrônicos,Fortaleza,Fortaleza,Loja Física,Boleto,1,3406.96,0.1
PED03771,2025-10-12,Monitor,Eletrônicos,Juazeiro do Norte,Interior,Site,Cartão de Crédito,1,671.81,0.0
PED01223,2025-10-12,Notebook,Eletrônicos,Caucaia,Região Metropolitana,Loja Física,Cartão de Débito,1,6082.16,0.05
PED07895,2025-10-12,Caixa de Som,Áudio,Sobral,Interior,Site,PIX,1,622.63,0.0
PED06085,2025-10-12,Caixa de Som,Áudio,Sobral,Interior,Site,PIX,2,220.24,0.05
PED07293,2025-10-12,Headset,Acessórios,Sobral,Interior,Site,PIX,1,456.02,0.15
PED07993,2025-10-12,Cadeira Gamer,Móveis,Maracanaú,Região Metropolitana,Site,PIX,1,1578.89,0.05
PED03443,2025-10-12,Memória RAM,Informática,Maracanaú,Região Metropolitana,Marketplace,Cartão de Crédito,3,344.57,0.0
PED05069,2025-10-12,Impressora,Informática,Fortaleza,Fortaleza,Loja Física,Cartão de Débito,2,829.58,0.15
PED04258,2025-10-12,Impressora,Informática,Sobral,Interior,Site,Cartão de Débito,1,727.92,0.0
PED00996,2025-10-12,Headset,Acessórios,Caucaia,Região Metropolitana,Marketplace,PIX,3,488.34,0.1
PED08176,2025-10-13,Smartphone,Eletrônicos,Fortaleza,Fortaleza,Loja Física,Cartão de Crédito,1,1497.71,0.15
PED05715,2025-10-13,Notebook,Eletrônicos,Fortaleza,Fortaleza,Site,Cartão de Crédito,1,5174.68,0.05
PED01926,2025-10-13,Monitor,Eletrônicos,Fortaleza,Fortaleza,Site,Cartão de Crédito,1,1218.68,0.0
PED02283,2025-10-13,Mesa Escritório,Móveis,Sobral,Interior,Site,Boleto,1,616.34,0.0
PED06575,2025-10-13,Caixa de Som,Áudio,Sobral,Interior,Site,Boleto,1,255.78,0.15
PED06153,2025-10-13,Notebook,Eletrônicos,Juazeiro do Norte,Interior,Loja Física,Boleto,4,4318.67,0.1
PED09412,2025-10-13,SSD 1TB,Informática,Itapipoca,Interior,Loja Física,PIX,1,377.23,0.05
PED04005,2025-10-13,Memória RAM,Informática,Caucaia,Região Metropolitana,Site,Cartão de Débito,3,503.39,0.0
PED04009,2025-10-13,Fone Bluetooth,Áudio,Fortaleza,Fortaleza,Marketplace,Cartão de Débito,1,528.95,0.0
PED03318,2025-10-13,Fone Bluetooth,Áudio,Fortaleza,Fortaleza,Loja Física,Cartão de Crédito,1,248.27,0.1
PED01895,2025-10-13,Mouse,Acessórios,Fortaleza,Fortaleza,Site,Boleto,1,214.12,0.05
PED05413,2025-10-13,Mesa Escritório,Móveis,Fortaleza,Fortaleza,Site,Cartão de Crédito,1,1348.31,0.0
PED09750,2025-10-13,Headset,Acessórios,Itapipoca,Interior,Marketplace,Cartão de Crédito,2,314.32,0.0
PED05443,2025-10-13,Webcam,Acessórios,Maracanaú,Região Metropolitana,Marketplace,Cartão de Débito,2,176.65,0.1
PED04625,2025-10-13,Monitor,Eletrônicos,Juazeiro do Norte,Interior,Site,Cartão de Crédito,1,956.64,0.05
PED02465,2025-10-13,Headset,Acessórios,Caucaia,Região Metropolitana,Loja Física,PIX,1,515.5,0.0
PED08774,2025-10-13,Mouse,Acessórios,Fortaleza,Fortaleza,Loja Física,Cartão de Crédito,1,277.85,0.05
PED09279,2025-10-13,Roteador,Informática,Fortaleza,Fortaleza,Loja Física,Cartão de Débito,1,397.18,0.0
PED02981,2025-10-13,Headset,Acessórios,Juazeiro do Norte,Interior,Marketplace,PIX,1,393.63,0.0
PED06314,2025-10-13,Caixa de Som,Áudio,Sobral,Interior,Loja Física,PIX,1,209.3,0.05
PED05105,2025-10-13,Notebook,Eletrônicos,Caucaia,Região Metropolitana,Loja Física,Boleto,1,4899.36,0.05
PED04558,2025-10-13,Smartphone,Eletrônicos,Itapipoca,Interior,Loja Física,PIX,1,3372.42,0.05
PED06369,2025-10-13,Impressora,Informática,Caucaia,Região Metropolitana,Marketplace,Cartão de Débito,2,875.04,0.0
PED05658,2025-10-13,SSD 1TB,Informática,Fortaleza,Fortaleza,Marketplace,Cartão de Crédito,2,525.65,0.0
PED00749,2025-10-14,Smartphone,Eletrônicos,Fortaleza,Fortaleza,Site,PIX,2,2784.08,0.15
PED07767,2025-10-14,Mouse,Acessórios,Fortaleza,Fortaleza,Site,Cartão de Crédito,1,271.88,0.0
PED01052,2025-10-14,Mouse,Acessórios,Sobral,Interior,Loja Física,Boleto,1,94.4,0.0
PED04607,2025-10-14,Smartphone,Eletrônicos,Caucaia,Região Metropolitana,Loja Física,Cartão de Crédito,1,1667.8,0.0
PED01685,2025-10-14,Webcam,Acessórios,Caucaia,Região Metropolitana,Marketplace,Cartão de Débito,1,644.74,0.1
PED05461,2025-10-14,Notebook,Eletrônicos,Caucaia,Região Metropolitana,Loja Física,Cartão de Crédito,1,4706.09,0.0
PED04630,2025-10-14,SSD 1TB,Informática,Fortaleza,Fortaleza,Loja Física,Cartão de Crédito,1,625.12,0.1
PED07152,2025-10-14,Headset,Acessórios,Maracanaú,Região Metropolitana,Marketplace,Cartão de Crédito,2,169.37,0.15
PED02021,2025-10-14,Teclado,Acessórios,Caucaia,Região Metropolitana,Loja Física,Boleto,3,362.24,0.0
PED07710,2025-10-14,Headset,Acessórios,Fortaleza,Fortaleza,Site,Cartão de Débito,2,124.97,0.15
PED04524,2025-10-14,Headset,Acessórios,Fortaleza,Fortaleza,Marketplace,Cartão de Débito,2,217.84,0.0
PED00403,2025-10-14,Webcam,Acessórios,Fortaleza,Fortaleza,Site,Cartão de Crédito,1,140.1,0.0
PED07208,2025-10-14,Roteador,Informática,Maracanaú,Região Metropolitana,Loja Física,Cartão de Débito,1,492.79,0.0
PED01019,2025-10-15,Teclado,Acessórios,Caucaia,Região Metropolitana,Marketplace,Cartão de Débito,1,142.77,0.0
PED03604,2025-10-15,Headset,Acessórios,Maracanaú,Região Metropolitana,Loja Física,Cartão de Crédito,2,331.19,0.0
PED06295,2025-10-15,Headset,Acessórios,Fortaleza,Fortaleza,Loja Física,Cartão de Crédito,1,97.2,0.1
PED01337,2025-10-15,Memória RAM,Informática,Caucaia,Região Metropolitana,Site,Boleto,1,240.33,0.05
PED09493,2025-10-15,Headset,Acessórios,Sobral,Interior,Marketplace,Cartão de Débito,4,299.47,0.0
PED00924,2025-10-15,Smartphone,Eletrônicos,Fortaleza,Fortaleza,Marketplace,Cartão de Débito,4,4234.45,0.0
PED05498,2025-10-15,Memória RAM,Informática,Fortaleza,Fortaleza,Marketplace,PIX,1,508.12,0.1
PED01317,2025-10-15,Mouse,Acessórios,Fortaleza,Fortaleza,Site,PIX,2,191.75,0.1
PED01140,2025-10-15,Notebook,Eletrônicos,Fortaleza,Fortaleza,Loja Física,Cartão de Débito,3,5397.58,0.1
PED08469,2025-10-15,Webcam,Acessórios,Maracanaú,Região Metropolitana,Marketplace,Boleto,1,658.93,0.15
PED05923,2025-10-15,Caixa de Som,Áudio,Juazeiro do Norte,Interior,Site,PIX,1,126.7,0.05
PED06312,2025-10-15,Cadeira Gamer,Móveis,Maracanaú,Região Metropolitana,Site,Boleto,1,1186.91,0.0
PED00407,2025-10-15,Monitor,Eletrônicos,Fortaleza,Fortaleza,Loja Física,Boleto,1,1311.79,0.0
PED05698,2025-10-15,Monitor,Eletrônicos,Fortaleza,Fortaleza,Site,Cartão de Débito,3,1495.76,0.05
PED02907,2025-10-15,Monitor,Eletrônicos,Caucaia,Região Metropolitana,Loja Física,PIX,3,1613.87,0.0
PED07606,2025-10-15,Mouse,Acessórios,Fortaleza,Fortaleza,Loja Física,PIX,1,88.81,0.05
PED08400,2025-10-15,Smartphone,Eletrônicos,Juazeiro do Norte,Interior,Loja Física,Cartão de Crédito,1,1194.27,0.1
PED04828,2025-10-15,Cadeira Gamer,Móveis,Itapipoca,Interior,Loja Física,PIX,1,2161.62,0.0
PED03595,2025-10-15,Mesa Escritório,Móveis,Maracanaú,Região Metropolitana,Marketplace,Cartão de Débito,1,1405.59,0.0
PED01179,2025-10-16,Mesa Escritório,Móveis,Caucaia,Região Metropolitana,Marketplace,Cartão de Débito,1,1148.59,0.05
PED05113,2025-10-16,Headset,Acessórios,Maracanaú,Região Metropolitana,Marketplace,Cartão de Crédito,1,375.79,0.15
PED07591,2025-10-16,Headset,Acessórios,Juazeiro do Norte,Interior,Marketplace,PIX,3,448.2,0.1
PED06485,2025-10-16,Mesa Escritório,Móveis,Sobral,Interior,Site,Boleto,1,1575.92,0.0
PED08981,2025-10-16,Webcam,Acessórios,Sobral,Interior,Site,Boleto,2,415.93,0.0
PED05020,2025-10-16,Monitor,Eletrônicos,Fortaleza,Fortaleza,Loja Física,Cartão de Débito,2,919.93,0.1
PED09373,2025-10-16,SSD 1TB,Informática,Sobral,Interior,Site,Cartão de Débito,1,495.03,0.0
PED00707,2025-10-16,Memória RAM,Informática,Sobral,Interior,Site,PIX,1,273.11,0.05
PED05981,2025-10-16,Roteador,Informática,Fortaleza,Fortaleza,Site,Boleto,1,410.77,0.05
PED03323,2025-10-16,Notebook,Eletrônicos,Fortaleza,Fortaleza,Loja Física,Boleto,2,5451.1,0.0
PED02445,2025-10-16,Headset,Acessórios,Sobral,Interior,Site,Cartão de Crédito,3,498.92,0.05
PED03043,2025-10-16,Roteador,Informática,Sobral,Interior,Marketplace,Cartão de Crédito,2,222.89,0.0
PED04890,2025-10-16,Monitor,Eletrônicos,Fortaleza,Fortaleza,Site,PIX,3,788.25,0.0
PED04940,2025-10-17,Caixa de Som,Áudio,Itapipoca,Interior,Loja Física,Cartão de Crédito,1,319.46,0.0
PED00523,2025-10-17,Mesa Escritório,Móveis,Juazeiro do Norte,Interior,Loja Física,Cartão de Débito,1,1041.46,0.0
PED06362,2025-10-17,Notebook,Eletrônicos,Caucaia,Região Metropolitana,Loja Física,Cartão de Crédito,1,5619.16,0.0
PED07693,2025-10-17,Fone Bluetooth,Áudio,Fortaleza,Fortaleza,Site,Cartão de Crédito,1,558.63,0.1
PED05119,2025-10-17,Mesa Escritório,Móveis,Fortaleza,Fortaleza,Loja Física,Cartão de Crédito,1,823.18,0.1
PED03189,2025-10-17,Fone Bluetooth,Áudio,Caucaia,Região Metropolitana,Marketplace,PIX,1,519.85,0.0
PED07065,2025-10-17,Memória RAM,Informática,Sobral,Interior,Marketplace,Cartão de Crédito,2,530.65,0.0
PED09017,2025-10-17,Mouse,Acessórios,Maracanaú,Região Metropolitana,Site,PIX,3,56.14,0.15
PED08459,2025-10-17,Smartphone,Eletrônicos,Sobral,Interior,Site,Cartão de Crédito,1,1780.67,0.05
PED05594,2025-10-17,SSD 1TB,Informática,Caucaia,Região Metropolitana,Marketplace,PIX,3,389.13,0.1
PED04369,2025-10-17,SSD 1TB,Informática,Fortaleza,Fortaleza,Site,PIX,1,536.57,0.0
PED09151,2025-10-17,Caixa de Som,Áudio,Fortaleza,Fortaleza,Loja Física,PIX,1,274.45,0.0
PED06439,2025-10-17,Cadeira Gamer,Móveis,Itapipoca,Interior,Site,Cartão de Crédito,1,1928.28,0.1
PED07643,2025-10-17,Roteador,Informática,Maracanaú,Região Metropolitana,Marketplace,Cartão de Débito,1,193.38,0.1
PED01263,2025-10-17,Headset,Acessórios,Fortaleza,Fortaleza,Site,Cartão de Crédito,1,234.66,0.15
PED09310,2025-10-17,SSD 1TB,Informática,Fortaleza,Fortaleza,Loja Física,Cartão de Débito,1,480.11,0.0
PED06260,2025-10-17,Smartphone,Eletrônicos,Itapipoca,Interior,Loja Física,Cartão de Débito,1,4112.14,0.0
PED09242,2025-10-17,SSD 1TB,Informática,Caucaia,Região Metropolitana,Marketplace,Boleto,1,564.25,0.0
PED08478,2025-10-17,Webcam,Acessórios,Sobral,Interior,Loja Física,Boleto,1,354.75,0.0
PED04062,2025-10-17,Roteador,Informática,Fortaleza,Fortaleza,Site,Cartão de Débito,1,198.96,0.05
PED01633,2025-10-17,Memória RAM,Informática,Sobral,Interior,Marketplace,Cartão de Débito,1,403.75,0.0
PED00164,2025-10-18,Teclado,Acessórios,Itapipoca,Interior,Marketplace,Boleto,1,270.23,0.0
PED02152,2025-10-18,Roteador,Informática,Caucaia,Região Metropolitana,Site,Boleto,1,435.47,0.05
PED00356,2025-10-18,Webcam,Acessórios,Sobral,Interior,Site,Cartão de Crédito,1,448.36,0.0
PED09904,2025-10-18,Notebook,Eletrônicos,Caucaia,Região Metropolitana,Marketplace,Boleto,1,6283.69,0.0
PED04320,2025-10-18,Monitor,Eletrônicos,Sobral,Interior,Loja Física,PIX,2,1746.41,0.1
PED00789,2025-10-18,Smartphone,Eletrônicos,Fortaleza,Fortaleza,Site,Boleto,1,3392.49,0.0
PED00723,2025-10-18,Memória RAM,Informática,Fortaleza,Fortaleza,Marketplace,Cartão de Crédito,1,218.51,0.05
PED04118,2025-10-18,SSD 1TB,Informática,Maracanaú,Região Metropolitana,Marketplace,Cartão de Débito,3,445.93,0.0
PED08980,2025-10-18,Headset,Acessórios,Fortaleza,Fortaleza,Site,Boleto,4,231.99,0.0
PED02503,2025-10-18,Webcam,Acessórios,Fortaleza,Fortaleza,Site,PIX,1,532.36,0.05
PED04383,2025-10-18,Smartphone,Eletrônicos,Maracanaú,Região Metropolitana,Site,PIX,1,3609.69,0.0
PED01386,2025-10-18,Smartphone,Eletrônicos,Caucaia,Região Metropolitana,Site,PIX,2,2931.15,0.0
PED07595,2025-10-18,Monitor,Eletrônicos,Fortaleza,Fortaleza,Site,Cartão de Débito,1,1088.6,0.0
PED00666,2025-10-18,Fone Bluetooth,Áudio,Maracanaú,Região Metropolitana,Loja Física,Cartão de Débito,1,110.26,0.0
PED01612,2025-10-18,SSD 1TB,Informática,Maracanaú,Região Metropolitana,Marketplace,Cartão de Débito,1,377.75,0.0
PED05199,2025-10-19,Smartphone,Eletrônicos,Caucaia,Região Metropolitana,Loja Física,Cartão de Débito,1,3525.69,0.05
PED03257,2025-10-19,SSD 1TB,Informática,Caucaia,Região Metropolitana,Site,Boleto,2,387.16,0.1
PED01294,2025-10-19,Monitor,Eletrônicos,Maracanaú,Região Metropolitana,Marketplace,Boleto,1,1442.63,0.0
PED00794,2025-10-19,Monitor,Eletrônicos,Itapipoca,Interior,Loja Física,Boleto,1,964.23,0.05
PED08453,2025-10-19,Smartphone,Eletrônicos,Sobral,Interior,Marketplace,Cartão de Débito,3,4153.28,0.05
PED00367,2025-10-19,Monitor,Eletrônicos,Fortaleza,Fortaleza,Marketplace,PIX,1,1709.87,0.0
PED08471,2025-10-19,Webcam,Acessórios,Fortaleza,Fortaleza,Site,Boleto,1,485.89,0.15
PED09042,2025-10-19,Smartphone,Eletrônicos,Fortaleza,Fortaleza,Loja Física,Boleto,1,2215.24,0.1
PED09189,2025-10-19,Mouse,Acessórios,Maracanaú,Região Metropolitana,Site,Cartão de Crédito,1,54.49,0.0
PED08650,2025-10-19,Caixa de Som,Áudio,Sobral,Interior,Loja Física,PIX,1,274.92,0.15
PED01566,2025-10-19,Impressora,Informática,Fortaleza,Fortaleza,Site,PIX,1,1058.98,0.0
PED04364,2025-10-19,Notebook,Eletrônicos,Itapipoca,Interior,Marketplace,Cartão de Débito,2,5078.33,0.1
PED06273,2025-10-19,Memória RAM,Informática,Juazeiro do Norte,Interior,Marketplace,Cartão de Débito,1,216.17,0.05
PED07539,2025-10-19,Headset,Acessórios,Fortaleza,Fortaleza,Marketplace,Boleto,1,234.31,0.0
PED09134,2025-10-19,SSD 1TB,Informática,Itapipoca,Interior,Loja Física,Cartão de Crédito,1,560.43,0.1
PED06094,2025-10-19,Mouse,Acessórios,Caucaia,Região Metropolitana,Site,Cartão de Débito,1,83.73,0.05
PED00617,2025-10-19,Mesa Escritório,Móveis,Juazeiro do Norte,Interior,Marketplace,Cartão de Débito,2,924.84,0.05
PED00699,2025-10-19,Smartphone,Eletrônicos,Fortaleza,Fortaleza,Marketplace,Cartão de Crédito,1,4378.66,0.0
PED03031,2025-10-19,Teclado,Acessórios,Fortaleza,Fortaleza,Loja Física,Cartão de Crédito,1,325.91,0.1
PED09914,2025-10-19,Monitor,Eletrônicos,Fortaleza,Fortaleza,Marketplace,Cartão de Crédito,3,1416.68,0.05
PED07485,2025-10-20,Monitor,Eletrônicos,Juazeiro do Norte,Interior,Marketplace,Cartão de Débito,1,1811.58,0.0
PED04862,2025-10-20,Smartphone,Eletrônicos,Juazeiro do Norte,Interior,Marketplace,Cartão de Crédito,3,3545.14,0.0
PED02456,2025-10-20,Roteador,Informática,Juazeiro do Norte,Interior,Loja Física,Cartão de Débito,1,446.29,0.0
PED07234,2025-10-20,Impressora,Informática,Sobral,Interior,Marketplace,Boleto,1,756.27,0.0
PED09157,2025-10-20,Mouse,Acessórios,Fortaleza,Fortaleza,Marketplace,Cartão de Crédito,1,273.31,0.0
PED07664,2025-10-20,Fone Bluetooth,Áudio,Fortaleza,Fortaleza,Site,Boleto,1,582.93,0.0
PED08596,2025-10-20,Fone Bluetooth,Áudio,Caucaia,Região Metropolitana,Site,PIX,1,534.36,0.1
PED00216,2025-10-20,Smartphone,Eletrônicos,Fortaleza,Fortaleza,Marketplace,Boleto,1,1620.64,0.0
PED03292,2025-10-20,Caixa de Som,Áudio,Fortaleza,Fortaleza,Site,Cartão de Crédito,2,116.82,0.05
PED03976,2025-10-20,SSD 1TB,Informática,Maracanaú,Região Metropolitana,Loja Física,Cartão de Débito,2,363.65,0.0
PED05435,2025-10-20,Mouse,Acessórios,Fortaleza,Fortaleza,Loja Física,Cartão de Débito,1,52.01,0.1
PED06960,2025-10-20,Teclado,Acessórios,Fortaleza,Fortaleza,Marketplace,Boleto,2,349.95,0.1
PED02718,2025-10-20,Webcam,Acessórios,Caucaia,Região Metropolitana,Marketplace,Boleto,1,268.07,0.1
PED03266,2025-10-20,Headset,Acessórios,Caucaia,Região Metropolitana,Loja Física,Cartão de Débito,3,178.58,0.0
PED02566,2025-10-20,Headset,Acessórios,Maracanaú,Região Metropolitana,Loja Física,PIX,3,238.39,0.0
PED01238,2025-10-21,Notebook,Eletrônicos,Fortaleza,Fortaleza,Loja Física,Boleto,1,5466.33,0.0
PED01183,2025-10-21,Monitor,Eletrônicos,Caucaia,Região Metropolitana,Site,Boleto,1,1300.74,0.0
PED01448,2025-10-21,Webcam,Acessórios,Itapipoca,Interior,Site,Cartão de Débito,2,188.42,0.05
PED02224,2025-10-21,Roteador,Informática,Maracanaú,Região Metropolitana,Site,Cartão de Crédito,4,167.53,0.0
PED06789,2025-10-21,Headset,Acessórios,Itapipoca,Interior,Site,Cartão de Crédito,1,546.04,0.0
PED05112,2025-10-21,Fone Bluetooth,Áudio,Fortaleza,Fortaleza,Site,Boleto,2,207.23,0.05
PED05450,2025-10-21,Headset,Acessórios,Sobral,Interior,Loja Física,Cartão de Débito,2,267.06,0.1
PED02089,2025-10-21,Roteador,Informática,Fortaleza,Fortaleza,Loja Física,Cartão de Débito,1,259.37,0.0
PED06755,2025-10-21,Memória RAM,Informática,Caucaia,Região Metropolitana,Site,Cartão de Débito,1,483.4,0.0
PED05784,2025-10-21,Cadeira Gamer,Móveis,Maracanaú,Região Metropolitana,Site,Boleto,1,2084.06,0.0
PED04023,2025-10-21,Memória RAM,Informática,Juazeiro do Norte,Interior,Site,PIX,4,281.34,0.1
PED08087,2025-10-21,Smartphone,Eletrônicos,Fortaleza,Fortaleza,Loja Física,PIX,2,2642.63,0.0
PED05388,2025-10-21,Memória RAM,Informática,Maracanaú,Região Metropolitana,Site,Cartão de Crédito,2,168.03,0.1
PED05510,2025-10-22,Caixa de Som,Áudio,Sobral,Interior,Loja Física,PIX,3,787.57,0.05
PED08367,2025-10-22,Webcam,Acessórios,Fortaleza,Fortaleza,Marketplace,Boleto,2,537.54,0.0
PED09323,2025-10-22,Caixa de Som,Áudio,Fortaleza,Fortaleza,Site,Cartão de Débito,4,379.83,0.1
PED04606,2025-10-22,Cadeira Gamer,Móveis,Fortaleza,Fortaleza,Marketplace,Cartão de Crédito,1,1331.15,0.05
PED05010,2025-10-22,Notebook,Eletrônicos,Caucaia,Região Metropolitana,Marketplace,Boleto,1,5362.69,0.1
PED00958,2025-10-22,Impressora,Informática,Fortaleza,Fortaleza,Marketplace,Cartão de Crédito,2,1136.55,0.0
PED01568,2025-10-22,Teclado,Acessórios,Fortaleza,Fortaleza,Marketplace,Boleto,1,293.41,0.0
PED00703,2025-10-22,Cadeira Gamer,Móveis,Juazeiro do Norte,Interior,Site,Cartão de Débito,1,1052.47,0.0
PED09461,2025-10-22,Cadeira Gamer,Móveis,Maracanaú,Região Metropolitana,Site,Boleto,1,1619.03,0.1
PED05351,2025-10-22,Cadeira Gamer,Móveis,Sobral,Interior,Loja Física,Boleto,1,2106.86,0.1
PED09491,2025-10-22,Cadeira Gamer,Móveis,Juazeiro do Norte,Interior,Site,Cartão de Crédito,2,2132.34,0.0
PED02885,2025-10-22,Cadeira Gamer,Móveis,Fortaleza,Fortaleza,Loja Física,Cartão de Crédito,1,1362.64,0.1
PED01459,2025-10-22,Roteador,Informática,Fortaleza,Fortaleza,Site,Boleto,1,353.12,0.0
PED09332,2025-10-22,Notebook,Eletrônicos,Fortaleza,Fortaleza,Site,Cartão de Débito,2,3540.0,0.05
PED06658,2025-10-22,Memória RAM,Informática,Juazeiro do Norte,Interior,Site,Cartão de Débito,1,426.77,0.0
PED09919,2025-10-22,Monitor,Eletrônicos,Fortaleza,Fortaleza,Loja Física,Boleto,1,772.71,0.0
PED00122,2025-10-22,Notebook,Eletrônicos,Maracanaú,Região Metropolitana,Loja Física,PIX,1,4632.11,0.05
PED01473,2025-10-22,Teclado,Acessórios,Fortaleza,Fortaleza,Site,Boleto,3,193.65,0.1
PED06706,2025-10-22,Memória RAM,Informática,Fortaleza,Fortaleza,Loja Física,Cartão de Crédito,2,463.68,0.15
PED08059,2025-10-22,Mouse,Acessórios,Fortaleza,Fortaleza,Site,PIX,2,142.6,0.0
PED03275,2025-10-22,Memória RAM,Informática,Fortaleza,Fortaleza,Marketplace,Cartão de Débito,1,482.18,0.0
PED07986,2025-10-22,Impressora,Informática,Sobral,Interior,Marketplace,Boleto,2,1422.54,0.05
PED08799,2025-10-22,Monitor,Eletrônicos,Itapipoca,Interior,Site,Cartão de Débito,1,934.12,0.1
PED08309,2025-10-22,Impressora,Informática,Itapipoca,Interior,Loja Física,Boleto,2,618.71,0.1
PED03626,2025-10-22,Headset,Acessórios,Maracanaú,Região Metropolitana,Marketplace,Cartão de Débito,1,200.58,0.1
PED04710,2025-10-22,Mesa Escritório,Móveis,Fortaleza,Fortaleza,Loja Física,PIX,1,1358.24,0.1
PED05361,2025-10-22,Impressora,Informática,Caucaia,Região Metropolitana,Loja Física,Cartão de Débito,1,613.02,0.05
PED04993,2025-10-22,Notebook,Eletrônicos,Caucaia,Região Metropolitana,Site,Boleto,1,6083.01,0.0
PED04803,2025-10-23,Mouse,Acessórios,Fortaleza,Fortaleza,Loja Física,PIX,1,204.26,0.0
PED06101,2025-10-23,Notebook,Eletrônicos,Fortaleza,Fortaleza,Site,Cartão de Crédito,1,6428.76,0.0
PED03825,2025-10-23,Teclado,Acessórios,Fortaleza,Fortaleza,Loja Física,Cartão de Crédito,1,380.01,0.0
PED08725,2025-10-23,Roteador,Informática,Maracanaú,Região Metropolitana,Loja Física,Cartão de Crédito,1,581.1,0.0
PED09799,2025-10-23,Fone Bluetooth,Áudio,Juazeiro do Norte,Interior,Marketplace,Boleto,1,535.04,0.0
PED07672,2025-10-23,Impressora,Informática,Fortaleza,Fortaleza,Marketplace,Cartão de Crédito,1,1548.44,0.15
PED08120,2025-10-23,Mesa Escritório,Móveis,Fortaleza,Fortaleza,Marketplace,PIX,2,1216.45,0.0
PED01986,2025-10-23,Teclado,Acessórios,Itapipoca,Interior,Site,PIX,1,98.97,0.1
PED03980,2025-10-23,Monitor,Eletrônicos,Fortaleza,Fortaleza,Marketplace,Boleto,1,854.34,0.0
PED03437,2025-10-23,Notebook,Eletrônicos,Fortaleza,Fortaleza,Marketplace,Boleto,1,6372.67,0.05
PED05221,2025-10-23,Roteador,Informática,Sobral,Interior,Marketplace,Cartão de Crédito,1,296.48,0.0
PED02742,2025-10-23,Impressora,Informática,Fortaleza,Fortaleza,Loja Física,Cartão de Crédito,1,1751.22,0.1
PED05368,2025-10-23,Roteador,Informática,Fortaleza,Fortaleza,Marketplace,PIX,1,235.03,0.1
PED06581,2025-10-23,Mesa Escritório,Móveis,Caucaia,Região Metropolitana,Marketplace,Boleto,4,1062.26,0.0
PED06061,2025-10-23,Cadeira Gamer,Móveis,Juazeiro do Norte,Interior,Loja Física,Cartão de Débito,1,1040.4,0.0
PED00863,2025-10-23,Smartphone,Eletrônicos,Caucaia,Região Metropolitana,Marketplace,PIX,1,1196.09,0.0
PED02059,2025-10-23,Fone Bluetooth,Áudio,Itapipoca,Interior,Marketplace,PIX,1,259.04,0.1
PED09749,2025-10-23,Teclado,Acessórios,Caucaia,Região Metropolitana,Marketplace,Cartão de Crédito,1,151.77,0.15
PED09900,2025-10-23,Webcam,Acessórios,Caucaia,Região Metropolitana,Site,PIX,1,436.96,0.0
PED04217,2025-10-23,Roteador,Informática,Itapipoca,Interior,Site,PIX,2,311.26,0.0
PED02401,2025-10-23,Monitor,Eletrônicos,Itapipoca,Interior,Site,Cartão de Débito,3,1727.36,0.05
PED09257,2025-10-23,Webcam,Acessórios,Fortaleza,Fortaleza,Loja Física,Boleto,1,201.37,0.05
PED05902,2025-10-24,Teclado,Acessórios,Sobral,Interior,Loja Física,PIX,2,81.2,0.05
PED07727,2025-10-24,Caixa de Som,Áudio,Itapipoca,Interior,Loja Física,Cartão de Débito,2,536.45,0.0
PED06922,2025-10-24,Teclado,Acessórios,Maracanaú,Região Metropolitana,Loja Física,Cartão de Débito,2,79.94,0.0
PED06648,2025-10-24,Mesa Escritório,Móveis,Fortaleza,Fortaleza,Loja Física,Boleto,1,1189.73,0.0
PED02256,2025-10-24,Cadeira Gamer,Móveis,Itapipoca,Interior,Marketplace,PIX,1,2193.29,0.05
PED01454,2025-10-24,Fone Bluetooth,Áudio,Caucaia,Região Metropolitana,Site,Cartão de Crédito,1,498.06,0.1
PED00258,2025-10-24,Webcam,Acessórios,Sobral,Interior,Loja Física,PIX,1,293.07,0.05
PED06775,2025-10-24,Roteador,Informática,Caucaia,Região Metropolitana,Loja Física,Cartão de Débito,2,185.31,0.1
PED09411,2025-10-24,Caixa de Som,Áudio,Itapipoca,Interior,Site,PIX,1,490.03,0.1
PED02262,2025-10-24,SSD 1TB,Informática,Juazeiro do Norte,Interior,Marketplace,PIX,2,581.67,0.0
PED05187,2025-10-24,Headset,Acessórios,Fortaleza,Fortaleza,Loja Física,Cartão de Débito,3,507.81,0.0
PED06261,2025-10-24,Impressora,Informática,Juazeiro do Norte,Interior,Loja Física,PIX,2,1689.58,0.05
PED03023,2025-10-24,Impressora,Informática,Fortaleza,Fortaleza,Site,PIX,1,782.55,0.1
PED07275,2025-10-24,Notebook,Eletrônicos,Caucaia,Região Metropolitana,Marketplace,Cartão de Débito,1,4367.76,0.05
PED04981,2025-10-24,Memória RAM,Informática,Caucaia,Região Metropolitana,Site,Boleto,1,523.16,0.1
PED07333,2025-10-24,Teclado,Acessórios,Maracanaú,Região Metropolitana,Site,Boleto,1,369.83,0.0
PED00847,2025-10-24,Headset,Acessórios,Caucaia,Região Metropolitana,Site,PIX,3,326.38,0.0
PED01403,2025-10-24,Teclado,Acessórios,Fortaleza,Fortaleza,Site,Boleto,1,337.24,0.0
PED04894,2025-10-24,Cadeira Gamer,Móveis,Fortaleza,Fortaleza,Loja Física,Cartão de Débito,1,1890.6,0.0
PED00483,2025-10-25,Notebook,Eletrônicos,Fortaleza,Fortaleza,Site,Cartão de Débito,1,4605.78,0.0
PED09902,2025-10-25,Impressora,Informática,Fortaleza,Fortaleza,Site,Boleto,1,1009.49,0.0
PED04596,2025-10-25,Mesa Escritório,Móveis,Sobral,Interior,Marketplace,Boleto,4,473.8,0.0
PED05339,2025-10-25,Fone Bluetooth,Áudio,Maracanaú,Região Metropolitana,Marketplace,Boleto,3,503.41,0.05
PED08124,2025-10-25,Impressora,Informática,Fortaleza,Fortaleza,Loja Física,Cartão de Crédito,3,790.02,0.05
PED05200,2025-10-25,Smartphone,Eletrônicos,Maracanaú,Região Metropolitana,Site,Cartão de Crédito,1,3995.02,0.1
PED07361,2025-10-25,Webcam,Acessórios,Caucaia,Região Metropolitana,Loja Física,Cartão de Crédito,1,485.3,0.0
PED08379,2025-10-25,Memória RAM,Informática,Fortaleza,Fortaleza,Loja Física,PIX,1,449.88,0.0
PED00545,2025-10-25,Monitor,Eletrônicos,Fortaleza,Fortaleza,Loja Física,Boleto,1,1276.4,0.1
PED06904,2025-10-25,Smartphone,Eletrônicos,Juazeiro do Norte,Interior,Marketplace,Boleto,4,1882.34,0.0
PED08169,2025-10-25,SSD 1TB,Informática,Sobral,Interior,Loja Física,PIX,2,383.66,0.0
PED02673,2025-10-25,Headset,Acessórios,Fortaleza,Fortaleza,Loja Física,Boleto,2,530.0,0.0
PED01355,2025-10-25,Teclado,Acessórios,Caucaia,Região Metropolitana,Loja Física,Cartão de Crédito,1,356.9,0.0
PED09694,2025-10-25,Headset,Acessórios,Juazeiro do Norte,Interior,Loja Física,Cartão de Débito,1,454.51,0.05
PED09571,2025-10-25,Memória RAM,Informática,Maracanaú,Região Metropolitana,Loja Física,Cartão de Crédito,1,261.77,0.05
PED03884,2025-10-25,Impressora,Informática,Caucaia,Região Metropolitana,Marketplace,Cartão de Débito,2,736.68,0.15
PED07221,2025-10-25,Roteador,Informática,Caucaia,Região Metropolitana,Site,Boleto,1,400.86,0.05
PED04066,2025-10-25,Webcam,Acessórios,Caucaia,Região Metropolitana,Loja Física,PIX,1,565.44,0.0
PED05027,2025-10-25,Roteador,Informática,Sobral,Interior,Marketplace,PIX,2,200.92,0.1
PED06911,2025-10-25,Teclado,Acessórios,Sobral,Interior,Marketplace,Cartão de Crédito,3,99.71,0.05
PED06294,2025-10-25,Memória RAM,Informática,Itapipoca,Interior,Site,Boleto,4,204.87,0.0
PED08581,2025-10-26,Mouse,Acessórios,Juazeiro do Norte,Interior,Loja Física,Boleto,2,210.47,0.0
PED09757,2025-10-26,Smartphone,Eletrônicos,Maracanaú,Região Metropolitana,Marketplace,PIX,1,2123.79,0.0
PED01750,2025-10-26,Fone Bluetooth,Áudio,Maracanaú,Região Metropolitana,Marketplace,PIX,1,208.38,0.0
PED06677,2025-10-26,Cadeira Gamer,Móveis,Fortaleza,Fortaleza,Loja Física,Boleto,1,1092.73,0.1
PED00753,2025-10-26,SSD 1TB,Informática,Maracanaú,Região Metropolitana,Marketplace,PIX,1,386.12,0.05
PED08785,2025-10-26,Mouse,Acessórios,Juazeiro do Norte,Interior,Loja Física,Cartão de Crédito,1,148.63,0.0
PED06185,2025-10-26,Fone Bluetooth,Áudio,Maracanaú,Região Metropolitana,Marketplace,Boleto,4,374.34,0.05
PED05857,2025-10-26,Fone Bluetooth,Áudio,Maracanaú,Região Metropolitana,Site,Boleto,1,238.94,0.05
PED08199,2025-10-26,Mouse,Acessórios,Fortaleza,Fortaleza,Site,PIX,1,220.84,0.0
PED04752,2025-10-26,Webcam,Acessórios,Maracanaú,Região Metropolitana,Loja Física,Cartão de Crédito,2,166.14,0.05
PED00392,2025-10-26,Roteador,Informática,Fortaleza,Fortaleza,Site,Cartão de Débito,2,567.46,0.0
PED06652,2025-10-26,Mouse,Acessórios,Sobral,Interior,Loja Física,Cartão de Crédito,3,47.99,0.0
PED05666,2025-10-26,Caixa de Som,Áudio,Juazeiro do Norte,Interior,Site,PIX,1,400.23,0.15
PED03295,2025-10-26,Fone Bluetooth,Áudio,Sobral,Interior,Site,PIX,1,350.86,0.1
PED04335,2025-10-26,Caixa de Som,Áudio,Fortaleza,Fortaleza,Site,Cartão de Crédito,1,435.45,0.05
PED02728,2025-10-26,Notebook,Eletrônicos,Fortaleza,Fortaleza,Marketplace,Boleto,1,4696.34,0.0
PED08362,2025-10-26,Fone Bluetooth,Áudio,Maracanaú,Região Metropolitana,Site,Boleto,1,301.72,0.0
PED03960,2025-10-26,Monitor,Eletrônicos,Caucaia,Região Metropolitana,Site,Boleto,1,1529.61,0.0
PED02829,2025-10-26,Notebook,Eletrônicos,Sobral,Interior,Marketplace,Cartão de Crédito,2,3888.64,0.15
PED00499,2025-10-26,Mesa Escritório,Móveis,Maracanaú,Região Metropolitana,Marketplace,Cartão de Débito,1,1257.41,0.0
PED00350,2025-10-27,Memória RAM,Informática,Fortaleza,Fortaleza,Site,Cartão de Débito,1,530.96,0.0
PED01416,2025-10-27,Notebook,Eletrônicos,Fortaleza,Fortaleza,Loja Física,Boleto,1,4779.71,0.1
PED00701,2025-10-27,Caixa de Som,Áudio,Fortaleza,Fortaleza,Site,Cartão de Crédito,1,185.42,0.05
PED06684,2025-10-27,Mouse,Acessórios,Juazeiro do Norte,Interior,Site,Boleto,1,231.9,0.0
PED07911,2025-10-27,Headset,Acessórios,Sobral,Interior,Site,Boleto,2,234.58,0.0
PED05907,2025-10-27,Impressora,Informática,Itapipoca,Interior,Site,Boleto,1,746.71,0.0
PED04566,2025-10-27,Mouse,Acessórios,Juazeiro do Norte,Interior,Site,Boleto,1,55.42,0.0
PED08851,2025-10-27,Fone Bluetooth,Áudio,Caucaia,Região Metropolitana,Marketplace,PIX,1,229.77,0.0
PED09676,2025-10-27,Headset,Acessórios,Fortaleza,Fortaleza,Site,PIX,1,169.18,0.15
PED02011,2025-10-27,Teclado,Acessórios,Maracanaú,Região Metropolitana,Site,Cartão de Crédito,1,223.72,0.1
PED06607,2025-10-27,Impressora,Informática,Maracanaú,Região Metropolitana,Loja Física,PIX,2,1293.0,0.0
PED03414,2025-10-27,Memória RAM,Informática,Itapipoca,Interior,Site,PIX,1,299.26,0.0
PED01597,2025-10-27,Monitor,Eletrônicos,Itapipoca,Interior,Site,Cartão de Débito,2,1445.95,0.0
PED06741,2025-10-27,Teclado,Acessórios,Fortaleza,Fortaleza,Marketplace,Boleto,1,117.09,0.0
PED06656,2025-10-27,Mouse,Acessórios,Maracanaú,Região Metropolitana,Site,Cartão de Débito,1,74.73,0.05
PED09054,2025-10-27,Teclado,Acessórios,Fortaleza,Fortaleza,Marketplace,PIX,1,250.81,0.0
PED08623,2025-10-27,Roteador,Informática,Fortaleza,Fortaleza,Site,Cartão de Crédito,1,169.47,0.0
PED07038,2025-10-27,Mesa Escritório,Móveis,Juazeiro do Norte,Interior,Site,Cartão de Crédito,3,808.75,0.0
PED07740,2025-10-27,Roteador,Informática,Fortaleza,Fortaleza,Loja Física,Cartão de Crédito,2,327.09,0.0
PED09052,2025-10-28,Mouse,Acessórios,Caucaia,Região Metropolitana,Site,Cartão de Débito,1,71.57,0.0
PED03131,2025-10-28,Impressora,Informática,Fortaleza,Fortaleza,Loja Física,Cartão de Crédito,2,814.11,0.0
PED06725,2025-10-28,Mouse,Acessórios,Sobral,Interior,Site,PIX,1,208.3,0.1
PED08015,2025-10-28,Smartphone,Eletrônicos,Caucaia,Região Metropolitana,Loja Física,Boleto,1,1705.35,0.05
PED03761,2025-10-28,Teclado,Acessórios,Caucaia,Região Metropolitana,Site,Cartão de Débito,1,78.22,0.0
PED08987,2025-10-28,Memória RAM,Informática,Juazeiro do Norte,Interior,Loja Física,PIX,1,353.18,0.0
PED05401,2025-10-28,Mouse,Acessórios,Fortaleza,Fortaleza,Loja Física,PIX,1,116.15,0.0
PED01444,2025-10-28,Impressora,Informática,Caucaia,Região Metropolitana,Loja Física,Cartão de Débito,1,853.84,0.0
PED01452,2025-10-28,Headset,Acessórios,Fortaleza,Fortaleza,Loja Física,Cartão de Débito,2,502.82,0.0
PED09069,2025-10-28,Roteador,Informática,Fortaleza,Fortaleza,Marketplace,PIX,2,285.27,0.0
PED01701,2025-10-28,Memória RAM,Informática,Fortaleza,Fortaleza,Marketplace,PIX,1,279.53,0.0
PED03475,2025-10-28,Cadeira Gamer,Móveis,Fortaleza,Fortaleza,Loja Física,Cartão de Crédito,1,1123.73,0.0
PED08584,2025-10-28,Roteador,Informática,Fortaleza,Fortaleza,Loja Física,Cartão de Crédito,1,367.18,0.1
PED05056,2025-10-28,Monitor,Eletrônicos,Fortaleza,Fortaleza,Loja Física,Cartão de Crédito,3,1775.47,0.0
PED01127,2025-10-28,Fone Bluetooth,Áudio,Maracanaú,Região Metropolitana,Loja Física,Boleto,2,151.07,0.0
PED09227,2025-10-28,Monitor,Eletrônicos,Fortaleza,Fortaleza,Loja Física,PIX,1,839.61,0.0
PED01998,2025-10-28,Impressora,Informática,Fortaleza,Fortaleza,Loja Física,PIX,1,618.64,0.1
PED09956,2025-10-28,Smartphone,Eletrônicos,Fortaleza,Fortaleza,Loja Física,Cartão de Crédito,1,4182.35,0.0
PED07611,2025-10-28,Smartphone,Eletrônicos,Sobral,Interior,Site,Cartão de Débito,2,1791.47,0.1
PED04303,2025-10-28,SSD 1TB,Informática,Sobral,Interior,Loja Física,Cartão de Crédito,2,647.36,0.1
PED02618,2025-10-29,Teclado,Acessórios,Sobral,Interior,Site,Boleto,4,286.4,0.05
PED08090,2025-10-29,SSD 1TB,Informática,Fortaleza,Fortaleza,Marketplace,PIX,1,514.15,0.0
PED05270,2025-10-29,Memória RAM,Informática,Juazeiro do Norte,Interior,Marketplace,Cartão de Crédito,1,540.25,0.0
PED06743,2025-10-29,SSD 1TB,Informática,Maracanaú,Região Metropolitana,Marketplace,Cartão de Crédito,3,635.87,0.1
PED02162,2025-10-29,Webcam,Acessórios,Fortaleza,Fortaleza,Loja Física,Cartão de Crédito,1,487.69,0.1
PED04356,2025-10-29,SSD 1TB,Informática,Fortaleza,Fortaleza,Marketplace,Cartão de Débito,2,496.53,0.0
PED01365,2025-10-29,Impressora,Informática,Fortaleza,Fortaleza,Loja Física,Boleto,1,601.19,0.0
PED05488,2025-10-29,Smartphone,Eletrônicos,Caucaia,Região Metropolitana,Loja Física,PIX,1,2503.03,0.0
PED02347,2025-10-29,Memória RAM,Informática,Itapipoca,Interior,Marketplace,Cartão de Crédito,1,301.17,0.0
PED07943,2025-10-29,Roteador,Informática,Maracanaú,Região Metropolitana,Marketplace,PIX,1,465.82,0.0
PED02745,2025-10-29,Fone Bluetooth,Áudio,Fortaleza,Fortaleza,Loja Física,Cartão de Crédito,4,433.26,0.0
PED04734,2025-10-29,SSD 1TB,Informática,Caucaia,Região Metropolitana,Site,Boleto,1,449.43,0.15
PED07695,2025-10-30,Monitor,Eletrônicos,Fortaleza,Fortaleza,Loja Física,Cartão de Crédito,2,938.41,0.1
PED08462,2025-10-30,Roteador,Informática,Sobral,Interior,Loja Física,Boleto,1,453.17,0.0
PED09831,2025-10-30,Notebook,Eletrônicos,Fortaleza,Fortaleza,Marketplace,PIX,1,5673.52,0.1
PED08461,2025-10-30,Impressora,Informática,Caucaia,Região Metropolitana,Marketplace,Cartão de Crédito,1,803.14,0.0
PED00261,2025-10-30,Impressora,Informática,Fortaleza,Fortaleza,Marketplace,Cartão de Crédito,1,769.37,0.05
PED04233,2025-10-30,Headset,Acessórios,Fortaleza,Fortaleza,Loja Física,Cartão de Crédito,2,118.94,0.05
PED08863,2025-10-30,Roteador,Informática,Juazeiro do Norte,Interior,Marketplace,Cartão de Débito,1,426.75,0.0
PED01896,2025-10-30,Teclado,Acessórios,Itapipoca,Interior,Loja Física,Cartão de Débito,3,340.8,0.0
PED00459,2025-10-30,Impressora,Informática,Fortaleza,Fortaleza,Site,Boleto,1,1055.75,0.0
PED08077,2025-10-30,Smartphone,Eletrônicos,Fortaleza,Fortaleza,Site,Cartão de Crédito,1,2382.84,0.0
PED05297,2025-10-30,Caixa de Som,Áudio,Itapipoca,Interior,Site,Cartão de Débito,1,304.15,0.15
PED07330,2025-10-30,Teclado,Acessórios,Itapipoca,Interior,Site,Cartão de Crédito,1,168.48,0.05
PED02440,2025-10-30,Webcam,Acessórios,Fortaleza,Fortaleza,Loja Física,Cartão de Débito,3,245.54,0.0
PED05059,2025-10-30,Cadeira Gamer,Móveis,Juazeiro do Norte,Interior,Loja Física,Boleto,1,893.79,0.1
PED07106,2025-10-30,Impressora,Informática,Fortaleza,Fortaleza,Site,Boleto,1,1657.55,0.0
PED00134,2025-10-30,Mouse,Acessórios,Juazeiro do Norte,Interior,Marketplace,Cartão de Débito,3,249.1,0.15
PED06708,2025-10-30,Memória RAM,Informática,Caucaia,Região Metropolitana,Site,Cartão de Débito,1,271.83,0.05
PED03909,2025-10-30,Fone Bluetooth,Áudio,Fortaleza,Fortaleza,Marketplace,Cartão de Débito,3,419.87,0.0
PED07519,2025-10-30,Cadeira Gamer,Móveis,Caucaia,Região Metropolitana,Loja Física,Cartão de Débito,1,746.76,0.0
PED01815,2025-10-30,Impressora,Informática,Fortaleza,Fortaleza,Marketplace,PIX,3,1469.37,0.05
PED02636,2025-10-30,Headset,Acessórios,Sobral,Interior,Loja Física,Boleto,1,144.78,0.1
PED01147,2025-10-31,Notebook,Eletrônicos,Caucaia,Região Metropolitana,Loja Física,Boleto,1,5443.94,0.0
PED08406,2025-10-31,Teclado,Acessórios,Maracanaú,Região Metropolitana,Loja Física,Cartão de Débito,2,143.16,0.0
PED07402,2025-10-31,Memória RAM,Informática,Juazeiro do Norte,Interior,Loja Física,Cartão de Débito,2,473.05,0.0
PED08450,2025-10-31,Mesa Escritório,Móveis,Maracanaú,Região Metropolitana,Marketplace,Cartão de Débito,1,1446.88,0.0
PED06997,2025-10-31,Mesa Escritório,Móveis,Fortaleza,Fortaleza,Loja Física,Cartão de Débito,1,1097.02,0.0
PED04722,2025-10-31,Memória RAM,Informática,Fortaleza,Fortaleza,Marketplace,Boleto,2,443.94,0.0
PED08335,2025-10-31,SSD 1TB,Informática,Fortaleza,Fortaleza,Marketplace,PIX,3,288.01,0.05
PED08956,2025-10-31,Fone Bluetooth,Áudio,Caucaia,Região Metropolitana,Marketplace,PIX,1,209.66,0.0
PED01699,2025-10-31,Roteador,Informática,Fortaleza,Fortaleza,Marketplace,Cartão de Crédito,1,335.11,0.05
PED02807,2025-10-31,Teclado,Acessórios,Caucaia,Região Metropolitana,Loja Física,Cartão de Débito,2,261.24,0.1
PED09174,2025-10-31,Caixa de Som,Áudio,Fortaleza,Fortaleza,Marketplace,Cartão de Débito,1,134.0,0.15
PED06000,2025-11-01,Cadeira Gamer,Móveis,Maracanaú,Região Metropolitana,Loja Física,Boleto,2,1375.43,0.0
PED04594,2025-11-01,Roteador,Informática,Caucaia,Região Metropolitana,Marketplace,Boleto,1,215.4,0.0
PED00347,2025-11-01,Webcam,Acessórios,Fortaleza,Fortaleza,Loja Física,Boleto,2,272.43,0.1
PED00249,2025-11-01,Teclado,Acessórios,Juazeiro do Norte,Interior,Site,Cartão de Crédito,1,332.29,0.0
PED09177,2025-11-01,Smartphone,Eletrônicos,Sobral,Interior,Site,Boleto,1,2003.06,0.0
PED04521,2025-11-01,Headset,Acessórios,Fortaleza,Fortaleza,Marketplace,Cartão de Débito,1,392.97,0.1
PED08159,2025-11-01,Monitor,Eletrônicos,Fortaleza,Fortaleza,Loja Física,Cartão de Débito,1,1646.72,0.05
PED09617,2025-11-01,Mesa Escritório,Móveis,Maracanaú,Região Metropolitana,Loja Física,Boleto,1,784.36,0.1
PED07291,2025-11-01,Webcam,Acessórios,Caucaia,Região Metropolitana,Loja Física,PIX,2,681.07,0.1
PED09415,2025-11-01,Memória RAM,Informática,Fortaleza,Fortaleza,Site,Cartão de Crédito,3,449.01,0.0
PED09893,2025-11-01,SSD 1TB,Informática,Sobral,Interior,Loja Física,Cartão de Crédito,1,548.29,0.0
PED06544,2025-11-01,Caixa de Som,Áudio,Sobral,Interior,Loja Física,Boleto,3,341.88,0.0
PED06110,2025-11-01,Mouse,Acessórios,Caucaia,Região Metropolitana,Loja Física,PIX,1,69.24,0.0
PED07723,2025-11-01,Mouse,Acessórios,Maracanaú,Região Metropolitana,Loja Física,Boleto,2,227.71,0.05
PED03036,2025-11-01,Mouse,Acessórios,Fortaleza,Fortaleza,Marketplace,PIX,2,74.39,0.05
PED03923,2025-11-01,Roteador,Informática,Sobral,Interior,Site,Cartão de Débito,3,363.52,0.05
PED04329,2025-11-01,Mouse,Acessórios,Fortaleza,Fortaleza,Marketplace,PIX,1,221.97,0.0
PED05752,2025-11-01,Notebook,Eletrônicos,Maracanaú,Região Metropolitana,Site,PIX,1,3697.87,0.05
PED07856,2025-11-02,Mouse,Acessórios,Fortaleza,Fortaleza,Loja Física,Cartão de Débito,1,118.88,0.15
PED07623,2025-11-02,Mouse,Acessórios,Maracanaú,Região Metropolitana,Site,PIX,1,121.19,0.0
PED05620,2025-11-02,Mesa Escritório,Móveis,Fortaleza,Fortaleza,Site,Cartão de Débito,2,1481.26,0.0
PED06279,2025-11-02,Monitor,Eletrônicos,Fortaleza,Fortaleza,Marketplace,PIX,2,1796.09,0.0
PED04742,2025-11-02,Webcam,Acessórios,Caucaia,Região Metropolitana,Marketplace,Boleto,1,170.42,0.0
PED02512,2025-11-02,Headset,Acessórios,Juazeiro do Norte,Interior,Site,Cartão de Débito,1,492.34,0.0
PED08049,2025-11-02,Webcam,Acessórios,Sobral,Interior,Site,Cartão de Crédito,2,330.42,0.1
PED06474,2025-11-02,Cadeira Gamer,Móveis,Maracanaú,Região Metropolitana,Site,Cartão de Débito,2,2073.76,0.0
PED03528,2025-11-02,Headset,Acessórios,Fortaleza,Fortaleza,Loja Física,PIX,1,235.86,0.0
PED02969,2025-11-02,Memória RAM,Informática,Caucaia,Região Metropolitana,Marketplace,Cartão de Crédito,1,474.15,0.0
PED02380,2025-11-02,Teclado,Acessórios,Fortaleza,Fortaleza,Site,Cartão de Crédito,4,275.27,0.1
PED07852,2025-11-02,Fone Bluetooth,Áudio,Caucaia,Região Metropolitana,Site,PIX,1,90.43,0.0
PED03670,2025-11-02,Cadeira Gamer,Móveis,Itapipoca,Interior,Loja Física,Cartão de Débito,1,1912.24,0.0
PED00471,2025-11-02,Memória RAM,Informática,Maracanaú,Região Metropolitana,Site,Boleto,1,441.13,0.1
PED07036,2025-11-02,Notebook,Eletrônicos,Caucaia,Região Metropolitana,Loja Física,PIX,1,3534.07,0.05
PED07228,2025-11-03,Mouse,Acessórios,Fortaleza,Fortaleza,Marketplace,PIX,1,140.54,0.0
PED03666,2025-11-03,Memória RAM,Informática,Caucaia,Região Metropolitana,Loja Física,Boleto,1,475.57,0.05
PED08564,2025-11-03,Webcam,Acessórios,Maracanaú,Região Metropolitana,Site,Cartão de Débito,2,445.98,0.0
PED00363,2025-11-03,Smartphone,Eletrônicos,Itapipoca,Interior,Loja Física,Boleto,1,3684.46,0.0
PED03545,2025-11-03,Cadeira Gamer,Móveis,Itapipoca,Interior,Site,Cartão de Crédito,1,654.13,0.0
PED03611,2025-11-03,Notebook,Eletrônicos,Maracanaú,Região Metropolitana,Marketplace,PIX,2,3553.38,0.0
PED05442,2025-11-03,Roteador,Informática,Fortaleza,Fortaleza,Loja Física,Cartão de Crédito,1,525.73,0.1
PED07731,2025-11-03,Mesa Escritório,Móveis,Fortaleza,Fortaleza,Loja Física,Boleto,1,845.98,0.0
PED06858,2025-11-03,Roteador,Informática,Fortaleza,Fortaleza,Site,PIX,1,297.12,0.05
PED06038,2025-11-03,Webcam,Acessórios,Fortaleza,Fortaleza,Loja Física,Cartão de Crédito,1,645.88,0.1
PED04275,2025-11-03,Mesa Escritório,Móveis,Fortaleza,Fortaleza,Marketplace,Cartão de Débito,1,1190.42,0.1
PED07125,2025-11-03,Mouse,Acessórios,Sobral,Interior,Site,Boleto,1,138.51,0.0
PED03198,2025-11-03,Smartphone,Eletrônicos,Fortaleza,Fortaleza,Site,Cartão de Crédito,1,4171.1,0.1
PED00397,2025-11-03,Cadeira Gamer,Móveis,Fortaleza,Fortaleza,Site,Cartão de Crédito,1,698.18,0.0
PED03618,2025-11-03,Headset,Acessórios,Fortaleza,Fortaleza,Loja Física,Cartão de Débito,1,367.85,0.05
PED00711,2025-11-03,Caixa de Som,Áudio,Caucaia,Região Metropolitana,Marketplace,Cartão de Débito,2,488.62,0.1
PED07632,2025-11-03,Smartphone,Eletrônicos,Maracanaú,Região Metropolitana,Marketplace,Cartão de Débito,2,3263.89,0.05
PED01063,2025-11-03,Mesa Escritório,Móveis,Itapipoca,Interior,Site,Cartão de Débito,1,1350.6,0.0
PED00241,2025-11-03,Roteador,Informática,Fortaleza,Fortaleza,Marketplace,Cartão de Débito,1,383.22,0.05
PED02929,2025-11-03,Webcam,Acessórios,Maracanaú,Região Metropolitana,Marketplace,Cartão de Débito,2,556.31,0.1
PED00700,2025-11-03,Cadeira Gamer,Móveis,Maracanaú,Região Metropolitana,Site,Cartão de Débito,3,2041.17,0.0
PED08415,2025-11-03,Cadeira Gamer,Móveis,Itapipoca,Interior,Site,PIX,1,990.9,0.0
PED04193,2025-11-03,Mouse,Acessórios,Caucaia,Região Metropolitana,Marketplace,PIX,1,95.1,0.0
PED07572,2025-11-03,Headset,Acessórios,Fortaleza,Fortaleza,Marketplace,PIX,1,348.71,0.0
PED08032,2025-11-04,Monitor,Eletrônicos,Fortaleza,Fortaleza,Site,Boleto,2,1133.76,0.1
PED00037,2025-11-04,Cadeira Gamer,Móveis,Fortaleza,Fortaleza,Site,Cartão de Débito,1,2089.98,0.0
PED04804,2025-11-04,Memória RAM,Informática,Itapipoca,Interior,Site,Cartão de Crédito,1,352.27,0.05
PED06180,2025-11-04,Headset,Acessórios,Fortaleza,Fortaleza,Marketplace,Cartão de Débito,1,377.96,0.0
PED01775,2025-11-04,Smartphone,Eletrônicos,Sobral,Interior,Marketplace,Boleto,1,4200.35,0.0
PED08920,2025-11-04,Caixa de Som,Áudio,Caucaia,Região Metropolitana,Marketplace,Cartão de Débito,2,747.42,0.0
PED08041,2025-11-04,Smartphone,Eletrônicos,Caucaia,Região Metropolitana,Loja Física,Cartão de Débito,2,1526.61,0.0
PED07288,2025-11-04,Fone Bluetooth,Áudio,Maracanaú,Região Metropolitana,Site,Boleto,1,176.88,0.0
PED08007,2025-11-04,Fone Bluetooth,Áudio,Sobral,Interior,Loja Física,Cartão de Débito,1,203.56,0.0
PED04956,2025-11-04,SSD 1TB,Informática,Fortaleza,Fortaleza,Site,Cartão de Crédito,1,643.75,0.0
PED09500,2025-11-04,Memória RAM,Informática,Juazeiro do Norte,Interior,Marketplace,Cartão de Débito,3,304.96,0.0
PED05176,2025-11-04,Teclado,Acessórios,Fortaleza,Fortaleza,Site,Cartão de Crédito,3,226.0,0.05
PED00301,2025-11-04,Webcam,Acessórios,Caucaia,Região Metropolitana,Marketplace,PIX,1,499.17,0.05
PED08142,2025-11-04,Caixa de Som,Áudio,Fortaleza,Fortaleza,Marketplace,Cartão de Crédito,2,789.19,0.1
PED03017,2025-11-04,Fone Bluetooth,Áudio,Caucaia,Região Metropolitana,Marketplace,Boleto,1,411.02,0.0
PED03180,2025-11-04,Cadeira Gamer,Móveis,Juazeiro do Norte,Interior,Loja Física,Cartão de Crédito,2,1262.89,0.05
PED02871,2025-11-04,Mesa Escritório,Móveis,Maracanaú,Região Metropolitana,Site,Cartão de Crédito,1,1085.34,0.0
PED01949,2025-11-04,Mouse,Acessórios,Caucaia,Região Metropolitana,Site,PIX,2,254.26,0.0
PED09038,2025-11-04,Fone Bluetooth,Áudio,Maracanaú,Região Metropolitana,Marketplace,Cartão de Débito,2,109.31,0.0
PED03239,2025-11-05,Teclado,Acessórios,Itapipoca,Interior,Marketplace,PIX,3,361.38,0.0
PED01241,2025-11-05,Memória RAM,Informática,Fortaleza,Fortaleza,Marketplace,Cartão de Débito,1,289.35,0.0
PED04872,2025-11-05,Roteador,Informática,Itapipoca,Interior,Site,Boleto,2,573.11,0.0
PED00080,2025-11-05,Cadeira Gamer,Móveis,Sobral,Interior,Marketplace,PIX,1,1884.15,0.05
PED09836,2025-11-05,Cadeira Gamer,Móveis,Itapipoca,Interior,Loja Física,Cartão de Débito,2,1028.21,0.0
PED09741,2025-11-05,Notebook,Eletrônicos,Fortaleza,Fortaleza,Site,Cartão de Débito,2,6235.08,0.15
PED02794,2025-11-05,Caixa de Som,Áudio,Fortaleza,Fortaleza,Loja Física,Boleto,1,520.48,0.0
PED07134,2025-11-05,Mesa Escritório,Móveis,Fortaleza,Fortaleza,Marketplace,PIX,1,777.95,0.15
PED00058,2025-11-05,Webcam,Acessórios,Itapipoca,Interior,Site,PIX,3,296.25,0.05
PED00791,2025-11-05,Cadeira Gamer,Móveis,Caucaia,Região Metropolitana,Site,Boleto,3,657.08,0.05
PED02995,2025-11-05,Notebook,Eletrônicos,Fortaleza,Fortaleza,Loja Física,Cartão de Crédito,1,4434.1,0.05
PED04119,2025-11-05,Smartphone,Eletrônicos,Itapipoca,Interior,Marketplace,Cartão de Débito,1,1223.5,0.1
PED08700,2025-11-05,Mouse,Acessórios,Maracanaú,Região Metropolitana,Loja Física,Cartão de Débito,2,131.46,0.0
PED09302,2025-11-05,Roteador,Informática,Juazeiro do Norte,Interior,Loja Física,PIX,1,304.96,0.0
PED07683,2025-11-05,Notebook,Eletrônicos,Maracanaú,Região Metropolitana,Loja Física,Cartão de Débito,2,3352.02,0.15
PED08356,2025-11-05,Impressora,Informática,Fortaleza,Fortaleza,Site,Boleto,1,1226.1,0.0
PED07607,2025-11-05,Impressora,Informática,Sobral,Interior,Site,Cartão de Crédito,1,998.64,0.0
PED08429,2025-11-05,Smartphone,Eletrônicos,Juazeiro do Norte,Interior,Marketplace,Cartão de Crédito,1,3834.5,0.1
PED02296,2025-11-05,Roteador,Informática,Fortaleza,Fortaleza,Loja Física,Cartão de Débito,1,393.36,0.0
PED05374,2025-11-05,Roteador,Informática,Fortaleza,Fortaleza,Site,Cartão de Crédito,3,397.74,0.1
PED06996,2025-11-05,Monitor,Eletrônicos,Fortaleza,Fortaleza,Marketplace,Cartão de Crédito,3,676.14,0.0
PED09627,2025-11-05,Mesa Escritório,Móveis,Juazeiro do Norte,Interior,Site,PIX,1,968.18,0.05
PED09324,2025-11-06,Smartphone,Eletrônicos,Caucaia,Região Metropolitana,Marketplace,Cartão de Débito,2,4222.81,0.15
PED02533,2025-11-06,Mouse,Acessórios,Fortaleza,Fortaleza,Loja Física,Cartão de Débito,1,55.2,0.15
PED02454,2025-11-06,Headset,Acessórios,Sobral,Interior,Site,Cartão de Crédito,1,141.91,0.0
PED04063,2025-11-06,Mesa Escritório,Móveis,Juazeiro do Norte,Interior,Site,PIX,1,549.3,0.0
PED07398,2025-11-06,Memória RAM,Informática,Sobral,Interior,Marketplace,Cartão de Débito,3,290.16,0.0
PED08825,2025-11-06,Mouse,Acessórios,Sobral,Interior,Marketplace,Cartão de Débito,2,148.11,0.0
PED00841,2025-11-06,Caixa de Som,Áudio,Fortaleza,Fortaleza,Marketplace,Cartão de Débito,1,445.87,0.0
PED05961,2025-11-06,Roteador,Informática,Maracanaú,Região Metropolitana,Marketplace,Boleto,1,170.64,0.0
PED00715,2025-11-06,Smartphone,Eletrônicos,Caucaia,Região Metropolitana,Loja Física,Cartão de Débito,1,1530.05,0.0
PED04128,2025-11-06,Roteador,Informática,Caucaia,Região Metropolitana,Site,Cartão de Crédito,2,582.23,0.0
PED09747,2025-11-06,Notebook,Eletrônicos,Fortaleza,Fortaleza,Marketplace,PIX,1,3591.38,0.0
PED03633,2025-11-06,Smartphone,Eletrônicos,Sobral,Interior,Site,PIX,1,1982.1,0.0
PED00455,2025-11-06,Webcam,Acessórios,Sobral,Interior,Marketplace,Boleto,1,459.0,0.0
PED05331,2025-11-07,Caixa de Som,Áudio,Fortaleza,Fortaleza,Marketplace,PIX,1,685.35,0.05
PED01553,2025-11-07,Impressora,Informática,Juazeiro do Norte,Interior,Site,Cartão de Débito,1,1477.58,0.1
PED06171,2025-11-07,Memória RAM,Informática,Caucaia,Região Metropolitana,Site,Cartão de Crédito,1,442.77,0.05
PED08637,2025-11-07,Caixa de Som,Áudio,Juazeiro do Norte,Interior,Loja Física,Cartão de Crédito,1,678.4,0.05
PED01770,2025-11-07,Caixa de Som,Áudio,Caucaia,Região Metropolitana,Loja Física,Cartão de Crédito,1,730.57,0.0
PED01390,2025-11-07,Caixa de Som,Áudio,Sobral,Interior,Site,PIX,1,741.31,0.1
PED08970,2025-11-07,Memória RAM,Informática,Fortaleza,Fortaleza,Site,Boleto,1,528.27,0.0
PED00875,2025-11-07,Notebook,Eletrônicos,Fortaleza,Fortaleza,Marketplace,Cartão de Crédito,1,4821.88,0.1
PED02186,2025-11-07,Webcam,Acessórios,Maracanaú,Região Metropolitana,Site,Boleto,1,343.78,0.0
PED01564,2025-11-07,Webcam,Acessórios,Juazeiro do Norte,Interior,Marketplace,Cartão de Crédito,2,522.67,0.05
PED03683,2025-11-07,Headset,Acessórios,Caucaia,Região Metropolitana,Loja Física,Cartão de Crédito,1,206.68,0.0
PED03841,2025-11-07,SSD 1TB,Informática,Fortaleza,Fortaleza,Site,Cartão de Crédito,4,381.03,0.0
PED05099,2025-11-07,Mouse,Acessórios,Juazeiro do Norte,Interior,Loja Física,Boleto,1,115.58,0.1
PED03345,2025-11-07,Monitor,Eletrônicos,Itapipoca,Interior,Site,Cartão de Débito,1,1611.38,0.0
PED01860,2025-11-07,Smartphone,Eletrônicos,Itapipoca,Interior,Loja Física,PIX,1,4325.58,0.1
PED03393,2025-11-08,Headset,Acessórios,Fortaleza,Fortaleza,Site,Cartão de Débito,1,233.83,0.1
PED00318,2025-11-08,SSD 1TB,Informática,Maracanaú,Região Metropolitana,Loja Física,Boleto,1,402.92,0.0
PED01572,2025-11-08,Headset,Acessórios,Fortaleza,Fortaleza,Site,Cartão de Débito,2,297.69,0.0
PED05028,2025-11-08,Mouse,Acessórios,Maracanaú,Região Metropolitana,Site,Cartão de Débito,1,110.81,0.1
PED00102,2025-11-08,Caixa de Som,Áudio,Maracanaú,Região Metropolitana,Marketplace,Boleto,1,759.87,0.0
PED07148,2025-11-08,Cadeira Gamer,Móveis,Fortaleza,Fortaleza,Loja Física,Cartão de Débito,1,1521.24,0.0
PED00386,2025-11-08,Memória RAM,Informática,Caucaia,Região Metropolitana,Marketplace,Cartão de Crédito,1,335.57,0.0
PED04902,2025-11-08,Webcam,Acessórios,Fortaleza,Fortaleza,Site,Cartão de Crédito,2,414.13,0.15
PED08657,2025-11-08,Teclado,Acessórios,Caucaia,Região Metropolitana,Loja Física,Cartão de Débito,3,418.08,0.0
PED04140,2025-11-08,Roteador,Informática,Fortaleza,Fortaleza,Marketplace,Boleto,2,540.7,0.0
PED06737,2025-11-08,Fone Bluetooth,Áudio,Maracanaú,Região Metropolitana,Marketplace,Cartão de Débito,1,219.66,0.0
PED08820,2025-11-08,Monitor,Eletrônicos,Juazeiro do Norte,Interior,Loja Física,Cartão de Débito,1,1548.84,0.0
PED09268,2025-11-08,Mesa Escritório,Móveis,Juazeiro do Norte,Interior,Loja Física,PIX,2,630.51,0.1
PED03158,2025-11-08,Caixa de Som,Áudio,Caucaia,Região Metropolitana,Loja Física,Boleto,1,308.88,0.0
PED03115,2025-11-08,Caixa de Som,Áudio,Fortaleza,Fortaleza,Marketplace,Cartão de Crédito,1,797.15,0.1
PED03099,2025-11-08,Fone Bluetooth,Áudio,Itapipoca,Interior,Marketplace,Boleto,2,605.15,0.1
PED00752,2025-11-08,Mesa Escritório,Móveis,Fortaleza,Fortaleza,Marketplace,Cartão de Débito,1,520.63,0.05
PED05454,2025-11-09,Roteador,Informática,Maracanaú,Região Metropolitana,Marketplace,Cartão de Crédito,1,464.03,0.1
PED01424,2025-11-09,Webcam,Acessórios,Fortaleza,Fortaleza,Loja Física,Cartão de Débito,1,663.59,0.0
PED01371,2025-11-09,Teclado,Acessórios,Fortaleza,Fortaleza,Loja Física,Cartão de Débito,1,285.33,0.0
PED03456,2025-11-09,Cadeira Gamer,Móveis,Sobral,Interior,Marketplace,Boleto,1,987.77,0.0
PED01596,2025-11-09,Cadeira Gamer,Móveis,Fortaleza,Fortaleza,Site,Boleto,3,1693.58,0.0
PED05574,2025-11-09,Mouse,Acessórios,Fortaleza,Fortaleza,Marketplace,Cartão de Crédito,2,146.71,0.0
PED06657,2025-11-09,Memória RAM,Informática,Juazeiro do Norte,Interior,Site,Boleto,1,515.0,0.1
PED02487,2025-11-09,Notebook,Eletrônicos,Caucaia,Região Metropolitana,Loja Física,Cartão de Débito,1,3690.04,0.1
PED00541,2025-11-09,Cadeira Gamer,Móveis,Fortaleza,Fortaleza,Site,PIX,1,922.44,0.0
PED02560,2025-11-09,Mouse,Acessórios,Fortaleza,Fortaleza,Marketplace,Boleto,2,172.23,0.1
PED01420,2025-11-09,Teclado,Acessórios,Juazeiro do Norte,Interior,Marketplace,Cartão de Crédito,2,116.64,0.0
PED00661,2025-11-09,Headset,Acessórios,Fortaleza,Fortaleza,Loja Física,Cartão de Débito,1,373.46,0.05
PED04732,2025-11-09,Monitor,Eletrônicos,Maracanaú,Região Metropolitana,Marketplace,Boleto,1,1772.21,0.0
PED04692,2025-11-09,Fone Bluetooth,Áudio,Fortaleza,Fortaleza,Marketplace,Cartão de Débito,2,317.73,0.0
PED07348,2025-11-09,Monitor,Eletrônicos,Fortaleza,Fortaleza,Site,Cartão de Débito,2,1161.92,0.1
PED00339,2025-11-09,Roteador,Informática,Fortaleza,Fortaleza,Loja Física,Cartão de Crédito,1,324.25,0.0
PED06910,2025-11-09,Cadeira Gamer,Móveis,Caucaia,Região Metropolitana,Marketplace,Cartão de Débito,2,1955.68,0.1
PED00454,2025-11-09,Roteador,Informática,Sobral,Interior,Marketplace,Cartão de Débito,1,346.47,0.05
PED08230,2025-11-10,Smartphone,Eletrônicos,Maracanaú,Região Metropolitana,Marketplace,Cartão de Débito,2,3818.87,0.0
PED01112,2025-11-10,Monitor,Eletrônicos,Maracanaú,Região Metropolitana,Site,Cartão de Débito,1,1118.93,0.0
PED03654,2025-11-10,Memória RAM,Informática,Maracanaú,Região Metropolitana,Site,Cartão de Débito,4,330.6,0.1
PED06300,2025-11-10,Headset,Acessórios,Caucaia,Região Metropolitana,Loja Física,PIX,1,187.38,0.05
PED05676,2025-11-10,SSD 1TB,Informática,Itapipoca,Interior,Marketplace,Cartão de Crédito,1,436.38,0.0
PED06198,2025-11-10,SSD 1TB,Informática,Maracanaú,Região Metropolitana,Loja Física,PIX,2,302.72,0.05
PED02504,2025-11-10,Notebook,Eletrônicos,Fortaleza,Fortaleza,Site,Boleto,3,4838.16,0.0
PED06124,2025-11-10,Monitor,Eletrônicos,Fortaleza,Fortaleza,Site,Cartão de Crédito,1,1025.8,0.05
PED04861,2025-11-10,Headset,Acessórios,Maracanaú,Região Metropolitana,Marketplace,Boleto,1,291.01,0.1
PED04555,2025-11-10,Webcam,Acessórios,Itapipoca,Interior,Marketplace,Cartão de Crédito,1,564.98,0.1
PED06534,2025-11-10,Impressora,Informática,Juazeiro do Norte,Interior,Loja Física,PIX,1,1109.71,0.0
PED01056,2025-11-10,Fone Bluetooth,Áudio,Fortaleza,Fortaleza,Site,Boleto,2,405.68,0.0
PED01653,2025-11-10,Fone Bluetooth,Áudio,Fortaleza,Fortaleza,Site,Cartão de Débito,1,598.12,0.0
PED08477,2025-11-10,Impressora,Informática,Juazeiro do Norte,Interior,Site,PIX,2,804.64,0.1
PED01696,2025-11-10,Cadeira Gamer,Móveis,Sobral,Interior,Loja Física,PIX,3,1641.15,0.0
PED05762,2025-11-10,Impressora,Informática,Fortaleza,Fortaleza,Loja Física,Cartão de Crédito,2,995.23,0.1
PED07185,2025-11-10,Impressora,Informática,Maracanaú,Região Metropolitana,Site,PIX,1,1253.7,0.0
PED06453,2025-11-10,Teclado,Acessórios,Maracanaú,Região Metropolitana,Loja Física,Cartão de Crédito,1,157.99,0.0
PED03622,2025-11-10,Cadeira Gamer,Móveis,Maracanaú,Região Metropolitana,Loja Física,Boleto,1,1482.42,0.05
PED02767,2025-11-11,SSD 1TB,Informática,Fortaleza,Fortaleza,Loja Física,Cartão de Débito,2,530.55,0.0
PED08929,2025-11-11,Impressora,Informática,Caucaia,Região Metropolitana,Loja Física,Boleto,3,1375.58,0.0
PED07651,2025-11-11,SSD 1TB,Informática,Caucaia,Região Metropolitana,Marketplace,Boleto,1,563.5,0.05
PED03800,2025-11-11,Roteador,Informática,Fortaleza,Fortaleza,Marketplace,Cartão de Crédito,1,593.8,0.0
PED07112,2025-11-11,Webcam,Acessórios,Juazeiro do Norte,Interior,Marketplace,Boleto,3,144.28,0.1
PED09188,2025-11-11,Monitor,Eletrônicos,Fortaleza,Fortaleza,Loja Física,PIX,2,1299.98,0.0
PED09976,2025-11-11,Memória RAM,Informática,Maracanaú,Região Metropolitana,Site,Boleto,2,439.27,0.0
PED09221,2025-11-11,Mesa Escritório,Móveis,Maracanaú,Região Metropolitana,Site,Cartão de Débito,1,1095.16,0.0
PED01542,2025-11-11,Notebook,Eletrônicos,Maracanaú,Região Metropolitana,Loja Física,Cartão de Crédito,1,3979.41,0.0
PED09968,2025-11-11,Fone Bluetooth,Áudio,Maracanaú,Região Metropolitana,Site,Cartão de Débito,1,278.47,0.05
PED00463,2025-11-11,Fone Bluetooth,Áudio,Fortaleza,Fortaleza,Site,Cartão de Débito,1,291.86,0.0
PED09541,2025-11-11,Memória RAM,Informática,Caucaia,Região Metropolitana,Site,Cartão de Débito,2,266.03,0.0
PED09072,2025-11-11,Notebook,Eletrônicos,Fortaleza,Fortaleza,Marketplace,Boleto,1,6064.43,0.1
PED00783,2025-11-11,Impressora,Informática,Fortaleza,Fortaleza,Loja Física,Boleto,1,1314.03,0.0
PED08491,2025-11-11,Webcam,Acessórios,Fortaleza,Fortaleza,Marketplace,Cartão de Débito,1,361.68,0.05
PED03560,2025-11-11,Smartphone,Eletrônicos,Fortaleza,Fortaleza,Site,PIX,1,2519.21,0.0
PED06296,2025-11-11,Smartphone,Eletrônicos,Fortaleza,Fortaleza,Loja Física,PIX,1,1915.19,0.0
PED02070,2025-11-11,Mouse,Acessórios,Itapipoca,Interior,Site,Cartão de Débito,1,81.23,0.05
PED08992,2025-11-12,Memória RAM,Informática,Fortaleza,Fortaleza,Marketplace,Cartão de Débito,1,247.73,0.15
PED06277,2025-11-12,Mesa Escritório,Móveis,Caucaia,Região Metropolitana,Marketplace,Cartão de Crédito,1,631.18,0.1
PED02300,2025-11-12,SSD 1TB,Informática,Fortaleza,Fortaleza,Site,Cartão de Crédito,3,351.15,0.05
PED01123,2025-11-12,Mouse,Acessórios,Itapipoca,Interior,Loja Física,Cartão de Crédito,3,252.26,0.0
PED02916,2025-11-12,Cadeira Gamer,Móveis,Juazeiro do Norte,Interior,Marketplace,Cartão de Débito,1,916.0,0.0
PED06954,2025-11-12,Mouse,Acessórios,Maracanaú,Região Metropolitana,Marketplace,Boleto,2,132.22,0.0
PED04569,2025-11-12,Teclado,Acessórios,Sobral,Interior,Site,Boleto,1,363.62,0.0
PED04976,2025-11-12,Teclado,Acessórios,Fortaleza,Fortaleza,Site,Boleto,1,206.91,0.05
PED06258,2025-11-12,Mesa Escritório,Móveis,Fortaleza,Fortaleza,Marketplace,PIX,1,1443.78,0.0
PED08210,2025-11-12,Webcam,Acessórios,Fortaleza,Fortaleza,Site,PIX,1,188.4,0.0
PED00395,2025-11-12,Smartphone,Eletrônicos,Caucaia,Região Metropolitana,Site,Cartão de Débito,3,3968.94,0.0
PED00430,2025-11-12,Impressora,Informática,Fortaleza,Fortaleza,Site,Boleto,1,1161.37,0.1
PED09600,2025-11-12,Roteador,Informática,Sobral,Interior,Marketplace,Cartão de Débito,1,373.31,0.1
PED02202,2025-11-12,Caixa de Som,Áudio,Juazeiro do Norte,Interior,Site,Boleto,1,185.51,0.05
PED09222,2025-11-12,Notebook,Eletrônicos,Fortaleza,Fortaleza,Site,Boleto,3,3235.9,0.1
PED06189,2025-11-12,Cadeira Gamer,Móveis,Fortaleza,Fortaleza,Loja Física,Cartão de Crédito,3,721.03,0.0
PED01527,2025-11-12,Headset,Acessórios,Caucaia,Região Metropolitana,Marketplace,Cartão de Crédito,2,433.81,0.15
PED03534,2025-11-12,Roteador,Informática,Itapipoca,Interior,Marketplace,Cartão de Débito,1,522.77,0.05
PED06822,2025-11-12,SSD 1TB,Informática,Caucaia,Região Metropolitana,Loja Física,Cartão de Débito,2,529.96,0.0
PED03587,2025-11-12,Mesa Escritório,Móveis,Maracanaú,Região Metropolitana,Site,Cartão de Crédito,1,1094.91,0.0
PED00290,2025-11-12,Mesa Escritório,Móveis,Fortaleza,Fortaleza,Site,Cartão de Débito,1,1039.74,0.05
PED00997,2025-11-13,Cadeira Gamer,Móveis,Fortaleza,Fortaleza,Marketplace,PIX,1,1648.07,0.1
PED03940,2025-11-13,Smartphone,Eletrônicos,Caucaia,Região Metropolitana,Site,Cartão de Débito,1,2928.96,0.0
PED09531,2025-11-13,Caixa de Som,Áudio,Itapipoca,Interior,Marketplace,Cartão de Crédito,2,491.08,0.0
PED07203,2025-11-13,Impressora,Informática,Fortaleza,Fortaleza,Site,Cartão de Crédito,2,892.55,0.0
PED02755,2025-11-13,SSD 1TB,Informática,Itapipoca,Interior,Site,Cartão de Crédito,2,376.01,0.15
PED08890,2025-11-13,Caixa de Som,Áudio,Sobral,Interior,Marketplace,Cartão de Crédito,1,570.94,0.0
PED06970,2025-11-13,Webcam,Acessórios,Fortaleza,Fortaleza,Marketplace,Cartão de Débito,1,589.5,0.0
PED02696,2025-11-13,Impressora,Informática,Fortaleza,Fortaleza,Loja Física,Cartão de Crédito,1,730.25,0.05
PED02500,2025-11-13,Caixa de Som,Áudio,Maracanaú,Região Metropolitana,Loja Física,PIX,1,521.83,0.05
PED04757,2025-11-13,Fone Bluetooth,Áudio,Fortaleza,Fortaleza,Marketplace,Cartão de Crédito,2,226.59,0.15
PED05895,2025-11-13,Notebook,Eletrônicos,Fortaleza,Fortaleza,Loja Física,Cartão de Débito,1,4095.84,0.0
PED01613,2025-11-13,Memória RAM,Informática,Fortaleza,Fortaleza,Marketplace,Boleto,1,194.59,0.05
PED05250,2025-11-13,Fone Bluetooth,Áudio,Maracanaú,Região Metropolitana,Site,Cartão de Débito,3,287.4,0.1
PED06800,2025-11-13,Smartphone,Eletrônicos,Fortaleza,Fortaleza,Site,PIX,4,1582.33,0.15
PED06238,2025-11-13,Impressora,Informática,Sobral,Interior,Marketplace,PIX,1,587.95,0.05
PED06371,2025-11-13,Cadeira Gamer,Móveis,Maracanaú,Região Metropolitana,Loja Física,Boleto,3,919.49,0.0
PED03908,2025-11-13,Memória RAM,Informática,Caucaia,Região Metropolitana,Loja Física,Cartão de Crédito,2,393.66,0.1
PED08710,2025-11-14,Roteador,Informática,Maracanaú,Região Metropolitana,Loja Física,Cartão de Crédito,2,416.33,0.0
PED06839,2025-11-14,Monitor,Eletrônicos,Fortaleza,Fortaleza,Marketplace,PIX,1,1308.12,0.0
PED06150,2025-11-14,Smartphone,Eletrônicos,Itapipoca,Interior,Marketplace,Cartão de Crédito,1,2387.01,0.05
PED07698,2025-11-14,Mesa Escritório,Móveis,Sobral,Interior,Marketplace,PIX,1,1302.88,0.0
PED07037,2025-11-14,Mouse,Acessórios,Sobral,Interior,Loja Física,Cartão de Crédito,2,181.92,0.1
PED09480,2025-11-14,Teclado,Acessórios,Juazeiro do Norte,Interior,Loja Física,Cartão de Débito,1,164.32,0.0
PED02107,2025-11-14,Roteador,Informática,Fortaleza,Fortaleza,Marketplace,Cartão de Crédito,1,579.45,0.0
PED02528,2025-11-14,Impressora,Informática,Itapipoca,Interior,Site,Cartão de Débito,1,778.89,0.0
PED07380,2025-11-14,SSD 1TB,Informática,Sobral,Interior,Site,PIX,2,392.76,0.0
PED04703,2025-11-14,SSD 1TB,Informática,Fortaleza,Fortaleza,Marketplace,PIX,3,386.6,0.0
PED06788,2025-11-14,Fone Bluetooth,Áudio,Fortaleza,Fortaleza,Marketplace,Boleto,2,506.15,0.05
PED04874,2025-11-14,Cadeira Gamer,Móveis,Fortaleza,Fortaleza,Marketplace,PIX,1,1365.21,0.0
PED05236,2025-11-14,Roteador,Informática,Maracanaú,Região Metropolitana,Marketplace,Cartão de Débito,1,434.48,0.05
PED00375,2025-11-14,Impressora,Informática,Itapipoca,Interior,Marketplace,Boleto,1,1462.45,0.05
PED03478,2025-11-14,Notebook,Eletrônicos,Fortaleza,Fortaleza,Site,Cartão de Débito,1,3755.05,0.05
PED05672,2025-11-14,Roteador,Informática,Maracanaú,Região Metropolitana,Marketplace,Cartão de Débito,1,438.81,0.1
PED09037,2025-11-15,Mesa Escritório,Móveis,Caucaia,Região Metropolitana,Site,Cartão de Débito,1,1249.69,0.05
PED06219,2025-11-15,Webcam,Acessórios,Sobral,Interior,Marketplace,Boleto,2,478.05,0.0
PED08434,2025-11-15,Monitor,Eletrônicos,Caucaia,Região Metropolitana,Site,PIX,2,771.15,0.1
PED07600,2025-11-15,Cadeira Gamer,Móveis,Fortaleza,Fortaleza,Marketplace,Boleto,2,1456.31,0.0
PED03678,2025-11-15,Teclado,Acessórios,Sobral,Interior,Site,Cartão de Débito,1,213.41,0.0
PED02248,2025-11-15,Notebook,Eletrônicos,Juazeiro do Norte,Interior,Site,PIX,1,5691.82,0.0
PED04246,2025-11-15,Notebook,Eletrônicos,Sobral,Interior,Loja Física,Boleto,1,4334.55,0.0
PED04587,2025-11-15,Smartphone,Eletrônicos,Fortaleza,Fortaleza,Loja Física,Cartão de Crédito,1,3776.66,0.1
PED08846,2025-11-15,Caixa de Som,Áudio,Fortaleza,Fortaleza,Site,Boleto,1,540.94,0.1
PED04584,2025-11-15,Webcam,Acessórios,Fortaleza,Fortaleza,Site,Cartão de Crédito,2,359.59,0.05
PED08158,2025-11-16,Cadeira Gamer,Móveis,Fortaleza,Fortaleza,Loja Física,PIX,1,2072.87,0.0
PED04886,2025-11-16,Monitor,Eletrônicos,Maracanaú,Região Metropolitana,Marketplace,Boleto,1,1374.67,0.05
PED09710,2025-11-16,Roteador,Informática,Fortaleza,Fortaleza,Marketplace,Cartão de Débito,2,239.27,0.0
PED04154,2025-11-16,Cadeira Gamer,Móveis,Itapipoca,Interior,Loja Física,Cartão de Crédito,3,1039.02,0.0
PED03144,2025-11-16,Cadeira Gamer,Móveis,Itapipoca,Interior,Loja Física,PIX,1,1153.09,0.0
PED00864,2025-11-16,SSD 1TB,Informática,Fortaleza,Fortaleza,Marketplace,Boleto,1,363.57,0.05
PED04845,2025-11-16,Teclado,Acessórios,Fortaleza,Fortaleza,Loja Física,Boleto,1,354.18,0.0
PED00720,2025-11-16,Fone Bluetooth,Áudio,Fortaleza,Fortaleza,Loja Física,Cartão de Débito,1,444.14,0.05
PED07956,2025-11-16,Cadeira Gamer,Móveis,Fortaleza,Fortaleza,Loja Física,PIX,1,798.7,0.1
PED03718,2025-11-16,Headset,Acessórios,Fortaleza,Fortaleza,Site,PIX,1,159.03,0.0
PED07700,2025-11-16,Webcam,Acessórios,Sobral,Interior,Loja Física,Cartão de Débito,1,606.75,0.0
PED02275,2025-11-16,Fone Bluetooth,Áudio,Maracanaú,Região Metropolitana,Loja Física,PIX,1,333.05,0.0
PED09812,2025-11-16,Headset,Acessórios,Fortaleza,Fortaleza,Loja Física,Cartão de Crédito,2,127.16,0.0
PED06293,2025-11-16,Impressora,Informática,Maracanaú,Região Metropolitana,Marketplace,Cartão de Débito,2,1601.26,0.0
PED09290,2025-11-16,Fone Bluetooth,Áudio,Fortaleza,Fortaleza,Site,Cartão de Crédito,1,424.07,0.1
PED01487,2025-11-16,Roteador,Informática,Sobral,Interior,Site,Boleto,1,385.44,0.05
PED09251,2025-11-16,Roteador,Informática,Caucaia,Região Metropolitana,Marketplace,Boleto,4,379.38,0.0
PED05877,2025-11-17,Mouse,Acessórios,Fortaleza,Fortaleza,Marketplace,Boleto,1,125.03,0.15
PED09087,2025-11-17,Smartphone,Eletrônicos,Itapipoca,Interior,Loja Física,Cartão de Crédito,3,1131.0,0.0
PED00168,2025-11-17,Notebook,Eletrônicos,Caucaia,Região Metropolitana,Marketplace,Boleto,1,5092.22,0.0
PED09715,2025-11-17,Mouse,Acessórios,Fortaleza,Fortaleza,Site,Cartão de Crédito,2,104.18,0.05
PED02562,2025-11-17,Webcam,Acessórios,Itapipoca,Interior,Loja Física,Boleto,2,408.16,0.0
PED09459,2025-11-17,SSD 1TB,Informática,Itapipoca,Interior,Loja Física,Cartão de Crédito,1,370.03,0.0
PED04042,2025-11-17,Webcam,Acessórios,Juazeiro do Norte,Interior,Marketplace,Cartão de Débito,1,676.15,0.05
PED09503,2025-11-17,Smartphone,Eletrônicos,Caucaia,Região Metropolitana,Loja Física,PIX,1,2910.23,0.1
PED02762,2025-11-17,SSD 1TB,Informática,Juazeiro do Norte,Interior,Site,Cartão de Crédito,4,393.81,0.0
PED00887,2025-11-17,Mouse,Acessórios,Caucaia,Região Metropolitana,Loja Física,Boleto,1,144.6,0.05
PED08754,2025-11-17,Fone Bluetooth,Áudio,Maracanaú,Região Metropolitana,Site,PIX,1,408.42,0.1
PED06655,2025-11-17,Cadeira Gamer,Móveis,Fortaleza,Fortaleza,Site,PIX,1,1201.43,0.05
PED09767,2025-11-17,Smartphone,Eletrônicos,Caucaia,Região Metropolitana,Loja Física,Cartão de Crédito,1,2981.2,0.0
PED09772,2025-11-17,Caixa de Som,Áudio,Sobral,Interior,Marketplace,PIX,1,752.38,0.0
PED02704,2025-11-17,Memória RAM,Informática,Maracanaú,Região Metropolitana,Loja Física,PIX,1,188.31,0.0
PED07194,2025-11-17,Smartphone,Eletrônicos,Juazeiro do Norte,Interior,Loja Física,Cartão de Crédito,1,4207.83,0.0
PED08687,2025-11-17,Mouse,Acessórios,Fortaleza,Fortaleza,Marketplace,PIX,3,54.68,0.0
PED08889,2025-11-17,Cadeira Gamer,Móveis,Maracanaú,Região Metropolitana,Loja Física,PIX,1,723.98,0.0
PED08055,2025-11-17,Headset,Acessórios,Juazeiro do Norte,Interior,Loja Física,Cartão de Débito,1,134.97,0.0
PED09429,2025-11-17,Notebook,Eletrônicos,Juazeiro do Norte,Interior,Loja Física,PIX,1,4743.59,0.0
PED03035,2025-11-17,Notebook,Eletrônicos,Fortaleza,Fortaleza,Loja Física,Cartão de Débito,2,3646.4,0.0
PED06100,2025-11-17,Fone Bluetooth,Áudio,Maracanaú,Região Metropolitana,Marketplace,Boleto,1,252.26,0.0
PED00337,2025-11-17,SSD 1TB,Informática,Fortaleza,Fortaleza,Marketplace,Boleto,2,506.18,0.0
PED03454,2025-11-17,Impressora,Informática,Sobral,Interior,Site,Cartão de Crédito,2,668.39,0.1
PED02129,2025-11-18,SSD 1TB,Informática,Fortaleza,Fortaleza,Site,Cartão de Crédito,3,354.97,0.15
PED01520,2025-11-18,Caixa de Som,Áudio,Fortaleza,Fortaleza,Loja Física,Cartão de Débito,1,788.38,0.05
PED01311,2025-11-18,Impressora,Informática,Fortaleza,Fortaleza,Marketplace,Boleto,2,1560.69,0.0
PED01166,2025-11-18,Roteador,Informática,Itapipoca,Interior,Loja Física,PIX,1,216.68,0.0
PED01734,2025-11-18,Roteador,Informática,Itapipoca,Interior,Marketplace,PIX,1,395.09,0.0
PED00975,2025-11-18,Fone Bluetooth,Áudio,Itapipoca,Interior,Site,PIX,1,551.39,0.0
PED01708,2025-11-18,Fone Bluetooth,Áudio,Sobral,Interior,Loja Física,Cartão de Crédito,1,490.46,0.0
PED01629,2025-11-18,Monitor,Eletrônicos,Sobral,Interior,Site,Boleto,1,1584.09,0.1
PED02388,2025-11-18,Notebook,Eletrônicos,Juazeiro do Norte,Interior,Marketplace,Cartão de Débito,2,6077.35,0.0
PED04883,2025-11-18,Webcam,Acessórios,Maracanaú,Região Metropolitana,Loja Física,Boleto,1,187.61,0.1
PED02291,2025-11-18,Caixa de Som,Áudio,Fortaleza,Fortaleza,Marketplace,PIX,1,177.45,0.0
PED06806,2025-11-18,Roteador,Informática,Fortaleza,Fortaleza,Loja Física,Boleto,1,551.23,0.0
PED00589,2025-11-19,Memória RAM,Informática,Juazeiro do Norte,Interior,Site,Cartão de Débito,2,346.32,0.0
PED00714,2025-11-19,Smartphone,Eletrônicos,Sobral,Interior,Marketplace,PIX,2,1877.39,0.05
PED03383,2025-11-19,SSD 1TB,Informática,Fortaleza,Fortaleza,Site,Cartão de Débito,2,526.77,0.1
PED05533,2025-11-19,Teclado,Acessórios,Fortaleza,Fortaleza,Marketplace,Cartão de Débito,1,211.68,0.05
PED09859,2025-11-19,Cadeira Gamer,Móveis,Juazeiro do Norte,Interior,Loja Física,Cartão de Débito,1,843.68,0.15
PED07612,2025-11-19,Monitor,Eletrônicos,Maracanaú,Região Metropolitana,Marketplace,Cartão de Débito,1,1739.62,0.0
PED02299,2025-11-19,Mouse,Acessórios,Fortaleza,Fortaleza,Site,Cartão de Débito,2,167.41,0.15
PED05931,2025-11-19,SSD 1TB,Informática,Caucaia,Região Metropolitana,Loja Física,Cartão de Crédito,1,565.24,0.1
PED09427,2025-11-19,Roteador,Informática,Fortaleza,Fortaleza,Site,Boleto,2,250.44,0.0
PED04502,2025-11-19,Notebook,Eletrônicos,Juazeiro do Norte,Interior,Loja Física,Cartão de Crédito,1,3537.73,0.0
PED06062,2025-11-19,Fone Bluetooth,Áudio,Juazeiro do Norte,Interior,Loja Física,Cartão de Débito,1,315.05,0.0
PED05515,2025-11-19,SSD 1TB,Informática,Sobral,Interior,Marketplace,Cartão de Crédito,4,301.34,0.05
PED08933,2025-11-19,Cadeira Gamer,Móveis,Sobral,Interior,Site,Cartão de Débito,1,2183.97,0.0
PED08654,2025-11-19,Memória RAM,Informática,Fortaleza,Fortaleza,Loja Física,Boleto,1,269.02,0.0
PED04585,2025-11-19,Cadeira Gamer,Móveis,Fortaleza,Fortaleza,Loja Física,Boleto,1,1832.94,0.1
PED07552,2025-11-19,Headset,Acessórios,Itapipoca,Interior,Marketplace,Cartão de Crédito,3,118.38,0.0
PED03815,2025-11-19,Caixa de Som,Áudio,Maracanaú,Região Metropolitana,Site,Cartão de Crédito,2,721.87,0.0
PED05216,2025-11-19,Impressora,Informática,Caucaia,Região Metropolitana,Loja Física,PIX,1,1005.71,0.0
PED04933,2025-11-20,Caixa de Som,Áudio,Fortaleza,Fortaleza,Marketplace,Boleto,1,638.0,0.0
PED09847,2025-11-20,Notebook,Eletrônicos,Sobral,Interior,Loja Física,Boleto,1,4763.49,0.0
PED00090,2025-11-20,Mouse,Acessórios,Fortaleza,Fortaleza,Loja Física,Cartão de Crédito,1,89.8,0.05
PED04226,2025-11-20,Caixa de Som,Áudio,Juazeiro do Norte,Interior,Loja Física,Cartão de Débito,1,417.9,0.0
PED08781,2025-11-20,Teclado,Acessórios,Caucaia,Região Metropolitana,Site,Cartão de Débito,1,277.19,0.1
PED00495,2025-11-20,Mesa Escritório,Móveis,Maracanaú,Região Metropolitana,Loja Física,Boleto,1,1307.02,0.0
PED08368,2025-11-20,Smartphone,Eletrônicos,Caucaia,Região Metropolitana,Site,Boleto,1,2783.74,0.0
PED09855,2025-11-20,Monitor,Eletrônicos,Fortaleza,Fortaleza,Loja Física,Cartão de Crédito,3,1250.3,0.0
PED08004,2025-11-20,Caixa de Som,Áudio,Fortaleza,Fortaleza,Site,Cartão de Débito,1,750.43,0.05
PED04583,2025-11-20,Headset,Acessórios,Sobral,Interior,Site,PIX,1,146.9,0.05
PED05179,2025-11-20,Notebook,Eletrônicos,Caucaia,Região Metropolitana,Site,Cartão de Débito,1,5902.12,0.0
PED07486,2025-11-21,Impressora,Informática,Fortaleza,Fortaleza,Marketplace,Cartão de Crédito,2,962.86,0.0
PED00900,2025-11-21,Notebook,Eletrônicos,Caucaia,Região Metropolitana,Marketplace,Boleto,1,4767.02,0.15
PED01287,2025-11-21,Caixa de Som,Áudio,Juazeiro do Norte,Interior,Loja Física,Cartão de Crédito,2,727.55,0.05
PED02174,2025-11-21,Memória RAM,Informática,Fortaleza,Fortaleza,Loja Física,PIX,2,533.92,0.0
PED00121,2025-11-21,Caixa de Som,Áudio,Fortaleza,Fortaleza,Marketplace,Boleto,2,710.67,0.0
PED07888,2025-11-21,Mesa Escritório,Móveis,Itapipoca,Interior,Loja Física,Cartão de Crédito,2,479.46,0.05
PED01521,2025-11-21,Teclado,Acessórios,Maracanaú,Região Metropolitana,Marketplace,Cartão de Crédito,2,414.18,0.0
PED04999,2025-11-21,SSD 1TB,Informática,Itapipoca,Interior,Site,Cartão de Débito,1,552.15,0.05
PED01330,2025-11-21,Smartphone,Eletrônicos,Sobral,Interior,Site,Boleto,1,1187.16,0.0
PED00738,2025-11-21,Mouse,Acessórios,Fortaleza,Fortaleza,Site,Cartão de Débito,1,278.81,0.0
PED01646,2025-11-21,Teclado,Acessórios,Fortaleza,Fortaleza,Site,Cartão de Crédito,1,149.92,0.05
PED05329,2025-11-21,Notebook,Eletrônicos,Fortaleza,Fortaleza,Site,Cartão de Crédito,1,5777.78,0.1
PED00630,2025-11-21,Cadeira Gamer,Móveis,Caucaia,Região Metropolitana,Marketplace,Cartão de Débito,1,1898.56,0.0
PED07012,2025-11-22,Smartphone,Eletrônicos,Sobral,Interior,Site,Cartão de Débito,2,2282.75,0.1
PED08416,2025-11-22,Impressora,Informática,Fortaleza,Fortaleza,Marketplace,Boleto,1,618.42,0.0
PED07029,2025-11-22,SSD 1TB,Informática,Sobral,Interior,Loja Física,Boleto,1,544.87,0.05
PED08410,2025-11-22,Monitor,Eletrônicos,Fortaleza,Fortaleza,Marketplace,PIX,1,1062.45,0.1
PED07697,2025-11-22,SSD 1TB,Informática,Fortaleza,Fortaleza,Marketplace,Cartão de Crédito,1,353.37,0.1
PED02132,2025-11-22,Mesa Escritório,Móveis,Caucaia,Região Metropolitana,Loja Física,Boleto,2,1020.11,0.15
PED04927,2025-11-22,Caixa de Som,Áudio,Fortaleza,Fortaleza,Site,Boleto,1,673.09,0.0
PED00410,2025-11-22,Caixa de Som,Áudio,Juazeiro do Norte,Interior,Marketplace,Cartão de Débito,1,739.79,0.0
PED06394,2025-11-22,Teclado,Acessórios,Itapipoca,Interior,Marketplace,Boleto,1,348.11,0.15
PED01545,2025-11-22,Cadeira Gamer,Móveis,Fortaleza,Fortaleza,Loja Física,Boleto,3,1848.55,0.0
PED01778,2025-11-23,Mouse,Acessórios,Juazeiro do Norte,Interior,Loja Física,PIX,3,208.85,0.0
PED02663,2025-11-23,SSD 1TB,Informática,Juazeiro do Norte,Interior,Loja Física,Cartão de Crédito,1,529.13,0.1
PED07395,2025-11-23,Notebook,Eletrônicos,Juazeiro do Norte,Interior,Marketplace,Cartão de Débito,1,4515.0,0.1
PED00721,2025-11-23,Teclado,Acessórios,Fortaleza,Fortaleza,Site,PIX,1,173.61,0.0
PED09811,2025-11-23,Teclado,Acessórios,Fortaleza,Fortaleza,Loja Física,Boleto,1,336.65,0.1
PED00230,2025-11-23,SSD 1TB,Informática,Fortaleza,Fortaleza,Marketplace,Cartão de Débito,1,640.89,0.0
PED02490,2025-11-23,Headset,Acessórios,Itapipoca,Interior,Site,PIX,2,457.67,0.0
PED08046,2025-11-23,Monitor,Eletrônicos,Fortaleza,Fortaleza,Site,Cartão de Débito,1,799.9,0.0
PED05940,2025-11-23,Mouse,Acessórios,Fortaleza,Fortaleza,Marketplace,Boleto,2,279.87,0.0
PED09690,2025-11-23,Teclado,Acessórios,Fortaleza,Fortaleza,Marketplace,Cartão de Débito,2,329.01,0.0
PED01245,2025-11-23,Headset,Acessórios,Juazeiro do Norte,Interior,Site,Boleto,1,311.39,0.0
PED06553,2025-11-23,Impressora,Informática,Juazeiro do Norte,Interior,Site,Cartão de Crédito,2,1563.45,0.1
PED04469,2025-11-23,Smartphone,Eletrônicos,Juazeiro do Norte,Interior,Loja Física,Cartão de Débito,2,1791.49,0.0
PED02338,2025-11-23,Fone Bluetooth,Áudio,Itapipoca,Interior,Marketplace,Cartão de Crédito,3,445.46,0.0
PED04115,2025-11-23,Mouse,Acessórios,Caucaia,Região Metropolitana,Marketplace,Cartão de Crédito,2,100.9,0.0
PED09820,2025-11-23,Mouse,Acessórios,Maracanaú,Região Metropolitana,Loja Física,PIX,1,53.73,0.05
PED08290,2025-11-23,SSD 1TB,Informática,Fortaleza,Fortaleza,Marketplace,Cartão de Crédito,1,569.54,0.1
PED03380,2025-11-23,Notebook,Eletrônicos,Fortaleza,Fortaleza,Loja Física,Cartão de Débito,2,6481.94,0.1
PED03056,2025-11-23,Monitor,Eletrônicos,Fortaleza,Fortaleza,Marketplace,Boleto,1,1505.48,0.0
PED09582,2025-11-23,Headset,Acessórios,Fortaleza,Fortaleza,Site,PIX,1,303.86,0.0
PED09703,2025-11-23,Caixa de Som,Áudio,Maracanaú,Região Metropolitana,Loja Física,PIX,1,612.34,0.05
PED05158,2025-11-23,Mouse,Acessórios,Fortaleza,Fortaleza,Loja Física,Cartão de Débito,2,142.24,0.0
PED04772,2025-11-24,Notebook,Eletrônicos,Maracanaú,Região Metropolitana,Loja Física,Cartão de Débito,1,4855.94,0.0
PED07671,2025-11-24,Fone Bluetooth,Áudio,Juazeiro do Norte,Interior,Marketplace,PIX,1,367.92,0.05
PED09955,2025-11-24,Mouse,Acessórios,Sobral,Interior,Site,Cartão de Crédito,1,94.42,0.05
PED03875,2025-11-24,Memória RAM,Informática,Fortaleza,Fortaleza,Site,Boleto,1,337.36,0.0
PED01616,2025-11-24,Smartphone,Eletrônicos,Itapipoca,Interior,Marketplace,Boleto,1,1270.5,0.0
PED08595,2025-11-24,Teclado,Acessórios,Maracanaú,Região Metropolitana,Site,PIX,2,365.08,0.1
PED03614,2025-11-24,Caixa de Som,Áudio,Fortaleza,Fortaleza,Marketplace,Cartão de Crédito,1,162.54,0.0
PED01280,2025-11-24,Memória RAM,Informática,Fortaleza,Fortaleza,Marketplace,PIX,1,545.12,0.05
PED03846,2025-11-24,Memória RAM,Informática,Maracanaú,Região Metropolitana,Site,Cartão de Crédito,1,197.38,0.0
PED06270,2025-11-24,Headset,Acessórios,Itapipoca,Interior,Loja Física,PIX,1,344.63,0.0
PED00291,2025-11-24,SSD 1TB,Informática,Caucaia,Região Metropolitana,Loja Física,Cartão de Débito,2,395.78,0.05
PED08239,2025-11-24,Impressora,Informática,Maracanaú,Região Metropolitana,Site,Cartão de Débito,1,720.07,0.0
PED09068,2025-11-24,Roteador,Informática,Fortaleza,Fortaleza,Marketplace,Cartão de Crédito,1,256.9,0.0
PED03338,2025-11-24,Fone Bluetooth,Áudio,Maracanaú,Região Metropolitana,Site,Cartão de Crédito,2,297.39,0.15
PED04533,2025-11-24,Caixa de Som,Áudio,Fortaleza,Fortaleza,Loja Física,PIX,1,149.42,0.05
PED07408,2025-11-24,Smartphone,Eletrônicos,Fortaleza,Fortaleza,Marketplace,Cartão de Crédito,1,3684.91,0.1
PED01243,2025-11-24,Caixa de Som,Áudio,Juazeiro do Norte,Interior,Loja Física,Boleto,1,412.69,0.05
PED02468,2025-11-24,Impressora,Informática,Fortaleza,Fortaleza,Site,Cartão de Crédito,1,699.89,0.0
PED03483,2025-11-24,Roteador,Informática,Itapipoca,Interior,Site,Cartão de Crédito,3,292.04,0.0
PED06458,2025-11-24,Teclado,Acessórios,Juazeiro do Norte,Interior,Loja Física,Cartão de Débito,1,275.29,0.0
PED03152,2025-11-24,Webcam,Acessórios,Caucaia,Região Metropolitana,Marketplace,Cartão de Crédito,1,131.07,0.0
PED05346,2025-11-24,Smartphone,Eletrônicos,Maracanaú,Região Metropolitana,Loja Física,Cartão de Débito,2,4440.56,0.0
PED00829,2025-11-24,Webcam,Acessórios,Juazeiro do Norte,Interior,Loja Física,PIX,2,682.69,0.15
PED03077,2025-11-24,Memória RAM,Informática,Caucaia,Região Metropolitana,Marketplace,Boleto,2,428.53,0.1
PED06980,2025-11-24,Smartphone,Eletrônicos,Fortaleza,Fortaleza,Site,Cartão de Débito,1,1175.25,0.1
PED01966,2025-11-24,Monitor,Eletrônicos,Fortaleza,Fortaleza,Marketplace,Cartão de Crédito,1,1548.3,0.1
PED08338,2025-11-24,Fone Bluetooth,Áudio,Maracanaú,Região Metropolitana,Site,Cartão de Crédito,2,487.03,0.15
PED04959,2025-11-24,Teclado,Acessórios,Sobral,Interior,Site,Boleto,1,179.0,0.0
PED03336,2025-11-24,Smartphone,Eletrônicos,Fortaleza,Fortaleza,Loja Física,PIX,2,2914.12,0.1
PED01396,2025-11-25,Headset,Acessórios,Maracanaú,Região Metropolitana,Loja Física,Boleto,2,263.71,0.1
PED02326,2025-11-25,Mesa Escritório,Móveis,Maracanaú,Região Metropolitana,Loja Física,PIX,1,619.15,0.05
PED09166,2025-11-25,Memória RAM,Informática,Fortaleza,Fortaleza,Loja Física,Cartão de Crédito,2,275.61,0.0
PED07716,2025-11-25,Teclado,Acessórios,Sobral,Interior,Loja Física,PIX,2,257.84,0.1
PED06588,2025-11-25,Memória RAM,Informática,Maracanaú,Região Metropolitana,Site,Boleto,3,299.22,0.0
PED04964,2025-11-25,Roteador,Informática,Juazeiro do Norte,Interior,Site,PIX,1,309.16,0.0
PED02212,2025-11-25,Mouse,Acessórios,Fortaleza,Fortaleza,Loja Física,Boleto,1,57.27,0.0
PED02976,2025-11-25,Memória RAM,Informática,Itapipoca,Interior,Site,Cartão de Débito,2,258.5,0.1
PED03866,2025-11-25,Fone Bluetooth,Áudio,Maracanaú,Região Metropolitana,Loja Física,Cartão de Crédito,1,258.42,0.0
PED01776,2025-11-25,Smartphone,Eletrônicos,Juazeiro do Norte,Interior,Site,PIX,2,2176.96,0.05
PED06889,2025-11-25,Mouse,Acessórios,Caucaia,Região Metropolitana,Site,PIX,3,44.47,0.0
PED02282,2025-11-25,Headset,Acessórios,Fortaleza,Fortaleza,Marketplace,PIX,1,274.28,0.1
PED00106,2025-11-25,SSD 1TB,Informática,Juazeiro do Norte,Interior,Marketplace,PIX,1,597.36,0.0
PED00281,2025-11-25,Fone Bluetooth,Áudio,Itapipoca,Interior,Loja Física,Cartão de Débito,1,579.47,0.05
PED04442,2025-11-25,Webcam,Acessórios,Fortaleza,Fortaleza,Site,Cartão de Crédito,1,498.48,0.0
PED03305,2025-11-25,Monitor,Eletrônicos,Caucaia,Região Metropolitana,Loja Física,Cartão de Débito,1,1862.06,0.0
PED04478,2025-11-25,Caixa de Som,Áudio,Maracanaú,Região Metropolitana,Loja Física,Cartão de Débito,1,657.6,0.0
PED08031,2025-11-25,Smartphone,Eletrônicos,Fortaleza,Fortaleza,Site,Cartão de Débito,1,2440.85,0.0
PED09612,2025-11-25,Webcam,Acessórios,Sobral,Interior,Loja Física,Cartão de Débito,1,315.34,0.0
PED05644,2025-11-26,Fone Bluetooth,Áudio,Caucaia,Região Metropolitana,Loja Física,Cartão de Débito,2,174.0,0.1
PED04824,2025-11-26,Headset,Acessórios,Maracanaú,Região Metropolitana,Marketplace,Cartão de Débito,1,300.2,0.05
PED09056,2025-11-26,Smartphone,Eletrônicos,Maracanaú,Região Metropolitana,Loja Física,Cartão de Débito,2,1001.46,0.15
PED09587,2025-11-26,Roteador,Informática,Fortaleza,Fortaleza,Marketplace,Boleto,2,384.62,0.0
PED06495,2025-11-26,Notebook,Eletrônicos,Fortaleza,Fortaleza,Marketplace,Boleto,1,5295.87,0.05
PED00352,2025-11-26,Monitor,Eletrônicos,Itapipoca,Interior,Loja Física,Boleto,1,1261.82,0.0
PED02053,2025-11-26,Smartphone,Eletrônicos,Caucaia,Região Metropolitana,Site,Cartão de Crédito,1,3352.82,0.0
PED02122,2025-11-26,Mouse,Acessórios,Fortaleza,Fortaleza,Loja Física,Boleto,1,146.03,0.0
PED08783,2025-11-26,Roteador,Informática,Maracanaú,Região Metropolitana,Site,Cartão de Crédito,1,236.25,0.0
PED03070,2025-11-26,SSD 1TB,Informática,Fortaleza,Fortaleza,Site,Cartão de Crédito,1,492.02,0.15
PED09512,2025-11-26,Cadeira Gamer,Móveis,Fortaleza,Fortaleza,Marketplace,Boleto,1,931.5,0.15
PED01753,2025-11-26,Memória RAM,Informática,Fortaleza,Fortaleza,Site,PIX,2,207.39,0.05
PED04250,2025-11-26,Monitor,Eletrônicos,Fortaleza,Fortaleza,Loja Física,Cartão de Débito,1,795.94,0.0
PED09732,2025-11-26,Teclado,Acessórios,Itapipoca,Interior,Marketplace,Cartão de Débito,1,149.43,0.0
PED03995,2025-11-26,Webcam,Acessórios,Juazeiro do Norte,Interior,Marketplace,Cartão de Crédito,1,594.73,0.05
PED07793,2025-11-26,Impressora,Informática,Sobral,Interior,Site,Boleto,1,742.94,0.05
PED02862,2025-11-26,Teclado,Acessórios,Itapipoca,Interior,Marketplace,PIX,1,294.47,0.1
PED07507,2025-11-26,Mouse,Acessórios,Fortaleza,Fortaleza,Site,Cartão de Débito,3,79.09,0.05
PED03142,2025-11-26,Monitor,Eletrônicos,Sobral,Interior,Site,Cartão de Crédito,1,1201.02,0.0
PED03749,2025-11-27,Mouse,Acessórios,Fortaleza,Fortaleza,Marketplace,Boleto,1,217.94,0.05
PED07141,2025-11-27,Teclado,Acessórios,Fortaleza,Fortaleza,Site,PIX,1,94.98,0.0
PED09903,2025-11-27,Mouse,Acessórios,Caucaia,Região Metropolitana,Site,Boleto,2,146.36,0.05
PED07166,2025-11-27,Teclado,Acessórios,Maracanaú,Região Metropolitana,Site,PIX,2,266.73,0.15
PED01025,2025-11-27,Webcam,Acessórios,Maracanaú,Região Metropolitana,Site,Boleto,3,278.94,0.0
PED09269,2025-11-27,Mesa Escritório,Móveis,Sobral,Interior,Marketplace,Boleto,1,1337.57,0.0
PED08509,2025-11-27,SSD 1TB,Informática,Fortaleza,Fortaleza,Site,Cartão de Débito,2,508.27,0.0
PED03204,2025-11-27,Webcam,Acessórios,Caucaia,Região Metropolitana,Loja Física,Boleto,2,548.96,0.0
PED06274,2025-11-27,Headset,Acessórios,Sobral,Interior,Site,Boleto,2,126.03,0.0
PED01370,2025-11-27,Fone Bluetooth,Áudio,Fortaleza,Fortaleza,Marketplace,Cartão de Crédito,1,469.49,0.05
PED09013,2025-11-27,Teclado,Acessórios,Juazeiro do Norte,Interior,Loja Física,PIX,1,357.93,0.1
PED08759,2025-11-27,Cadeira Gamer,Móveis,Juazeiro do Norte,Interior,Loja Física,Cartão de Crédito,1,916.08,0.0
PED08019,2025-11-27,Monitor,Eletrônicos,Juazeiro do Norte,Interior,Loja Física,PIX,1,843.79,0.0
PED02910,2025-11-27,Notebook,Eletrônicos,Itapipoca,Interior,Loja Física,Cartão de Débito,1,5084.31,0.15
PED01638,2025-11-27,Notebook,Eletrônicos,Maracanaú,Região Metropolitana,Site,Cartão de Crédito,1,4054.21,0.0
PED05286,2025-11-27,Monitor,Eletrônicos,Fortaleza,Fortaleza,Site,Boleto,1,1804.04,0.0
PED03809,2025-11-27,Webcam,Acessórios,Fortaleza,Fortaleza,Marketplace,Cartão de Débito,1,295.59,0.0
PED09024,2025-11-27,Mouse,Acessórios,Itapipoca,Interior,Site,Cartão de Crédito,1,170.84,0.0
PED03497,2025-11-27,Roteador,Informática,Sobral,Interior,Marketplace,PIX,1,529.38,0.0
PED02134,2025-11-27,Roteador,Informática,Fortaleza,Fortaleza,Loja Física,Cartão de Crédito,3,540.21,0.1
PED00174,2025-11-27,Roteador,Informática,Itapipoca,Interior,Marketplace,Cartão de Débito,1,226.42,0.1
PED08317,2025-11-27,Cadeira Gamer,Móveis,Fortaleza,Fortaleza,Site,PIX,1,1753.45,0.1
PED07303,2025-11-28,Smartphone,Eletrônicos,Fortaleza,Fortaleza,Site,Cartão de Crédito,1,4323.32,0.0
PED01821,2025-11-28,Caixa de Som,Áudio,Itapipoca,Interior,Site,Cartão de Crédito,1,328.63,0.05
PED09142,2025-11-28,Memória RAM,Informática,Fortaleza,Fortaleza,Marketplace,Cartão de Débito,3,176.76,0.0
PED02623,2025-11-28,Notebook,Eletrônicos,Fortaleza,Fortaleza,Site,Boleto,2,6078.4,0.0
PED06486,2025-11-28,Fone Bluetooth,Áudio,Sobral,Interior,Marketplace,PIX,3,585.51,0.0
PED07525,2025-11-28,Memória RAM,Informática,Juazeiro do Norte,Interior,Loja Física,Boleto,1,369.04,0.0
PED00646,2025-11-28,Headset,Acessórios,Sobral,Interior,Marketplace,Cartão de Crédito,1,349.05,0.05
PED09930,2025-11-28,Headset,Acessórios,Sobral,Interior,Marketplace,PIX,1,402.09,0.1
PED00019,2025-11-28,Memória RAM,Informática,Juazeiro do Norte,Interior,Site,PIX,3,194.75,0.1
PED01894,2025-11-28,Caixa de Som,Áudio,Fortaleza,Fortaleza,Loja Física,Cartão de Crédito,1,343.96,0.0
PED06792,2025-11-28,Fone Bluetooth,Áudio,Fortaleza,Fortaleza,Loja Física,Cartão de Crédito,2,621.39,0.1
PED06867,2025-11-28,Mesa Escritório,Móveis,Caucaia,Região Metropolitana,Loja Física,Cartão de Débito,2,1405.82,0.05
PED07804,2025-11-28,Memória RAM,Informática,Fortaleza,Fortaleza,Loja Física,Cartão de Crédito,1,313.04,0.05
PED03030,2025-11-28,Monitor,Eletrônicos,Juazeiro do Norte,Interior,Site,PIX,1,902.17,0.1
PED01617,2025-11-28,Mouse,Acessórios,Juazeiro do Norte,Interior,Loja Física,Cartão de Crédito,1,239.26,0.05
PED05845,2025-11-28,Smartphone,Eletrônicos,Itapipoca,Interior,Site,Boleto,1,3083.97,0.0
PED06379,2025-11-29,Monitor,Eletrônicos,Sobral,Interior,Loja Física,Cartão de Crédito,1,899.12,0.05
PED06157,2025-11-29,SSD 1TB,Informática,Juazeiro do Norte,Interior,Loja Física,Cartão de Débito,2,371.88,0.1
PED00169,2025-11-29,Cadeira Gamer,Móveis,Maracanaú,Região Metropolitana,Loja Física,Boleto,1,1939.64,0.0
PED02179,2025-11-29,Fone Bluetooth,Áudio,Sobral,Interior,Marketplace,Boleto,1,531.61,0.0
PED04839,2025-11-29,Roteador,Informática,Sobral,Interior,Loja Física,Cartão de Crédito,1,534.84,0.05
PED09915,2025-11-29,Mesa Escritório,Móveis,Juazeiro do Norte,Interior,Site,Boleto,1,1132.54,0.0
PED00457,2025-11-29,Smartphone,Eletrônicos,Caucaia,Região Metropolitana,Site,Cartão de Débito,1,3262.03,0.0
PED03060,2025-11-29,Notebook,Eletrônicos,Fortaleza,Fortaleza,Loja Física,Cartão de Crédito,1,3777.91,0.0
PED09806,2025-11-29,SSD 1TB,Informática,Fortaleza,Fortaleza,Site,PIX,2,281.14,0.15
PED03764,2025-11-29,Notebook,Eletrônicos,Caucaia,Região Metropolitana,Marketplace,Boleto,1,3378.66,0.15
PED06760,2025-11-29,Mouse,Acessórios,Fortaleza,Fortaleza,Loja Física,PIX,2,190.8,0.1
PED07066,2025-11-29,Headset,Acessórios,Itapipoca,Interior,Site,Cartão de Débito,1,275.58,0.1
PED05451,2025-11-29,SSD 1TB,Informática,Itapipoca,Interior,Loja Física,Cartão de Crédito,1,283.6,0.05
PED06473,2025-11-30,Smartphone,Eletrônicos,Maracanaú,Região Metropolitana,Marketplace,PIX,1,3000.47,0.15
PED01618,2025-11-30,Mesa Escritório,Móveis,Fortaleza,Fortaleza,Marketplace,Boleto,1,1201.51,0.05
PED07851,2025-11-30,Monitor,Eletrônicos,Fortaleza,Fortaleza,Site,Cartão de Débito,2,1037.55,0.0
PED06083,2025-11-30,Cadeira Gamer,Móveis,Sobral,Interior,Loja Física,Cartão de Crédito,1,987.08,0.15
PED04170,2025-11-30,Monitor,Eletrônicos,Sobral,Interior,Site,Boleto,1,952.52,0.0
PED06139,2025-11-30,Notebook,Eletrônicos,Fortaleza,Fortaleza,Marketplace,PIX,2,5441.39,0.1
PED07104,2025-11-30,Caixa de Som,Áudio,Fortaleza,Fortaleza,Marketplace,Boleto,2,148.58,0.15
PED01924,2025-11-30,Monitor,Eletrônicos,Caucaia,Região Metropolitana,Loja Física,Cartão de Débito,1,1291.56,0.1
PED04926,2025-11-30,Roteador,Informática,Maracanaú,Região Metropolitana,Site,Cartão de Débito,1,529.16,0.0
PED04398,2025-11-30,Mouse,Acessórios,Sobral,Interior,Marketplace,Boleto,1,212.27,0.0
PED09350,2025-11-30,Fone Bluetooth,Áudio,Fortaleza,Fortaleza,Loja Física,Cartão de Débito,1,157.07,0.1
PED07274,2025-11-30,SSD 1TB,Informática,Maracanaú,Região Metropolitana,Marketplace,Cartão de Crédito,1,586.97,0.0
PED05130,2025-11-30,Webcam,Acessórios,Itapipoca,Interior,Marketplace,Cartão de Débito,1,572.56,0.0
PED02626,2025-11-30,Fone Bluetooth,Áudio,Fortaleza,Fortaleza,Site,Cartão de Crédito,1,422.45,0.05
PED08312,2025-11-30,Mesa Escritório,Móveis,Caucaia,Região Metropolitana,Site,PIX,2,1315.54,0.0
PED08249,2025-11-30,Smartphone,Eletrônicos,Caucaia,Região Metropolitana,Loja Física,Cartão de Crédito,1,2724.61,0.0
PED07759,2025-11-30,Mouse,Acessórios,Maracanaú,Região Metropolitana,Loja Física,PIX,1,144.01,0.0
PED01163,2025-11-30,Impressora,Informática,Itapipoca,Interior,Loja Física,Cartão de Crédito,1,1056.66,0.0
PED00797,2025-11-30,Cadeira Gamer,Móveis,Itapipoca,Interior,Loja Física,PIX,1,1017.53,0.1
PED05258,2025-11-30,Mesa Escritório,Móveis,Fortaleza,Fortaleza,Marketplace,Cartão de Crédito,1,809.33,0.0
PED09256,2025-12-01,SSD 1TB,Informática,Juazeiro do Norte,Interior,Site,PIX,1,468.26,0.1
PED00908,2025-12-01,Headset,Acessórios,Caucaia,Região Metropolitana,Site,PIX,2,440.51,0.0
PED03370,2025-12-01,Mesa Escritório,Móveis,Itapipoca,Interior,Site,PIX,1,1377.77,0.0
PED05226,2025-12-01,Fone Bluetooth,Áudio,Fortaleza,Fortaleza,Site,PIX,1,542.2,0.1
PED05293,2025-12-01,Impressora,Informática,Juazeiro do Norte,Interior,Marketplace,Boleto,1,1329.63,0.0
PED06802,2025-12-01,Notebook,Eletrônicos,Fortaleza,Fortaleza,Marketplace,PIX,1,4789.36,0.0
PED08961,2025-12-01,Cadeira Gamer,Móveis,Fortaleza,Fortaleza,Site,Boleto,2,1862.36,0.0
PED01955,2025-12-01,Mouse,Acessórios,Fortaleza,Fortaleza,Marketplace,Boleto,2,261.83,0.0
PED06531,2025-12-01,Fone Bluetooth,Áudio,Maracanaú,Região Metropolitana,Loja Física,Cartão de Crédito,1,547.31,0.05
PED03887,2025-12-02,Teclado,Acessórios,Maracanaú,Região Metropolitana,Site,Cartão de Débito,1,104.72,0.0
PED02083,2025-12-02,Fone Bluetooth,Áudio,Itapipoca,Interior,Site,PIX,2,343.18,0.0
PED04913,2025-12-02,Cadeira Gamer,Móveis,Juazeiro do Norte,Interior,Marketplace,Cartão de Débito,2,1748.07,0.0
PED07556,2025-12-02,Webcam,Acessórios,Caucaia,Região Metropolitana,Marketplace,Cartão de Débito,2,210.19,0.0
PED00262,2025-12-02,Caixa de Som,Áudio,Maracanaú,Região Metropolitana,Loja Física,Boleto,1,568.48,0.0
PED09633,2025-12-02,Notebook,Eletrônicos,Fortaleza,Fortaleza,Loja Física,Cartão de Débito,1,3834.28,0.05
PED04932,2025-12-02,SSD 1TB,Informática,Sobral,Interior,Marketplace,PIX,3,393.17,0.05
PED09684,2025-12-02,Webcam,Acessórios,Fortaleza,Fortaleza,Marketplace,Boleto,3,188.1,0.1
PED05697,2025-12-02,Webcam,Acessórios,Fortaleza,Fortaleza,Site,Cartão de Crédito,1,664.81,0.0
PED09851,2025-12-02,Cadeira Gamer,Móveis,Fortaleza,Fortaleza,Loja Física,Boleto,4,1542.59,0.1
PED04355,2025-12-03,Teclado,Acessórios,Fortaleza,Fortaleza,Site,Cartão de Débito,1,351.86,0.05
PED04733,2025-12-03,Memória RAM,Informática,Fortaleza,Fortaleza,Loja Física,PIX,1,518.46,0.0
PED02656,2025-12-03,Mesa Escritório,Móveis,Maracanaú,Região Metropolitana,Loja Física,Cartão de Débito,1,1364.03,0.15
PED08669,2025-12-03,SSD 1TB,Informática,Itapipoca,Interior,Loja Física,Cartão de Crédito,1,561.25,0.1
PED03629,2025-12-03,Cadeira Gamer,Móveis,Maracanaú,Região Metropolitana,Marketplace,Cartão de Débito,1,1374.77,0.0
PED08490,2025-12-03,Teclado,Acessórios,Maracanaú,Região Metropolitana,Loja Física,Cartão de Crédito,2,276.37,0.0
PED06620,2025-12-03,Notebook,Eletrônicos,Fortaleza,Fortaleza,Loja Física,Cartão de Crédito,1,4171.52,0.0
PED09137,2025-12-03,Teclado,Acessórios,Itapipoca,Interior,Loja Física,Boleto,1,436.28,0.05
PED07756,2025-12-03,Notebook,Eletrônicos,Caucaia,Região Metropolitana,Marketplace,Cartão de Crédito,1,5859.02,0.0
PED02685,2025-12-03,Headset,Acessórios,Fortaleza,Fortaleza,Marketplace,Boleto,2,152.46,0.1
PED09340,2025-12-04,Mesa Escritório,Móveis,Caucaia,Região Metropolitana,Site,Boleto,1,859.92,0.0
PED09746,2025-12-04,Fone Bluetooth,Áudio,Fortaleza,Fortaleza,Site,Cartão de Crédito,1,97.0,0.05
PED01479,2025-12-04,Mesa Escritório,Móveis,Maracanaú,Região Metropolitana,Loja Física,PIX,3,1542.82,0.05
PED09431,2025-12-04,Memória RAM,Informática,Juazeiro do Norte,Interior,Loja Física,Cartão de Débito,1,275.86,0.1
PED04375,2025-12-04,Notebook,Eletrônicos,Fortaleza,Fortaleza,Marketplace,Boleto,1,5045.21,0.0
PED08590,2025-12-04,Teclado,Acessórios,Fortaleza,Fortaleza,Loja Física,Cartão de Débito,1,294.16,0.0
PED03494,2025-12-04,Monitor,Eletrônicos,Fortaleza,Fortaleza,Site,PIX,1,1212.21,0.0
PED00773,2025-12-04,Notebook,Eletrônicos,Juazeiro do Norte,Interior,Site,PIX,2,4900.76,0.0
PED04899,2025-12-04,Memória RAM,Informática,Fortaleza,Fortaleza,Marketplace,Boleto,2,536.63,0.1
PED02797,2025-12-04,Mesa Escritório,Móveis,Fortaleza,Fortaleza,Loja Física,Cartão de Débito,2,1082.44,0.15
PED09805,2025-12-04,Teclado,Acessórios,Fortaleza,Fortaleza,Marketplace,Cartão de Débito,1,144.45,0.0
PED03748,2025-12-04,Monitor,Eletrônicos,Juazeiro do Norte,Interior,Marketplace,Cartão de Débito,2,1210.47,0.0
PED07102,2025-12-04,Memória RAM,Informática,Fortaleza,Fortaleza,Site,PIX,1,415.19,0.1
PED00674,2025-12-04,Roteador,Informática,Fortaleza,Fortaleza,Site,Cartão de Crédito,4,250.97,0.1
PED04462,2025-12-04,Cadeira Gamer,Móveis,Itapipoca,Interior,Site,Cartão de Crédito,1,1306.46,0.0
PED01407,2025-12-04,Fone Bluetooth,Áudio,Itapipoca,Interior,Marketplace,PIX,1,214.3,0.0
PED06616,2025-12-04,Headset,Acessórios,Fortaleza,Fortaleza,Marketplace,Boleto,1,145.91,0.1
PED05362,2025-12-04,Caixa de Som,Áudio,Maracanaú,Região Metropolitana,Loja Física,PIX,4,704.46,0.0
PED04492,2025-12-04,Cadeira Gamer,Móveis,Caucaia,Região Metropolitana,Loja Física,Cartão de Débito,1,1568.61,0.0
PED06705,2025-12-04,Teclado,Acessórios,Maracanaú,Região Metropolitana,Site,Cartão de Crédito,1,227.1,0.0
PED03005,2025-12-04,Memória RAM,Informática,Juazeiro do Norte,Interior,Loja Física,PIX,1,199.74,0.0
PED00254,2025-12-05,Memória RAM,Informática,Fortaleza,Fortaleza,Marketplace,Boleto,1,190.22,0.0
PED05183,2025-12-05,Caixa de Som,Áudio,Fortaleza,Fortaleza,Loja Física,Cartão de Crédito,1,263.78,0.0
PED07620,2025-12-05,Teclado,Acessórios,Fortaleza,Fortaleza,Loja Física,Cartão de Débito,2,333.11,0.0
PED01636,2025-12-05,SSD 1TB,Informática,Caucaia,Região Metropolitana,Loja Física,Cartão de Crédito,3,519.7,0.05
PED03892,2025-12-05,Fone Bluetooth,Áudio,Sobral,Interior,Loja Física,PIX,1,638.95,0.15
PED01069,2025-12-05,Notebook,Eletrônicos,Maracanaú,Região Metropolitana,Marketplace,Boleto,1,6434.57,0.0
PED06050,2025-12-05,Memória RAM,Informática,Maracanaú,Região Metropolitana,Loja Física,PIX,1,293.99,0.1
PED03240,2025-12-05,Mouse,Acessórios,Fortaleza,Fortaleza,Site,Cartão de Crédito,2,285.0,0.0
PED08707,2025-12-05,Teclado,Acessórios,Fortaleza,Fortaleza,Site,Cartão de Débito,1,284.94,0.0
PED05625,2025-12-05,Mesa Escritório,Móveis,Caucaia,Região Metropolitana,Loja Física,Boleto,1,1409.89,0.05
PED09758,2025-12-05,Notebook,Eletrônicos,Maracanaú,Região Metropolitana,Site,PIX,1,3444.14,0.0
PED06308,2025-12-05,Smartphone,Eletrônicos,Fortaleza,Fortaleza,Loja Física,PIX,4,1323.73,0.1
PED03936,2025-12-05,Monitor,Eletrônicos,Caucaia,Região Metropolitana,Loja Física,Cartão de Débito,1,1428.84,0.05
PED02506,2025-12-05,Headset,Acessórios,Caucaia,Região Metropolitana,Loja Física,PIX,4,277.08,0.0
PED05048,2025-12-05,Monitor,Eletrônicos,Fortaleza,Fortaleza,Marketplace,Cartão de Débito,1,842.34,0.05
PED08291,2025-12-05,Impressora,Informática,Fortaleza,Fortaleza,Marketplace,Cartão de Débito,3,692.89,0.0
PED08235,2025-12-05,Mesa Escritório,Móveis,Juazeiro do Norte,Interior,Loja Física,Boleto,1,1179.09,0.0
PED03579,2025-12-05,Smartphone,Eletrônicos,Maracanaú,Região Metropolitana,Site,Boleto,4,4366.57,0.05
PED08949,2025-12-05,Cadeira Gamer,Móveis,Fortaleza,Fortaleza,Marketplace,Boleto,1,1414.11,0.15
PED08860,2025-12-05,Monitor,Eletrônicos,Sobral,Interior,Site,Cartão de Crédito,1,1498.88,0.0
PED07892,2025-12-05,Impressora,Informática,Maracanaú,Região Metropolitana,Site,Cartão de Crédito,1,1721.54,0.0
PED06884,2025-12-06,Teclado,Acessórios,Sobral,Interior,Site,Cartão de Débito,1,284.28,0.05
PED09933,2025-12-06,Mouse,Acessórios,Caucaia,Região Metropolitana,Marketplace,PIX,1,57.34,0.0
PED09149,2025-12-06,Smartphone,Eletrônicos,Itapipoca,Interior,Site,Boleto,1,1679.35,0.0
PED07835,2025-12-06,Mesa Escritório,Móveis,Sobral,Interior,Loja Física,PIX,3,907.37,0.0
PED05526,2025-12-06,Notebook,Eletrônicos,Juazeiro do Norte,Interior,Site,Cartão de Crédito,2,3913.69,0.0
PED02420,2025-12-06,Roteador,Informática,Caucaia,Região Metropolitana,Site,PIX,1,449.24,0.0
PED05815,2025-12-06,Webcam,Acessórios,Juazeiro do Norte,Interior,Marketplace,PIX,1,529.42,0.1
PED08183,2025-12-06,Smartphone,Eletrônicos,Fortaleza,Fortaleza,Loja Física,Cartão de Crédito,1,4496.22,0.0
PED07950,2025-12-06,SSD 1TB,Informática,Fortaleza,Fortaleza,Marketplace,PIX,2,549.88,0.05
PED00206,2025-12-06,Impressora,Informática,Fortaleza,Fortaleza,Site,PIX,1,1549.18,0.1
PED04988,2025-12-06,Mouse,Acessórios,Fortaleza,Fortaleza,Site,Boleto,2,79.59,0.0
PED01768,2025-12-06,Smartphone,Eletrônicos,Fortaleza,Fortaleza,Loja Física,Cartão de Débito,3,4253.63,0.1
PED00303,2025-12-06,Notebook,Eletrônicos,Itapipoca,Interior,Marketplace,PIX,1,6152.81,0.1
PED02844,2025-12-06,Notebook,Eletrônicos,Fortaleza,Fortaleza,Site,PIX,1,3574.62,0.05
PED01044,2025-12-06,Teclado,Acessórios,Fortaleza,Fortaleza,Marketplace,Boleto,2,148.02,0.15
PED03900,2025-12-06,Cadeira Gamer,Móveis,Sobral,Interior,Site,Cartão de Crédito,1,1732.1,0.1
PED00401,2025-12-06,Teclado,Acessórios,Juazeiro do Norte,Interior,Loja Física,PIX,1,428.07,0.0
PED06637,2025-12-07,Teclado,Acessórios,Fortaleza,Fortaleza,Marketplace,Cartão de Crédito,1,152.98,0.1
PED05071,2025-12-07,Fone Bluetooth,Áudio,Fortaleza,Fortaleza,Site,Cartão de Crédito,4,186.47,0.0
PED04222,2025-12-07,Roteador,Informática,Sobral,Interior,Marketplace,PIX,1,342.15,0.0
PED06836,2025-12-07,Memória RAM,Informática,Maracanaú,Região Metropolitana,Loja Física,Boleto,1,237.93,0.1
PED04358,2025-12-07,Mouse,Acessórios,Caucaia,Região Metropolitana,Loja Física,Boleto,1,282.52,0.0
PED05354,2025-12-07,Smartphone,Eletrônicos,Fortaleza,Fortaleza,Marketplace,Cartão de Crédito,2,4061.51,0.0
PED04099,2025-12-07,Roteador,Informática,Fortaleza,Fortaleza,Site,Cartão de Débito,2,472.08,0.0
PED05477,2025-12-07,Caixa de Som,Áudio,Fortaleza,Fortaleza,Site,Cartão de Crédito,3,321.78,0.1
PED05694,2025-12-07,Roteador,Informática,Maracanaú,Região Metropolitana,Loja Física,Cartão de Crédito,1,397.43,0.0
PED06342,2025-12-07,Memória RAM,Informática,Caucaia,Região Metropolitana,Marketplace,Cartão de Crédito,1,443.55,0.15
PED00769,2025-12-07,Mesa Escritório,Móveis,Fortaleza,Fortaleza,Loja Física,Cartão de Débito,2,1548.95,0.0
PED07078,2025-12-07,Memória RAM,Informática,Fortaleza,Fortaleza,Site,Boleto,4,423.78,0.0
PED05212,2025-12-07,Memória RAM,Informática,Fortaleza,Fortaleza,Marketplace,Cartão de Débito,1,418.28,0.0
PED05654,2025-12-07,SSD 1TB,Informática,Fortaleza,Fortaleza,Marketplace,Cartão de Débito,1,285.9,0.0
PED00810,2025-12-07,Notebook,Eletrônicos,Sobral,Interior,Marketplace,PIX,1,4178.75,0.1
PED01953,2025-12-08,Caixa de Som,Áudio,Caucaia,Região Metropolitana,Site,PIX,1,315.61,0.15
PED06915,2025-12-08,Monitor,Eletrônicos,Fortaleza,Fortaleza,Loja Física,PIX,1,861.03,0.0
PED03531,2025-12-08,Mouse,Acessórios,Itapipoca,Interior,Marketplace,Boleto,1,135.02,0.0
PED02383,2025-12-08,Cadeira Gamer,Móveis,Sobral,Interior,Site,PIX,1,715.88,0.0
PED03710,2025-12-08,Webcam,Acessórios,Itapipoca,Interior,Loja Física,Boleto,1,443.14,0.0
PED08885,2025-12-08,Mouse,Acessórios,Caucaia,Região Metropolitana,Marketplace,Boleto,1,252.92,0.05
PED06831,2025-12-08,Mouse,Acessórios,Fortaleza,Fortaleza,Site,PIX,1,185.55,0.05
PED02968,2025-12-08,Mesa Escritório,Móveis,Maracanaú,Região Metropolitana,Marketplace,PIX,3,1129.4,0.0
PED07545,2025-12-08,Impressora,Informática,Juazeiro do Norte,Interior,Loja Física,Boleto,2,1645.64,0.05
PED06276,2025-12-08,Caixa de Som,Áudio,Fortaleza,Fortaleza,Loja Física,Cartão de Débito,1,175.51,0.0
PED00708,2025-12-08,Memória RAM,Informática,Caucaia,Região Metropolitana,Site,Boleto,2,439.76,0.0
PED05709,2025-12-08,Mesa Escritório,Móveis,Juazeiro do Norte,Interior,Marketplace,Cartão de Débito,1,750.23,0.0
PED04144,2025-12-08,Notebook,Eletrônicos,Sobral,Interior,Loja Física,Cartão de Crédito,2,3401.33,0.0
PED09739,2025-12-08,Cadeira Gamer,Móveis,Juazeiro do Norte,Interior,Site,PIX,1,1095.14,0.05
PED07733,2025-12-08,Cadeira Gamer,Móveis,Itapipoca,Interior,Loja Física,Cartão de Débito,1,2086.18,0.15
PED08762,2025-12-08,Cadeira Gamer,Móveis,Sobral,Interior,Marketplace,Cartão de Crédito,2,947.41,0.1
PED03094,2025-12-08,Fone Bluetooth,Áudio,Maracanaú,Região Metropolitana,Marketplace,PIX,2,391.89,0.0
PED01630,2025-12-08,Teclado,Acessórios,Fortaleza,Fortaleza,Loja Física,Cartão de Débito,1,167.04,0.0
PED02963,2025-12-08,Webcam,Acessórios,Caucaia,Região Metropolitana,Site,Cartão de Crédito,3,559.46,0.0
PED05430,2025-12-08,Caixa de Som,Áudio,Fortaleza,Fortaleza,Loja Física,Cartão de Débito,1,766.41,0.0
PED07645,2025-12-09,Notebook,Eletrônicos,Itapipoca,Interior,Loja Física,Boleto,1,4092.2,0.0
PED06981,2025-12-09,Teclado,Acessórios,Caucaia,Região Metropolitana,Marketplace,Cartão de Débito,3,116.43,0.0
PED01353,2025-12-09,SSD 1TB,Informática,Fortaleza,Fortaleza,Loja Física,Cartão de Crédito,1,640.52,0.0
PED09044,2025-12-09,Roteador,Informática,Maracanaú,Região Metropolitana,Marketplace,Boleto,3,382.25,0.0
PED06133,2025-12-09,Fone Bluetooth,Áudio,Fortaleza,Fortaleza,Loja Física,Cartão de Crédito,1,402.35,0.0
PED09559,2025-12-09,Fone Bluetooth,Áudio,Fortaleza,Fortaleza,Site,Boleto,2,281.66,0.0
PED05611,2025-12-09,Caixa de Som,Áudio,Itapipoca,Interior,Site,Cartão de Crédito,4,102.32,0.0
PED06816,2025-12-09,Fone Bluetooth,Áudio,Sobral,Interior,Loja Física,Boleto,2,305.0,0.0
PED00599,2025-12-09,Caixa de Som,Áudio,Fortaleza,Fortaleza,Site,Cartão de Débito,2,352.21,0.0
PED04326,2025-12-09,SSD 1TB,Informática,Fortaleza,Fortaleza,Site,Boleto,1,302.37,0.0
PED07512,2025-12-09,Roteador,Informática,Sobral,Interior,Site,Cartão de Crédito,2,386.71,0.0
PED04390,2025-12-09,Mouse,Acessórios,Fortaleza,Fortaleza,Loja Física,PIX,1,250.7,0.15
PED00653,2025-12-09,Mesa Escritório,Móveis,Maracanaú,Região Metropolitana,Site,Boleto,1,929.0,0.0
PED00180,2025-12-09,Webcam,Acessórios,Caucaia,Região Metropolitana,Loja Física,Cartão de Débito,1,174.81,0.05
PED07309,2025-12-09,Smartphone,Eletrônicos,Sobral,Interior,Site,Boleto,2,1846.29,0.1
PED07692,2025-12-09,Headset,Acessórios,Sobral,Interior,Marketplace,PIX,1,308.37,0.05
PED08198,2025-12-09,Fone Bluetooth,Áudio,Itapipoca,Interior,Loja Física,Cartão de Débito,1,623.98,0.0
PED03326,2025-12-09,SSD 1TB,Informática,Itapipoca,Interior,Site,PIX,1,310.57,0.1
PED06420,2025-12-09,Webcam,Acessórios,Itapipoca,Interior,Marketplace,Cartão de Débito,2,251.42,0.0
PED00822,2025-12-10,Caixa de Som,Áudio,Sobral,Interior,Site,Cartão de Débito,2,559.03,0.0
PED09484,2025-12-10,Teclado,Acessórios,Caucaia,Região Metropolitana,Loja Física,PIX,1,127.75,0.0
PED03508,2025-12-10,Fone Bluetooth,Áudio,Fortaleza,Fortaleza,Site,Boleto,2,568.42,0.0
PED05391,2025-12-10,Headset,Acessórios,Sobral,Interior,Marketplace,Cartão de Crédito,1,266.91,0.05
PED00194,2025-12-10,Notebook,Eletrônicos,Fortaleza,Fortaleza,Loja Física,Cartão de Crédito,1,3326.4,0.05
PED09291,2025-12-10,Cadeira Gamer,Móveis,Fortaleza,Fortaleza,Marketplace,Cartão de Crédito,2,1950.97,0.0
PED08748,2025-12-10,Impressora,Informática,Sobral,Interior,Marketplace,Cartão de Débito,1,691.55,0.0
PED07298,2025-12-10,Teclado,Acessórios,Fortaleza,Fortaleza,Marketplace,Cartão de Débito,3,426.35,0.0
PED07297,2025-12-10,Impressora,Informática,Juazeiro do Norte,Interior,Marketplace,PIX,1,1597.34,0.0
PED05946,2025-12-10,Headset,Acessórios,Sobral,Interior,Loja Física,Boleto,2,224.24,0.0
PED09187,2025-12-10,Mouse,Acessórios,Juazeiro do Norte,Interior,Loja Física,Cartão de Crédito,1,248.68,0.05
PED05063,2025-12-10,Mouse,Acessórios,Juazeiro do Norte,Interior,Site,PIX,1,254.8,0.0
PED05208,2025-12-10,Impressora,Informática,Maracanaú,Região Metropolitana,Loja Física,PIX,1,1407.65,0.1
PED00068,2025-12-10,Mouse,Acessórios,Caucaia,Região Metropolitana,Site,PIX,2,75.98,0.0
PED06321,2025-12-10,SSD 1TB,Informática,Fortaleza,Fortaleza,Site,Cartão de Débito,1,407.1,0.1
PED03150,2025-12-10,Webcam,Acessórios,Sobral,Interior,Marketplace,PIX,4,511.66,0.05
PED04111,2025-12-10,Webcam,Acessórios,Fortaleza,Fortaleza,Marketplace,PIX,1,296.83,0.05
PED06959,2025-12-10,SSD 1TB,Informática,Caucaia,Região Metropolitana,Loja Física,Boleto,1,490.33,0.0
PED08964,2025-12-10,Headset,Acessórios,Fortaleza,Fortaleza,Site,Cartão de Débito,2,421.39,0.1
PED02146,2025-12-10,Webcam,Acessórios,Itapipoca,Interior,Marketplace,Boleto,2,663.49,0.0
PED07840,2025-12-10,Memória RAM,Informática,Fortaleza,Fortaleza,Marketplace,PIX,1,304.8,0.0
PED08454,2025-12-10,Fone Bluetooth,Áudio,Fortaleza,Fortaleza,Marketplace,Boleto,2,644.18,0.0
PED08533,2025-12-10,Notebook,Eletrônicos,Maracanaú,Região Metropolitana,Site,Cartão de Débito,1,5285.34,0.15
PED09055,2025-12-10,Headset,Acessórios,Juazeiro do Norte,Interior,Marketplace,Cartão de Crédito,1,366.34,0.0
PED08784,2025-12-11,Impressora,Informática,Fortaleza,Fortaleza,Marketplace,Boleto,4,720.35,0.05
PED04129,2025-12-11,Caixa de Som,Áudio,Itapipoca,Interior,Marketplace,Cartão de Crédito,1,268.82,0.0
PED05952,2025-12-11,Notebook,Eletrônicos,Maracanaú,Região Metropolitana,Marketplace,Boleto,1,3448.5,0.0
PED07762,2025-12-11,Mesa Escritório,Móveis,Sobral,Interior,Site,Cartão de Crédito,3,1370.36,0.0
PED02302,2025-12-11,Mesa Escritório,Móveis,Fortaleza,Fortaleza,Marketplace,Cartão de Débito,1,512.32,0.1
PED03399,2025-12-11,Caixa de Som,Áudio,Caucaia,Região Metropolitana,Loja Física,Boleto,1,621.31,0.1
PED05301,2025-12-11,Impressora,Informática,Maracanaú,Região Metropolitana,Marketplace,Cartão de Crédito,1,1224.58,0.0
PED08378,2025-12-11,Cadeira Gamer,Móveis,Juazeiro do Norte,Interior,Site,Boleto,1,1447.23,0.05
PED08062,2025-12-11,Teclado,Acessórios,Sobral,Interior,Marketplace,Cartão de Débito,1,142.98,0.0
PED03267,2025-12-11,Notebook,Eletrônicos,Fortaleza,Fortaleza,Loja Física,Cartão de Crédito,2,6083.21,0.0
PED08204,2025-12-11,SSD 1TB,Informática,Maracanaú,Região Metropolitana,Site,Cartão de Débito,1,468.94,0.0
PED02732,2025-12-11,Roteador,Informática,Fortaleza,Fortaleza,Site,PIX,1,574.83,0.1
PED01535,2025-12-11,Caixa de Som,Áudio,Juazeiro do Norte,Interior,Marketplace,PIX,1,230.98,0.0
PED02959,2025-12-11,Cadeira Gamer,Móveis,Maracanaú,Região Metropolitana,Loja Física,PIX,1,1533.85,0.0
PED09645,2025-12-11,SSD 1TB,Informática,Maracanaú,Região Metropolitana,Site,Boleto,2,471.94,0.0
PED08500,2025-12-11,Mouse,Acessórios,Itapipoca,Interior,Marketplace,PIX,2,128.9,0.05
PED05284,2025-12-11,SSD 1TB,Informática,Maracanaú,Região Metropolitana,Loja Física,Cartão de Crédito,1,601.47,0.0
PED08391,2025-12-11,Cadeira Gamer,Móveis,Juazeiro do Norte,Interior,Marketplace,Boleto,1,779.88,0.0
PED09886,2025-12-11,Cadeira Gamer,Móveis,Fortaleza,Fortaleza,Loja Física,Boleto,1,672.01,0.0
PED09287,2025-12-11,Fone Bluetooth,Áudio,Maracanaú,Região Metropolitana,Loja Física,Cartão de Crédito,1,520.53,0.1
PED03950,2025-12-12,Monitor,Eletrônicos,Fortaleza,Fortaleza,Marketplace,PIX,1,1150.51,0.0
PED07015,2025-12-12,SSD 1TB,Informática,Fortaleza,Fortaleza,Marketplace,Cartão de Crédito,1,563.13,0.05
PED04488,2025-12-12,SSD 1TB,Informática,Fortaleza,Fortaleza,Site,Cartão de Débito,1,525.85,0.0
PED02484,2025-12-12,Headset,Acessórios,Caucaia,Região Metropolitana,Loja Física,Cartão de Débito,1,391.8,0.1
PED05832,2025-12-12,Mesa Escritório,Móveis,Fortaleza,Fortaleza,Site,Boleto,1,691.71,0.0
PED05964,2025-12-12,Fone Bluetooth,Áudio,Fortaleza,Fortaleza,Marketplace,PIX,1,154.46,0.1
PED04486,2025-12-12,Roteador,Informática,Juazeiro do Norte,Interior,Loja Física,PIX,1,274.29,0.0
PED00993,2025-12-12,Webcam,Acessórios,Caucaia,Região Metropolitana,Site,Boleto,1,603.99,0.0
PED00226,2025-12-12,Roteador,Informática,Fortaleza,Fortaleza,Marketplace,PIX,2,523.1,0.05
PED01867,2025-12-12,Cadeira Gamer,Móveis,Maracanaú,Região Metropolitana,Loja Física,Boleto,1,703.23,0.0
PED07961,2025-12-12,Teclado,Acessórios,Itapipoca,Interior,Marketplace,PIX,1,181.96,0.0
PED07178,2025-12-12,Cadeira Gamer,Móveis,Fortaleza,Fortaleza,Site,PIX,1,1342.47,0.0
PED01329,2025-12-12,Webcam,Acessórios,Fortaleza,Fortaleza,Marketplace,PIX,1,160.28,0.0
PED06988,2025-12-12,Monitor,Eletrônicos,Fortaleza,Fortaleza,Marketplace,Boleto,2,1286.71,0.0
PED07033,2025-12-13,Notebook,Eletrônicos,Sobral,Interior,Loja Física,Cartão de Débito,2,4618.86,0.0
PED07609,2025-12-13,Webcam,Acessórios,Maracanaú,Região Metropolitana,Marketplace,Boleto,1,543.83,0.0
PED08188,2025-12-13,Smartphone,Eletrônicos,Maracanaú,Região Metropolitana,Site,Cartão de Crédito,1,2264.68,0.0
PED09718,2025-12-13,Cadeira Gamer,Móveis,Itapipoca,Interior,Marketplace,Boleto,3,856.27,0.0
PED07987,2025-12-13,Memória RAM,Informática,Itapipoca,Interior,Site,Boleto,2,495.65,0.1
PED04785,2025-12-13,Cadeira Gamer,Móveis,Caucaia,Região Metropolitana,Loja Física,Cartão de Débito,1,1524.97,0.1
PED09125,2025-12-13,Impressora,Informática,Sobral,Interior,Site,Boleto,1,1662.92,0.05
PED03101,2025-12-13,Mesa Escritório,Móveis,Itapipoca,Interior,Site,Boleto,1,465.26,0.15
PED02982,2025-12-13,Memória RAM,Informática,Caucaia,Região Metropolitana,Loja Física,Boleto,1,262.99,0.0
PED03243,2025-12-13,Teclado,Acessórios,Juazeiro do Norte,Interior,Marketplace,Cartão de Débito,1,206.36,0.05
PED01406,2025-12-13,Fone Bluetooth,Áudio,Juazeiro do Norte,Interior,Site,Cartão de Débito,1,194.29,0.0
PED00709,2025-12-13,Roteador,Informática,Juazeiro do Norte,Interior,Marketplace,Boleto,2,563.11,0.0
PED08206,2025-12-13,Impressora,Informática,Fortaleza,Fortaleza,Loja Física,Boleto,1,1565.01,0.05
PED01995,2025-12-13,Roteador,Informática,Fortaleza,Fortaleza,Site,PIX,4,586.62,0.15
PED01158,2025-12-13,SSD 1TB,Informática,Fortaleza,Fortaleza,Marketplace,Boleto,1,638.8,0.15
PED05730,2025-12-13,Fone Bluetooth,Áudio,Juazeiro do Norte,Interior,Loja Física,Cartão de Crédito,2,206.16,0.1
PED06799,2025-12-13,Caixa de Som,Áudio,Fortaleza,Fortaleza,Loja Física,Cartão de Crédito,1,227.05,0.15
PED09186,2025-12-13,SSD 1TB,Informática,Itapipoca,Interior,Marketplace,Cartão de Débito,2,389.81,0.0
PED04632,2025-12-13,Impressora,Informática,Caucaia,Região Metropolitana,Marketplace,PIX,3,929.58,0.0
PED03657,2025-12-13,Webcam,Acessórios,Juazeiro do Norte,Interior,Loja Física,PIX,1,239.52,0.15
PED08804,2025-12-13,Mouse,Acessórios,Fortaleza,Fortaleza,Loja Física,Boleto,1,256.78,0.0
PED09578,2025-12-14,Mesa Escritório,Móveis,Fortaleza,Fortaleza,Marketplace,Cartão de Débito,4,1029.96,0.0
PED04634,2025-12-14,Impressora,Informática,Fortaleza,Fortaleza,Loja Física,PIX,1,910.04,0.0
PED07254,2025-12-14,Mouse,Acessórios,Juazeiro do Norte,Interior,Marketplace,Cartão de Débito,4,248.83,0.1
PED04810,2025-12-14,Roteador,Informática,Fortaleza,Fortaleza,Site,Cartão de Crédito,2,274.43,0.0
PED06491,2025-12-14,Headset,Acessórios,Juazeiro do Norte,Interior,Loja Física,Cartão de Crédito,1,343.06,0.05
PED09165,2025-12-14,Smartphone,Eletrônicos,Fortaleza,Fortaleza,Marketplace,PIX,4,3731.32,0.1
PED05121,2025-12-14,Mesa Escritório,Móveis,Fortaleza,Fortaleza,Loja Física,Cartão de Crédito,1,1594.39,0.0
PED04704,2025-12-14,Smartphone,Eletrônicos,Fortaleza,Fortaleza,Marketplace,Cartão de Crédito,1,2988.35,0.0
PED00883,2025-12-14,Smartphone,Eletrônicos,Itapipoca,Interior,Loja Física,Cartão de Débito,1,2208.0,0.0
PED09730,2025-12-14,Smartphone,Eletrônicos,Fortaleza,Fortaleza,Site,Boleto,1,3443.25,0.1
PED08057,2025-12-14,SSD 1TB,Informática,Itapipoca,Interior,Loja Física,Cartão de Crédito,1,512.99,0.0
PED01035,2025-12-14,SSD 1TB,Informática,Sobral,Interior,Marketplace,PIX,2,448.01,0.05
PED07505,2025-12-14,Notebook,Eletrônicos,Caucaia,Região Metropolitana,Marketplace,Cartão de Crédito,1,4229.8,0.0
PED03046,2025-12-14,Fone Bluetooth,Áudio,Fortaleza,Fortaleza,Loja Física,Cartão de Débito,1,89.28,0.05
PED00959,2025-12-14,SSD 1TB,Informática,Fortaleza,Fortaleza,Marketplace,Boleto,1,328.53,0.1
PED05578,2025-12-14,Headset,Acessórios,Sobral,Interior,Site,Cartão de Crédito,1,107.82,0.0
PED07483,2025-12-14,Roteador,Informática,Maracanaú,Região Metropolitana,Site,Cartão de Débito,1,180.82,0.1
PED08052,2025-12-14,Memória RAM,Informática,Caucaia,Região Metropolitana,Marketplace,Cartão de Débito,2,282.93,0.0
PED03934,2025-12-15,Teclado,Acessórios,Juazeiro do Norte,Interior,Loja Física,Cartão de Débito,1,329.2,0.05
PED06023,2025-12-15,Monitor,Eletrônicos,Fortaleza,Fortaleza,Loja Física,Cartão de Crédito,1,1007.14,0.05
PED04484,2025-12-15,Teclado,Acessórios,Fortaleza,Fortaleza,Site,Boleto,1,330.37,0.0
PED06520,2025-12-15,Mesa Escritório,Móveis,Itapipoca,Interior,Marketplace,PIX,2,467.09,0.15
PED02077,2025-12-15,Monitor,Eletrônicos,Caucaia,Região Metropolitana,Loja Física,Cartão de Débito,2,1508.53,0.0
PED01997,2025-12-15,SSD 1TB,Informática,Caucaia,Região Metropolitana,Loja Física,PIX,4,570.87,0.05
PED08448,2025-12-15,Memória RAM,Informática,Fortaleza,Fortaleza,Marketplace,Cartão de Débito,1,324.85,0.0
PED03903,2025-12-15,Caixa de Som,Áudio,Itapipoca,Interior,Marketplace,Cartão de Crédito,1,517.07,0.0
PED06711,2025-12-15,Fone Bluetooth,Áudio,Sobral,Interior,Loja Física,Cartão de Crédito,1,256.9,0.1
PED03945,2025-12-15,Notebook,Eletrônicos,Juazeiro do Norte,Interior,Marketplace,Cartão de Débito,1,3368.48,0.0
PED04405,2025-12-15,Memória RAM,Informática,Fortaleza,Fortaleza,Site,Cartão de Débito,3,400.94,0.0
PED07368,2025-12-15,Memória RAM,Informática,Maracanaú,Região Metropolitana,Marketplace,Cartão de Crédito,1,362.09,0.0
PED08359,2025-12-15,Mesa Escritório,Móveis,Fortaleza,Fortaleza,Site,Cartão de Débito,1,727.92,0.1
PED05904,2025-12-15,Monitor,Eletrônicos,Sobral,Interior,Site,Cartão de Crédito,1,1557.55,0.1
PED08487,2025-12-15,Memória RAM,Informática,Maracanaú,Região Metropolitana,Marketplace,Boleto,1,355.13,0.05
PED00776,2025-12-15,Impressora,Informática,Juazeiro do Norte,Interior,Loja Física,Boleto,1,1500.57,0.0
PED04215,2025-12-16,Mesa Escritório,Móveis,Fortaleza,Fortaleza,Marketplace,Boleto,1,1088.22,0.0
PED06834,2025-12-16,Mouse,Acessórios,Caucaia,Região Metropolitana,Site,PIX,1,158.08,0.05
PED09680,2025-12-16,Webcam,Acessórios,Fortaleza,Fortaleza,Site,Boleto,1,652.81,0.15
PED03310,2025-12-16,Caixa de Som,Áudio,Sobral,Interior,Loja Física,Cartão de Crédito,1,730.67,0.1
PED01014,2025-12-16,Cadeira Gamer,Móveis,Caucaia,Região Metropolitana,Loja Física,Boleto,1,2136.44,0.15
PED05910,2025-12-16,Memória RAM,Informática,Sobral,Interior,Marketplace,Cartão de Crédito,2,168.26,0.0
PED03578,2025-12-16,Mouse,Acessórios,Caucaia,Região Metropolitana,Loja Física,PIX,2,106.87,0.05
PED06380,2025-12-16,Webcam,Acessórios,Caucaia,Região Metropolitana,Site,Cartão de Débito,2,609.42,0.15
PED02453,2025-12-16,Fone Bluetooth,Áudio,Maracanaú,Região Metropolitana,Loja Física,Boleto,3,419.69,0.0
PED06986,2025-12-16,Memória RAM,Informática,Sobral,Interior,Marketplace,PIX,3,485.62,0.05
PED02658,2025-12-16,Cadeira Gamer,Móveis,Fortaleza,Fortaleza,Site,PIX,1,1851.81,0.0
PED01854,2025-12-16,Headset,Acessórios,Caucaia,Região Metropolitana,Marketplace,Cartão de Crédito,2,481.51,0.05
PED05472,2025-12-16,Headset,Acessórios,Sobral,Interior,Marketplace,PIX,4,473.89,0.0
PED07099,2025-12-16,Smartphone,Eletrônicos,Maracanaú,Região Metropolitana,Marketplace,Boleto,3,2863.9,0.0
PED06203,2025-12-17,Headset,Acessórios,Sobral,Interior,Loja Física,Cartão de Crédito,1,510.02,0.0
PED06119,2025-12-17,Fone Bluetooth,Áudio,Caucaia,Região Metropolitana,Loja Física,Boleto,1,145.47,0.0
PED06175,2025-12-17,Mouse,Acessórios,Juazeiro do Norte,Interior,Loja Física,Cartão de Crédito,1,116.8,0.0
PED07588,2025-12-17,Teclado,Acessórios,Fortaleza,Fortaleza,Site,PIX,2,240.84,0.0
PED07312,2025-12-17,Cadeira Gamer,Móveis,Fortaleza,Fortaleza,Marketplace,Cartão de Débito,3,2018.31,0.0
PED00853,2025-12-17,Monitor,Eletrônicos,Sobral,Interior,Loja Física,Cartão de Débito,3,685.95,0.05
PED01104,2025-12-17,Mouse,Acessórios,Itapipoca,Interior,Loja Física,Cartão de Crédito,1,180.22,0.05
PED06422,2025-12-17,Smartphone,Eletrônicos,Juazeiro do Norte,Interior,Marketplace,Cartão de Débito,1,2149.55,0.1
PED06938,2025-12-17,Smartphone,Eletrônicos,Fortaleza,Fortaleza,Loja Física,Boleto,1,2455.57,0.0
PED04854,2025-12-17,SSD 1TB,Informática,Sobral,Interior,Site,Boleto,1,395.13,0.1
PED01782,2025-12-17,Mesa Escritório,Móveis,Caucaia,Região Metropolitana,Loja Física,Cartão de Débito,4,1276.98,0.0
PED06332,2025-12-17,Roteador,Informática,Fortaleza,Fortaleza,Site,Cartão de Crédito,1,507.26,0.0
PED00733,2025-12-17,Caixa de Som,Áudio,Itapipoca,Interior,Marketplace,Cartão de Crédito,1,221.16,0.15
PED06634,2025-12-17,Mesa Escritório,Móveis,Sobral,Interior,Marketplace,Cartão de Débito,4,1194.79,0.05
PED01013,2025-12-17,Teclado,Acessórios,Maracanaú,Região Metropolitana,Marketplace,Cartão de Débito,3,442.26,0.0
PED04799,2025-12-18,Monitor,Eletrônicos,Fortaleza,Fortaleza,Loja Física,Boleto,1,914.73,0.0
PED01142,2025-12-18,Fone Bluetooth,Áudio,Maracanaú,Região Metropolitana,Site,Boleto,3,452.73,0.0
PED03593,2025-12-18,Headset,Acessórios,Fortaleza,Fortaleza,Site,Cartão de Débito,1,403.49,0.0
PED09286,2025-12-18,Teclado,Acessórios,Fortaleza,Fortaleza,Marketplace,Cartão de Débito,1,323.74,0.05
PED09973,2025-12-18,Fone Bluetooth,Áudio,Sobral,Interior,Loja Física,Boleto,2,312.09,0.0
PED00332,2025-12-18,Mouse,Acessórios,Fortaleza,Fortaleza,Marketplace,PIX,2,216.06,0.0
PED00801,2025-12-18,Smartphone,Eletrônicos,Sobral,Interior,Loja Física,Cartão de Débito,1,3073.09,0.0
PED05858,2025-12-18,SSD 1TB,Informática,Fortaleza,Fortaleza,Marketplace,Cartão de Crédito,1,457.76,0.0
PED02607,2025-12-18,Teclado,Acessórios,Fortaleza,Fortaleza,Loja Física,Boleto,1,348.57,0.15
PED01215,2025-12-18,SSD 1TB,Informática,Juazeiro do Norte,Interior,Site,Boleto,1,646.17,0.0
PED08722,2025-12-18,Monitor,Eletrônicos,Fortaleza,Fortaleza,Site,Boleto,1,1007.09,0.0
PED09255,2025-12-18,Notebook,Eletrônicos,Caucaia,Região Metropolitana,Marketplace,Cartão de Crédito,1,6054.5,0.0
PED03731,2025-12-18,Roteador,Informática,Fortaleza,Fortaleza,Marketplace,Cartão de Débito,1,562.37,0.1
PED00470,2025-12-19,Notebook,Eletrônicos,Maracanaú,Região Metropolitana,Site,Cartão de Crédito,1,3538.94,0.05
PED06018,2025-12-19,Notebook,Eletrônicos,Fortaleza,Fortaleza,Site,Cartão de Crédito,2,3908.84,0.0
PED05953,2025-12-19,Smartphone,Eletrônicos,Fortaleza,Fortaleza,Marketplace,Cartão de Crédito,3,1728.37,0.05
PED03631,2025-12-19,Notebook,Eletrônicos,Sobral,Interior,Site,Cartão de Débito,2,5948.45,0.05
PED05109,2025-12-19,Mouse,Acessórios,Fortaleza,Fortaleza,Site,Boleto,1,257.11,0.05
PED03268,2025-12-19,Cadeira Gamer,Móveis,Itapipoca,Interior,Marketplace,Boleto,1,1238.98,0.0
PED03366,2025-12-19,Monitor,Eletrônicos,Maracanaú,Região Metropolitana,Loja Física,Cartão de Crédito,3,852.56,0.0
PED00005,2025-12-19,Mesa Escritório,Móveis,Fortaleza,Fortaleza,Marketplace,Cartão de Débito,1,1378.2,0.0
PED01441,2025-12-19,Memória RAM,Informática,Itapipoca,Interior,Loja Física,Boleto,2,482.29,0.1
PED08353,2025-12-19,Mouse,Acessórios,Caucaia,Região Metropolitana,Marketplace,Boleto,1,110.67,0.1
PED08656,2025-12-19,Monitor,Eletrônicos,Fortaleza,Fortaleza,Loja Física,PIX,1,1543.22,0.1
PED00406,2025-12-19,Mesa Escritório,Móveis,Itapipoca,Interior,Marketplace,Cartão de Débito,1,896.64,0.1
PED02115,2025-12-19,Mouse,Acessórios,Fortaleza,Fortaleza,Site,PIX,1,280.1,0.05
PED09023,2025-12-19,Smartphone,Eletrônicos,Fortaleza,Fortaleza,Loja Física,Cartão de Débito,1,2193.73,0.0
PED01040,2025-12-19,Memória RAM,Informática,Sobral,Interior,Loja Física,Cartão de Crédito,1,406.22,0.0
PED09260,2025-12-19,Teclado,Acessórios,Maracanaú,Região Metropolitana,Loja Física,Cartão de Crédito,1,142.06,0.05
PED04512,2025-12-19,Monitor,Eletrônicos,Fortaleza,Fortaleza,Site,Cartão de Crédito,1,1190.33,0.15
PED03260,2025-12-19,Webcam,Acessórios,Juazeiro do Norte,Interior,Loja Física,Boleto,2,495.9,0.0
PED08126,2025-12-19,Roteador,Informática,Maracanaú,Região Metropolitana,Site,PIX,2,584.88,0.05
PED08878,2025-12-19,Teclado,Acessórios,Fortaleza,Fortaleza,Site,PIX,1,266.89,0.1
PED00758,2025-12-20,Cadeira Gamer,Móveis,Maracanaú,Região Metropolitana,Loja Física,Cartão de Débito,1,1821.0,0.05
PED05523,2025-12-20,Memória RAM,Informática,Caucaia,Região Metropolitana,Loja Física,Cartão de Débito,2,198.83,0.15
PED09060,2025-12-20,Teclado,Acessórios,Itapipoca,Interior,Marketplace,Boleto,1,246.86,0.0
PED05499,2025-12-20,Impressora,Informática,Maracanaú,Região Metropolitana,Marketplace,Cartão de Débito,1,1560.17,0.1
PED06414,2025-12-20,SSD 1TB,Informática,Fortaleza,Fortaleza,Site,Boleto,1,582.85,0.0
PED01916,2025-12-20,Smartphone,Eletrônicos,Caucaia,Região Metropolitana,Site,Boleto,2,973.78,0.0
PED06372,2025-12-20,Fone Bluetooth,Áudio,Caucaia,Região Metropolitana,Marketplace,PIX,2,439.46,0.05
PED00816,2025-12-20,Memória RAM,Informática,Itapipoca,Interior,Site,Boleto,1,350.58,0.0
PED03570,2025-12-20,Mesa Escritório,Móveis,Juazeiro do Norte,Interior,Marketplace,Cartão de Crédito,1,610.03,0.0
PED08884,2025-12-20,Headset,Acessórios,Fortaleza,Fortaleza,Loja Física,Boleto,1,351.05,0.05
PED00552,2025-12-20,Fone Bluetooth,Áudio,Fortaleza,Fortaleza,Site,Boleto,1,585.69,0.1
PED06842,2025-12-20,Smartphone,Eletrônicos,Maracanaú,Região Metropolitana,Site,PIX,1,3834.83,0.15
PED05901,2025-12-20,Fone Bluetooth,Áudio,Caucaia,Região Metropolitana,Marketplace,Boleto,1,391.43,0.0
PED04227,2025-12-20,Mesa Escritório,Móveis,Fortaleza,Fortaleza,Loja Física,PIX,1,560.09,0.05
PED02088,2025-12-21,Fone Bluetooth,Áudio,Maracanaú,Região Metropolitana,Loja Física,PIX,1,123.46,0.0
PED07182,2025-12-21,Cadeira Gamer,Móveis,Sobral,Interior,Site,Boleto,3,1267.44,0.05
PED04892,2025-12-21,Impressora,Informática,Maracanaú,Região Metropolitana,Loja Física,Boleto,2,555.54,0.0
PED04522,2025-12-21,Roteador,Informática,Maracanaú,Região Metropolitana,Site,Boleto,3,382.01,0.0
PED00308,2025-12-21,Monitor,Eletrônicos,Sobral,Interior,Loja Física,PIX,2,1196.36,0.0
PED06661,2025-12-21,Headset,Acessórios,Fortaleza,Fortaleza,Site,Boleto,2,266.8,0.05
PED05917,2025-12-21,Smartphone,Eletrônicos,Juazeiro do Norte,Interior,Loja Física,Boleto,1,2129.95,0.05
PED05900,2025-12-21,Headset,Acessórios,Itapipoca,Interior,Marketplace,Boleto,2,466.72,0.0
PED02747,2025-12-21,Smartphone,Eletrônicos,Maracanaú,Região Metropolitana,Marketplace,PIX,2,1932.71,0.15
PED09390,2025-12-21,Caixa de Som,Áudio,Fortaleza,Fortaleza,Site,PIX,1,616.51,0.05
PED01419,2025-12-21,Mouse,Acessórios,Fortaleza,Fortaleza,Site,Boleto,1,112.74,0.0
PED05192,2025-12-21,Memória RAM,Informática,Fortaleza,Fortaleza,Marketplace,Cartão de Débito,1,331.07,0.0
PED07047,2025-12-21,Cadeira Gamer,Móveis,Maracanaú,Região Metropolitana,Site,Cartão de Débito,1,1229.11,0.0
PED08605,2025-12-21,Notebook,Eletrônicos,Fortaleza,Fortaleza,Marketplace,Cartão de Débito,1,3977.91,0.0
PED07108,2025-12-21,Mesa Escritório,Móveis,Fortaleza,Fortaleza,Marketplace,Cartão de Débito,1,1028.94,0.0
PED05755,2025-12-21,SSD 1TB,Informática,Caucaia,Região Metropolitana,Site,PIX,4,461.96,0.0
PED01541,2025-12-21,Notebook,Eletrônicos,Juazeiro do Norte,Interior,Site,Boleto,1,3745.63,0.1
PED01551,2025-12-21,Impressora,Informática,Caucaia,Região Metropolitana,Marketplace,PIX,1,1369.84,0.1
PED03219,2025-12-22,Fone Bluetooth,Áudio,Sobral,Interior,Marketplace,PIX,2,550.84,0.15
PED07245,2025-12-22,SSD 1TB,Informática,Sobral,Interior,Loja Física,Boleto,1,480.57,0.0
PED02390,2025-12-22,Teclado,Acessórios,Sobral,Interior,Marketplace,Cartão de Débito,3,237.26,0.1
PED06833,2025-12-22,Fone Bluetooth,Áudio,Caucaia,Região Metropolitana,Marketplace,PIX,1,624.45,0.1
PED06881,2025-12-22,Teclado,Acessórios,Caucaia,Região Metropolitana,Site,PIX,1,149.87,0.0
PED09658,2025-12-22,Webcam,Acessórios,Fortaleza,Fortaleza,Marketplace,PIX,1,170.5,0.1
PED03495,2025-12-22,Teclado,Acessórios,Fortaleza,Fortaleza,Loja Física,Cartão de Débito,2,301.34,0.05
PED08621,2025-12-22,Impressora,Informática,Fortaleza,Fortaleza,Site,Boleto,2,1583.27,0.0
PED04248,2025-12-22,SSD 1TB,Informática,Caucaia,Região Metropolitana,Loja Física,Boleto,1,358.89,0.15
PED09172,2025-12-22,Caixa de Som,Áudio,Fortaleza,Fortaleza,Marketplace,Cartão de Crédito,1,232.09,0.05
PED09540,2025-12-22,Notebook,Eletrônicos,Fortaleza,Fortaleza,Site,Cartão de Débito,1,3326.37,0.0
PED02974,2025-12-22,Teclado,Acessórios,Juazeiro do Norte,Interior,Loja Física,Cartão de Débito,1,203.64,0.0
PED04302,2025-12-22,Memória RAM,Informática,Fortaleza,Fortaleza,Marketplace,Boleto,1,544.52,0.0
PED02652,2025-12-23,Fone Bluetooth,Áudio,Fortaleza,Fortaleza,Marketplace,Cartão de Crédito,2,618.91,0.0
PED07122,2025-12-23,Fone Bluetooth,Áudio,Fortaleza,Fortaleza,Loja Física,Cartão de Crédito,1,472.57,0.0
PED05318,2025-12-23,Roteador,Informática,Juazeiro do Norte,Interior,Loja Física,Boleto,2,593.41,0.0
PED05335,2025-12-23,Teclado,Acessórios,Caucaia,Região Metropolitana,Loja Física,Cartão de Débito,3,303.09,0.05
PED00730,2025-12-23,Headset,Acessórios,Caucaia,Região Metropolitana,Marketplace,Cartão de Crédito,2,323.66,0.0
PED04172,2025-12-23,Fone Bluetooth,Áudio,Maracanaú,Região Metropolitana,Site,Cartão de Débito,1,316.41,0.05
PED02235,2025-12-23,Fone Bluetooth,Áudio,Sobral,Interior,Site,Cartão de Débito,1,322.35,0.0
PED04588,2025-12-23,Monitor,Eletrônicos,Fortaleza,Fortaleza,Marketplace,PIX,1,1517.08,0.05
PED05847,2025-12-23,Teclado,Acessórios,Fortaleza,Fortaleza,Site,Cartão de Crédito,1,237.98,0.15
PED06115,2025-12-23,Caixa de Som,Áudio,Fortaleza,Fortaleza,Site,PIX,3,251.92,0.0
PED02022,2025-12-23,SSD 1TB,Informática,Sobral,Interior,Site,Cartão de Crédito,1,446.26,0.05
PED07235,2025-12-23,Memória RAM,Informática,Fortaleza,Fortaleza,Loja Física,Cartão de Crédito,3,152.32,0.0
PED00579,2025-12-23,Memória RAM,Informática,Fortaleza,Fortaleza,Site,Cartão de Débito,2,240.52,0.1
PED05806,2025-12-23,Impressora,Informática,Juazeiro do Norte,Interior,Loja Física,Cartão de Débito,1,856.36,0.0
PED02628,2025-12-23,Caixa de Som,Áudio,Fortaleza,Fortaleza,Loja Física,PIX,1,216.36,0.0
PED01116,2025-12-23,Monitor,Eletrônicos,Fortaleza,Fortaleza,Marketplace,Boleto,1,1443.72,0.0
PED04893,2025-12-23,Mesa Escritório,Móveis,Fortaleza,Fortaleza,Site,Boleto,1,687.0,0.0
PED02214,2025-12-23,Monitor,Eletrônicos,Sobral,Interior,Marketplace,PIX,2,765.59,0.05
PED09517,2025-12-24,Roteador,Informática,Juazeiro do Norte,Interior,Loja Física,PIX,1,245.04,0.15
PED08740,2025-12-24,SSD 1TB,Informática,Caucaia,Região Metropolitana,Site,Cartão de Débito,2,564.93,0.0
PED03319,2025-12-24,Mouse,Acessórios,Caucaia,Região Metropolitana,Marketplace,Boleto,3,260.68,0.15
PED07377,2025-12-24,Caixa de Som,Áudio,Itapipoca,Interior,Loja Física,Cartão de Débito,2,588.69,0.0
PED07289,2025-12-24,Cadeira Gamer,Móveis,Juazeiro do Norte,Interior,Loja Física,Boleto,1,1915.87,0.0
PED06854,2025-12-24,Headset,Acessórios,Fortaleza,Fortaleza,Loja Física,PIX,1,134.33,0.05
PED02669,2025-12-24,Webcam,Acessórios,Fortaleza,Fortaleza,Marketplace,Boleto,1,449.64,0.0
PED02145,2025-12-24,Smartphone,Eletrônicos,Maracanaú,Região Metropolitana,Site,Cartão de Crédito,1,1210.28,0.0
PED04631,2025-12-24,Notebook,Eletrônicos,Caucaia,Região Metropolitana,Marketplace,Boleto,1,4270.99,0.0
PED09656,2025-12-24,Notebook,Eletrônicos,Juazeiro do Norte,Interior,Loja Física,PIX,3,3920.35,0.0
PED04994,2025-12-24,Teclado,Acessórios,Sobral,Interior,Loja Física,Cartão de Crédito,1,416.25,0.0
PED05740,2025-12-24,Notebook,Eletrônicos,Sobral,Interior,Loja Física,Boleto,1,6397.82,0.0
PED09026,2025-12-24,Mouse,Acessórios,Caucaia,Região Metropolitana,Marketplace,Cartão de Débito,2,95.01,0.0
PED09725,2025-12-24,Monitor,Eletrônicos,Sobral,Interior,Loja Física,Cartão de Crédito,1,1034.57,0.0
PED04010,2025-12-24,SSD 1TB,Informática,Maracanaú,Região Metropolitana,Site,PIX,1,620.82,0.1
PED07358,2025-12-25,Caixa de Som,Áudio,Fortaleza,Fortaleza,Marketplace,PIX,2,611.51,0.0
PED07900,2025-12-25,Caixa de Som,Áudio,Fortaleza,Fortaleza,Site,PIX,1,678.64,0.05
PED08648,2025-12-25,Headset,Acessórios,Caucaia,Região Metropolitana,Site,Boleto,1,129.04,0.0
PED08363,2025-12-25,Memória RAM,Informática,Maracanaú,Região Metropolitana,Site,PIX,3,169.65,0.0
PED02194,2025-12-25,Smartphone,Eletrônicos,Maracanaú,Região Metropolitana,Site,Boleto,1,2055.06,0.0
PED06930,2025-12-25,Teclado,Acessórios,Fortaleza,Fortaleza,Loja Física,Cartão de Crédito,1,259.57,0.0
PED07462,2025-12-25,Mouse,Acessórios,Maracanaú,Região Metropolitana,Marketplace,Cartão de Débito,2,239.87,0.0
PED02225,2025-12-25,Caixa de Som,Áudio,Maracanaú,Região Metropolitana,Marketplace,Boleto,2,687.75,0.0
PED03574,2025-12-25,Teclado,Acessórios,Maracanaú,Região Metropolitana,Loja Física,Cartão de Débito,3,197.18,0.0
PED07704,2025-12-25,Smartphone,Eletrônicos,Caucaia,Região Metropolitana,Loja Física,Cartão de Débito,1,911.56,0.0
PED02899,2025-12-26,Webcam,Acessórios,Fortaleza,Fortaleza,Site,Cartão de Débito,2,639.74,0.1
PED04305,2025-12-26,Caixa de Som,Áudio,Caucaia,Região Metropolitana,Marketplace,Boleto,1,665.93,0.1
PED06118,2025-12-26,Headset,Acessórios,Juazeiro do Norte,Interior,Loja Física,Cartão de Débito,1,420.91,0.0
PED04334,2025-12-26,Teclado,Acessórios,Sobral,Interior,Site,Cartão de Crédito,1,234.49,0.0
PED01991,2025-12-26,Monitor,Eletrônicos,Caucaia,Região Metropolitana,Loja Física,Cartão de Débito,2,1716.88,0.0
PED09743,2025-12-26,Headset,Acessórios,Itapipoca,Interior,Marketplace,Boleto,1,498.35,0.0
PED09526,2025-12-26,Impressora,Informática,Juazeiro do Norte,Interior,Loja Física,PIX,1,665.64,0.15
PED07205,2025-12-26,Fone Bluetooth,Áudio,Fortaleza,Fortaleza,Marketplace,PIX,1,555.08,0.0
PED09045,2025-12-26,Impressora,Informática,Juazeiro do Norte,Interior,Loja Física,Boleto,1,1688.01,0.0
PED05065,2025-12-26,Notebook,Eletrônicos,Fortaleza,Fortaleza,Loja Física,Cartão de Crédito,3,4496.47,0.0
PED00836,2025-12-26,Webcam,Acessórios,Fortaleza,Fortaleza,Site,Boleto,1,627.1,0.0
PED08258,2025-12-26,Fone Bluetooth,Áudio,Caucaia,Região Metropolitana,Loja Física,PIX,2,122.5,0.0
PED04470,2025-12-27,Fone Bluetooth,Áudio,Itapipoca,Interior,Loja Física,Cartão de Crédito,1,592.96,0.0
PED09330,2025-12-27,Notebook,Eletrônicos,Caucaia,Região Metropolitana,Loja Física,Boleto,1,6095.16,0.05
PED05617,2025-12-27,Monitor,Eletrônicos,Itapipoca,Interior,Loja Física,Cartão de Débito,1,1404.1,0.0
PED05588,2025-12-27,Notebook,Eletrônicos,Fortaleza,Fortaleza,Loja Física,Boleto,1,4333.09,0.05
PED06837,2025-12-27,Fone Bluetooth,Áudio,Sobral,Interior,Marketplace,PIX,1,176.15,0.0
PED01573,2025-12-27,SSD 1TB,Informática,Fortaleza,Fortaleza,Marketplace,Boleto,1,433.7,0.0
PED09665,2025-12-27,Monitor,Eletrônicos,Caucaia,Região Metropolitana,Marketplace,Boleto,1,1690.44,0.1
PED07338,2025-12-27,Smartphone,Eletrônicos,Juazeiro do Norte,Interior,Site,Cartão de Débito,1,2220.91,0.05
PED09476,2025-12-27,Teclado,Acessórios,Caucaia,Região Metropolitana,Marketplace,Boleto,1,120.19,0.0
PED01354,2025-12-27,Fone Bluetooth,Áudio,Fortaleza,Fortaleza,Site,PIX,2,358.34,0.1
PED09546,2025-12-27,Headset,Acessórios,Juazeiro do Norte,Interior,Loja Física,Boleto,1,449.77,0.1
PED06533,2025-12-27,Cadeira Gamer,Móveis,Maracanaú,Região Metropolitana,Site,Boleto,2,1956.1,0.0
PED07557,2025-12-27,Headset,Acessórios,Fortaleza,Fortaleza,Site,Cartão de Débito,1,258.46,0.0
PED05453,2025-12-27,Webcam,Acessórios,Fortaleza,Fortaleza,Loja Física,Cartão de Crédito,1,366.22,0.1
PED02502,2025-12-27,Smartphone,Eletrônicos,Fortaleza,Fortaleza,Loja Física,Cartão de Débito,1,2650.64,0.05
PED05444,2025-12-27,Notebook,Eletrônicos,Fortaleza,Fortaleza,Marketplace,PIX,1,3589.35,0.05
PED03571,2025-12-27,Mesa Escritório,Móveis,Maracanaú,Região Metropolitana,Site,Cartão de Crédito,3,1324.07,0.15
PED07749,2025-12-28,Smartphone,Eletrônicos,Juazeiro do Norte,Interior,Site,Boleto,1,3290.95,0.1
PED06210,2025-12-28,Monitor,Eletrônicos,Sobral,Interior,Marketplace,Cartão de Crédito,1,989.27,0.0
PED03375,2025-12-28,Mesa Escritório,Móveis,Fortaleza,Fortaleza,Marketplace,Boleto,2,1174.48,0.0
PED01480,2025-12-28,Notebook,Eletrônicos,Sobral,Interior,Marketplace,PIX,1,5361.27,0.05
PED01357,2025-12-28,Mouse,Acessórios,Maracanaú,Região Metropolitana,Site,Cartão de Débito,1,271.76,0.0
PED08107,2025-12-28,Smartphone,Eletrônicos,Caucaia,Região Metropolitana,Site,PIX,3,3746.47,0.15
PED01436,2025-12-28,Cadeira Gamer,Móveis,Juazeiro do Norte,Interior,Marketplace,PIX,4,1580.9,0.0
PED04344,2025-12-28,Teclado,Acessórios,Fortaleza,Fortaleza,Site,PIX,1,375.64,0.05
PED09595,2025-12-28,Notebook,Eletrônicos,Sobral,Interior,Loja Física,Cartão de Débito,1,6037.46,0.15
PED09212,2025-12-28,Notebook,Eletrônicos,Fortaleza,Fortaleza,Site,PIX,3,4437.08,0.0
PED01989,2025-12-28,Roteador,Informática,Fortaleza,Fortaleza,Loja Física,Boleto,1,514.9,0.1
PED09563,2025-12-28,Memória RAM,Informática,Fortaleza,Fortaleza,Loja Física,PIX,1,450.84,0.0
PED09078,2025-12-28,Mouse,Acessórios,Sobral,Interior,Marketplace,Boleto,1,198.6,0.0
PED05975,2025-12-28,Mesa Escritório,Móveis,Fortaleza,Fortaleza,Site,Boleto,1,572.63,0.0
PED04837,2025-12-28,SSD 1TB,Informática,Sobral,Interior,Marketplace,Cartão de Crédito,1,402.2,0.1
PED05903,2025-12-28,Impressora,Informática,Fortaleza,Fortaleza,Site,Boleto,4,1213.44,0.0
PED08645,2025-12-29,Caixa de Som,Áudio,Caucaia,Região Metropolitana,Loja Física,Cartão de Crédito,4,577.96,0.05
PED07742,2025-12-29,Cadeira Gamer,Móveis,Fortaleza,Fortaleza,Marketplace,Cartão de Débito,1,1767.2,0.0
PED05771,2025-12-29,Caixa de Som,Áudio,Caucaia,Região Metropolitana,Site,Cartão de Débito,1,780.09,0.0
PED05381,2025-12-29,Memória RAM,Informática,Itapipoca,Interior,Loja Física,Boleto,3,178.06,0.0
PED08243,2025-12-29,Notebook,Eletrônicos,Fortaleza,Fortaleza,Site,Boleto,1,5823.19,0.0
PED04113,2025-12-29,Caixa de Som,Áudio,Fortaleza,Fortaleza,Site,Cartão de Crédito,2,432.26,0.05
PED08163,2025-12-29,Monitor,Eletrônicos,Fortaleza,Fortaleza,Site,PIX,1,1370.96,0.15
PED09159,2025-12-29,Roteador,Informática,Maracanaú,Região Metropolitana,Site,Cartão de Débito,2,191.47,0.0
PED00167,2025-12-29,Webcam,Acessórios,Caucaia,Região Metropolitana,Loja Física,Boleto,1,619.82,0.05
PED02392,2025-12-29,Caixa de Som,Áudio,Fortaleza,Fortaleza,Marketplace,Cartão de Débito,1,550.74,0.0
PED00712,2025-12-29,Notebook,Eletrônicos,Fortaleza,Fortaleza,Loja Física,Cartão de Crédito,2,4125.52,0.1
PED04307,2025-12-29,Impressora,Informática,Fortaleza,Fortaleza,Marketplace,Cartão de Crédito,1,893.85,0.0
PED08734,2025-12-29,SSD 1TB,Informática,Fortaleza,Fortaleza,Marketplace,Cartão de Crédito,1,392.93,0.05
PED07097,2025-12-29,Teclado,Acessórios,Fortaleza,Fortaleza,Site,Cartão de Crédito,4,239.7,0.0
PED05002,2025-12-29,Monitor,Eletrônicos,Fortaleza,Fortaleza,Loja Física,PIX,1,1705.93,0.15
PED02881,2025-12-29,Webcam,Acessórios,Fortaleza,Fortaleza,Loja Física,PIX,2,452.02,0.05
PED03742,2025-12-29,Roteador,Informática,Fortaleza,Fortaleza,Site,Cartão de Crédito,1,370.27,0.0
PED04200,2025-12-29,Fone Bluetooth,Áudio,Sobral,Interior,Site,PIX,1,628.97,0.1
PED03580,2025-12-29,Mouse,Acessórios,Fortaleza,Fortaleza,Site,Cartão de Crédito,1,97.34,0.0
PED00746,2025-12-30,SSD 1TB,Informática,Caucaia,Região Metropolitana,Loja Física,Cartão de Crédito,1,437.17,0.0
PED08684,2025-12-30,Webcam,Acessórios,Fortaleza,Fortaleza,Site,PIX,2,637.39,0.0
PED09765,2025-12-30,Fone Bluetooth,Áudio,Fortaleza,Fortaleza,Marketplace,Cartão de Débito,3,85.25,0.0
PED09449,2025-12-30,Roteador,Informática,Maracanaú,Região Metropolitana,Site,Cartão de Débito,1,547.08,0.0
PED07734,2025-12-30,Fone Bluetooth,Áudio,Itapipoca,Interior,Loja Física,Cartão de Crédito,3,590.4,0.15
PED05436,2025-12-30,SSD 1TB,Informática,Maracanaú,Região Metropolitana,Loja Física,Boleto,1,463.42,0.0
PED09620,2025-12-30,Fone Bluetooth,Áudio,Fortaleza,Fortaleza,Marketplace,Cartão de Débito,3,145.35,0.1
PED05897,2025-12-30,Monitor,Eletrônicos,Sobral,Interior,Loja Física,Boleto,2,1350.25,0.0
PED04440,2025-12-30,Headset,Acessórios,Itapipoca,Interior,Loja Física,Cartão de Débito,2,352.63,0.0
PED06942,2025-12-30,Roteador,Informática,Fortaleza,Fortaleza,Site,Boleto,1,298.73,0.1
PED06098,2025-12-30,Cadeira Gamer,Móveis,Maracanaú,Região Metropolitana,Marketplace,Boleto,3,925.81,0.1
PED09971,2025-12-30,Mesa Escritório,Móveis,Fortaleza,Fortaleza,Marketplace,Cartão de Crédito,1,609.92,0.0
PED00601,2025-12-30,Impressora,Informática,Maracanaú,Região Metropolitana,Site,Boleto,1,1518.43,0.1
PED04683,2025-12-30,Teclado,Acessórios,Maracanaú,Região Metropolitana,Marketplace,Boleto,1,322.43,0.1
PED08881,2025-12-30,Caixa de Som,Áudio,Itapipoca,Interior,Site,Boleto,1,345.38,0.1
PED06724,2025-12-31,Memória RAM,Informática,Maracanaú,Região Metropolitana,Site,Boleto,2,184.12,0.05
PED09636,2025-12-31,Teclado,Acessórios,Maracanaú,Região Metropolitana,Marketplace,Boleto,3,126.34,0.05
PED07491,2025-12-31,Notebook,Eletrônicos,Fortaleza,Fortaleza,Site,Cartão de Débito,1,3283.75,0.05
PED03872,2025-12-31,Memória RAM,Informática,Caucaia,Região Metropolitana,Marketplace,PIX,1,425.24,0.0
PED08737,2025-12-31,Mesa Escritório,Móveis,Sobral,Interior,Marketplace,Boleto,1,876.08,0.15
PED04371,2025-12-31,Headset,Acessórios,Fortaleza,Fortaleza,Marketplace,Cartão de Débito,1,498.36,0.0
PED06415,2025-12-31,Impressora,Informática,Fortaleza,Fortaleza,Marketplace,PIX,1,1320.64,0.0
PED02523,2025-12-31,Teclado,Acessórios,Itapipoca,Interior,Marketplace,Boleto,1,142.32,0.1
PED02522,2025-12-31,Teclado,Acessórios,Maracanaú,Região Metropolitana,Loja Física,Cartão de Crédito,2,365.94,0.0
PED07318,2025-12-31,Teclado,Acessórios,Maracanaú,Região Metropolitana,Loja Física,Boleto,1,308.22,0.1
PED03559,2025-12-31,Smartphone,Eletrônicos,Fortaleza,Fortaleza,Site,Cartão de Crédito,1,3956.31,0.1
PED06303,2025-12-31,Smartphone,Eletrônicos,Maracanaú,Região Metropolitana,Marketplace,Cartão de Crédito,1,1361.29,0.0
PED04421,2025-12-31,Monitor,Eletrônicos,Caucaia,Região Metropolitana,Marketplace,Boleto,1,1337.32,0.0
PED02764,2025-12-31,Headset,Acessórios,Sobral,Interior,Loja Física,Cartão de Débito,1,208.12,0.0
PED02276,2025-12-31,Monitor,Eletrônicos,Maracanaú,Região Metropolitana,Marketplace,Cartão de Crédito,1,1681.9,0.0
PED07098,2025-12-31,Webcam,Acessórios,Juazeiro do Norte,Interior,Marketplace,Cartão de Débito,1,432.08,0.0
PED03304,2025-12-31,Roteador,Informática,Maracanaú,Região Metropolitana,Marketplace,Cartão de Crédito,2,452.16,0.0
PED09193,2025-12-31,SSD 1TB,Informática,Fortaleza,Fortaleza,Site,Boleto,1,410.91,0.0
PED00879,2026-01-01,Impressora,Informática,Fortaleza,Fortaleza,Site,Cartão de Débito,1,620.56,0.0
PED03039,2026-01-01,Teclado,Acessórios,Itapipoca,Interior,Marketplace,Boleto,1,405.55,0.0
PED01472,2026-01-01,Impressora,Informática,Caucaia,Região Metropolitana,Marketplace,Boleto,2,919.27,0.0
PED03913,2026-01-01,Impressora,Informática,Fortaleza,Fortaleza,Marketplace,Boleto,4,1689.45,0.0
PED03134,2026-01-01,Monitor,Eletrônicos,Fortaleza,Fortaleza,Marketplace,Boleto,1,1767.03,0.05
PED02030,2026-01-01,Teclado,Acessórios,Juazeiro do Norte,Interior,Site,Cartão de Crédito,1,272.34,0.1
PED01686,2026-01-01,Impressora,Informática,Caucaia,Região Metropolitana,Loja Física,PIX,1,676.41,0.1
PED02789,2026-01-01,Impressora,Informática,Caucaia,Região Metropolitana,Loja Física,Boleto,1,1324.68,0.0
PED02029,2026-01-01,Impressora,Informática,Caucaia,Região Metropolitana,Loja Física,Boleto,2,1139.82,0.05
PED01958,2026-01-01,Monitor,Eletrônicos,Fortaleza,Fortaleza,Marketplace,PIX,2,700.54,0.05
PED04612,2026-01-01,Mesa Escritório,Móveis,Maracanaú,Região Metropolitana,Loja Física,Cartão de Crédito,2,958.71,0.0
PED03522,2026-01-01,Teclado,Acessórios,Sobral,Interior,Site,Boleto,3,406.73,0.0
PED00609,2026-01-01,Monitor,Eletrônicos,Fortaleza,Fortaleza,Site,Boleto,2,1233.99,0.0
PED03613,2026-01-01,Headset,Acessórios,Itapipoca,Interior,Site,Cartão de Crédito,1,346.26,0.0
PED09124,2026-01-01,SSD 1TB,Informática,Fortaleza,Fortaleza,Loja Física,Boleto,1,530.16,0.05
PED03160,2026-01-01,Mouse,Acessórios,Fortaleza,Fortaleza,Loja Física,Boleto,1,235.09,0.1
PED03530,2026-01-01,Mouse,Acessórios,Itapipoca,Interior,Marketplace,Cartão de Crédito,2,102.96,0.0
PED07839,2026-01-02,Mouse,Acessórios,Caucaia,Região Metropolitana,Site,Cartão de Débito,1,51.2,0.05
PED02508,2026-01-02,SSD 1TB,Informática,Caucaia,Região Metropolitana,Loja Física,Boleto,1,362.41,0.05
PED09073,2026-01-02,Cadeira Gamer,Móveis,Maracanaú,Região Metropolitana,Loja Física,Cartão de Crédito,2,731.22,0.0
PED00355,2026-01-02,Caixa de Som,Áudio,Itapipoca,Interior,Loja Física,Boleto,2,252.48,0.0
PED07247,2026-01-02,Monitor,Eletrônicos,Juazeiro do Norte,Interior,Loja Física,Cartão de Crédito,1,825.36,0.0
PED01038,2026-01-02,Notebook,Eletrônicos,Fortaleza,Fortaleza,Site,Cartão de Crédito,1,3686.45,0.0
PED04867,2026-01-02,Fone Bluetooth,Áudio,Sobral,Interior,Loja Física,Boleto,1,466.86,0.15
PED06918,2026-01-02,Mesa Escritório,Móveis,Juazeiro do Norte,Interior,Loja Física,Cartão de Débito,2,466.4,0.0
PED01045,2026-01-02,Monitor,Eletrônicos,Sobral,Interior,Loja Física,PIX,1,828.0,0.0
PED03236,2026-01-02,Smartphone,Eletrônicos,Fortaleza,Fortaleza,Loja Física,PIX,3,2743.3,0.0
PED09871,2026-01-02,Webcam,Acessórios,Caucaia,Região Metropolitana,Loja Física,Cartão de Débito,1,223.79,0.0
PED05502,2026-01-02,Cadeira Gamer,Móveis,Fortaleza,Fortaleza,Site,PIX,1,1877.8,0.0
PED01306,2026-01-02,Notebook,Eletrônicos,Itapipoca,Interior,Loja Física,Cartão de Crédito,1,5353.32,0.0
PED06965,2026-01-03,Monitor,Eletrônicos,Fortaleza,Fortaleza,Loja Física,PIX,1,1523.42,0.05
PED07871,2026-01-03,Notebook,Eletrônicos,Juazeiro do Norte,Interior,Marketplace,Cartão de Crédito,2,4461.78,0.0
PED09303,2026-01-03,Webcam,Acessórios,Caucaia,Região Metropolitana,Loja Física,Boleto,3,381.26,0.0
PED03247,2026-01-03,SSD 1TB,Informática,Caucaia,Região Metropolitana,Marketplace,Cartão de Crédito,2,498.43,0.1
PED06418,2026-01-03,Teclado,Acessórios,Juazeiro do Norte,Interior,Marketplace,Cartão de Débito,2,304.69,0.0
PED03802,2026-01-03,Webcam,Acessórios,Fortaleza,Fortaleza,Loja Física,Boleto,1,210.92,0.05
PED09580,2026-01-03,Mouse,Acessórios,Fortaleza,Fortaleza,Site,PIX,4,75.23,0.0
PED05348,2026-01-03,Memória RAM,Informática,Maracanaú,Região Metropolitana,Loja Física,PIX,1,281.02,0.05
PED06859,2026-01-03,Headset,Acessórios,Fortaleza,Fortaleza,Site,Cartão de Crédito,1,339.61,0.05
PED02866,2026-01-03,Mouse,Acessórios,Fortaleza,Fortaleza,Marketplace,Cartão de Crédito,1,255.68,0.05
PED08334,2026-01-03,Caixa de Som,Áudio,Juazeiro do Norte,Interior,Site,Cartão de Crédito,1,427.63,0.0
PED02114,2026-01-03,Memória RAM,Informática,Sobral,Interior,Marketplace,Cartão de Crédito,2,323.66,0.0
PED06636,2026-01-03,Headset,Acessórios,Itapipoca,Interior,Loja Física,Cartão de Crédito,3,542.29,0.05
PED08211,2026-01-03,Smartphone,Eletrônicos,Fortaleza,Fortaleza,Marketplace,Cartão de Crédito,1,4124.01,0.1
PED07638,2026-01-03,Mesa Escritório,Móveis,Fortaleza,Fortaleza,Site,Boleto,2,1486.26,0.0
PED00775,2026-01-03,Cadeira Gamer,Móveis,Sobral,Interior,Site,Cartão de Débito,1,1270.95,0.05
PED07117,2026-01-03,Monitor,Eletrônicos,Itapipoca,Interior,Site,PIX,1,1311.42,0.05
PED06223,2026-01-03,Caixa de Som,Áudio,Caucaia,Região Metropolitana,Site,Cartão de Crédito,1,333.79,0.0
PED06665,2026-01-03,Caixa de Som,Áudio,Caucaia,Região Metropolitana,Loja Física,Cartão de Débito,2,353.51,0.0
PED00342,2026-01-03,Monitor,Eletrônicos,Fortaleza,Fortaleza,Loja Física,Boleto,1,820.67,0.0
PED07559,2026-01-04,Headset,Acessórios,Fortaleza,Fortaleza,Loja Física,Boleto,1,469.37,0.0
PED06263,2026-01-04,Caixa de Som,Áudio,Itapipoca,Interior,Loja Física,PIX,1,787.6,0.05
PED02424,2026-01-04,Caixa de Som,Áudio,Caucaia,Região Metropolitana,Marketplace,Cartão de Crédito,1,590.77,0.0
PED05816,2026-01-04,Webcam,Acessórios,Maracanaú,Região Metropolitana,Site,Cartão de Débito,2,163.18,0.0
PED06817,2026-01-04,Headset,Acessórios,Sobral,Interior,Loja Física,Cartão de Débito,1,374.08,0.0
PED08045,2026-01-04,SSD 1TB,Informática,Fortaleza,Fortaleza,Loja Física,Cartão de Débito,1,615.85,0.1
PED04037,2026-01-04,SSD 1TB,Informática,Juazeiro do Norte,Interior,Marketplace,Boleto,1,515.92,0.15
PED02376,2026-01-04,Fone Bluetooth,Áudio,Fortaleza,Fortaleza,Site,Cartão de Débito,4,378.69,0.1
PED02324,2026-01-04,Monitor,Eletrônicos,Fortaleza,Fortaleza,Site,Cartão de Débito,1,1184.37,0.05
PED09696,2026-01-04,Headset,Acessórios,Caucaia,Região Metropolitana,Loja Física,Cartão de Débito,1,361.54,0.0
PED08875,2026-01-04,Caixa de Som,Áudio,Itapipoca,Interior,Marketplace,Boleto,1,258.04,0.0
PED06054,2026-01-04,Monitor,Eletrônicos,Sobral,Interior,Loja Física,PIX,1,1604.8,0.1
PED06722,2026-01-04,Notebook,Eletrônicos,Caucaia,Região Metropolitana,Loja Física,Cartão de Débito,1,4767.14,0.1
PED07146,2026-01-04,Memória RAM,Informática,Caucaia,Região Metropolitana,Site,Boleto,2,495.54,0.0
PED08871,2026-01-04,Cadeira Gamer,Móveis,Fortaleza,Fortaleza,Loja Física,PIX,1,697.02,0.0
PED00743,2026-01-04,SSD 1TB,Informática,Fortaleza,Fortaleza,Site,Cartão de Crédito,1,386.73,0.1
PED00960,2026-01-04,Mouse,Acessórios,Itapipoca,Interior,Site,Cartão de Crédito,1,201.68,0.0
PED01852,2026-01-04,Impressora,Informática,Itapipoca,Interior,Site,PIX,1,1302.69,0.0
PED03692,2026-01-04,Headset,Acessórios,Sobral,Interior,Marketplace,Cartão de Débito,1,459.26,0.0
PED04745,2026-01-04,Mouse,Acessórios,Sobral,Interior,Loja Física,Boleto,2,201.61,0.05
PED00647,2026-01-04,Teclado,Acessórios,Fortaleza,Fortaleza,Site,Boleto,1,434.73,0.05
PED09890,2026-01-04,Mesa Escritório,Móveis,Itapipoca,Interior,Loja Física,Boleto,1,767.69,0.0
PED05345,2026-01-04,SSD 1TB,Informática,Fortaleza,Fortaleza,Loja Física,Cartão de Débito,2,589.57,0.0
PED01360,2026-01-04,Notebook,Eletrônicos,Fortaleza,Fortaleza,Loja Física,PIX,2,3839.68,0.15
PED05390,2026-01-04,Webcam,Acessórios,Maracanaú,Região Metropolitana,Site,PIX,3,565.31,0.0
PED00667,2026-01-04,Impressora,Informática,Juazeiro do Norte,Interior,Loja Física,PIX,1,915.62,0.05
PED06829,2026-01-04,Headset,Acessórios,Juazeiro do Norte,Interior,Marketplace,Cartão de Débito,1,513.54,0.0
PED06428,2026-01-05,Webcam,Acessórios,Fortaleza,Fortaleza,Site,Cartão de Débito,3,139.14,0.05
PED00835,2026-01-05,Roteador,Informática,Maracanaú,Região Metropolitana,Site,Cartão de Crédito,3,475.02,0.1
PED07074,2026-01-05,Headset,Acessórios,Fortaleza,Fortaleza,Marketplace,Boleto,2,348.17,0.15
PED09948,2026-01-05,Webcam,Acessórios,Fortaleza,Fortaleza,Marketplace,Boleto,1,570.26,0.0
PED04142,2026-01-05,Webcam,Acessórios,Fortaleza,Fortaleza,Marketplace,Cartão de Débito,1,172.09,0.0
PED09790,2026-01-05,Notebook,Eletrônicos,Maracanaú,Região Metropolitana,Site,Cartão de Crédito,1,3723.95,0.0
PED09637,2026-01-05,Mesa Escritório,Móveis,Fortaleza,Fortaleza,Marketplace,Boleto,1,1013.07,0.0
PED02557,2026-01-05,Teclado,Acessórios,Fortaleza,Fortaleza,Site,Cartão de Crédito,1,124.85,0.0
PED07999,2026-01-05,Teclado,Acessórios,Fortaleza,Fortaleza,Loja Física,Cartão de Crédito,1,142.49,0.1
PED04618,2026-01-05,Fone Bluetooth,Áudio,Sobral,Interior,Site,Boleto,1,221.72,0.0
PED00317,2026-01-05,Webcam,Acessórios,Fortaleza,Fortaleza,Site,Cartão de Crédito,1,538.12,0.1
PED00359,2026-01-05,Mouse,Acessórios,Fortaleza,Fortaleza,Site,PIX,3,136.68,0.0
PED04672,2026-01-05,Roteador,Informática,Maracanaú,Região Metropolitana,Site,Cartão de Débito,1,222.37,0.0
PED05849,2026-01-05,SSD 1TB,Informática,Caucaia,Região Metropolitana,Marketplace,Cartão de Crédito,3,555.05,0.15
PED06231,2026-01-05,Monitor,Eletrônicos,Fortaleza,Fortaleza,Loja Física,Cartão de Crédito,4,1517.96,0.1
PED00984,2026-01-05,Teclado,Acessórios,Fortaleza,Fortaleza,Site,PIX,1,125.69,0.0
PED06875,2026-01-05,Cadeira Gamer,Móveis,Fortaleza,Fortaleza,Site,Cartão de Crédito,1,1313.43,0.1
PED01648,2026-01-05,Mesa Escritório,Móveis,Caucaia,Região Metropolitana,Site,PIX,3,949.27,0.0
PED09800,2026-01-05,Teclado,Acessórios,Fortaleza,Fortaleza,Marketplace,Boleto,1,317.63,0.0
PED05298,2026-01-05,Impressora,Informática,Fortaleza,Fortaleza,Marketplace,Cartão de Débito,1,1118.15,0.1
PED09591,2026-01-05,Mesa Escritório,Móveis,Sobral,Interior,Marketplace,PIX,2,1393.09,0.0
PED04108,2026-01-05,Mesa Escritório,Móveis,Itapipoca,Interior,Loja Física,PIX,1,530.08,0.0
PED09292,2026-01-05,Fone Bluetooth,Áudio,Fortaleza,Fortaleza,Loja Física,PIX,1,147.33,0.05
PED01131,2026-01-05,Impressora,Informática,Juazeiro do Norte,Interior,Marketplace,Boleto,4,1023.04,0.1
PED00370,2026-01-05,Roteador,Informática,Fortaleza,Fortaleza,Site,Cartão de Crédito,3,330.21,0.0
PED02159,2026-01-05,Cadeira Gamer,Móveis,Fortaleza,Fortaleza,Site,Boleto,1,1777.92,0.1
PED05521,2026-01-05,Monitor,Eletrônicos,Fortaleza,Fortaleza,Loja Física,Cartão de Débito,2,1702.76,0.15
PED05396,2026-01-06,Monitor,Eletrônicos,Fortaleza,Fortaleza,Loja Física,Cartão de Débito,1,1804.05,0.0
PED03963,2026-01-06,Impressora,Informática,Fortaleza,Fortaleza,Site,Cartão de Crédito,2,1116.31,0.0
PED07492,2026-01-06,Cadeira Gamer,Móveis,Fortaleza,Fortaleza,Site,Cartão de Débito,1,679.96,0.15
PED00792,2026-01-06,Teclado,Acessórios,Fortaleza,Fortaleza,Marketplace,Cartão de Crédito,4,246.4,0.15
PED05601,2026-01-06,Impressora,Informática,Fortaleza,Fortaleza,Marketplace,Cartão de Débito,1,835.74,0.05
PED03372,2026-01-06,Cadeira Gamer,Móveis,Fortaleza,Fortaleza,Marketplace,Cartão de Débito,3,1042.39,0.1
PED07217,2026-01-06,Cadeira Gamer,Móveis,Fortaleza,Fortaleza,Loja Física,PIX,1,2053.92,0.05
PED04061,2026-01-06,Mesa Escritório,Móveis,Itapipoca,Interior,Marketplace,Cartão de Crédito,2,856.62,0.1
PED03423,2026-01-06,Notebook,Eletrônicos,Fortaleza,Fortaleza,Loja Física,Cartão de Crédito,1,3304.04,0.0
PED07520,2026-01-06,Smartphone,Eletrônicos,Fortaleza,Fortaleza,Loja Física,Cartão de Débito,2,1629.95,0.05
PED01796,2026-01-06,Cadeira Gamer,Móveis,Itapipoca,Interior,Marketplace,PIX,1,1532.26,0.1
PED08236,2026-01-06,Cadeira Gamer,Móveis,Fortaleza,Fortaleza,Marketplace,Boleto,1,919.32,0.0
PED06541,2026-01-06,Monitor,Eletrônicos,Itapipoca,Interior,Site,Cartão de Crédito,4,854.04,0.05
PED08366,2026-01-06,Monitor,Eletrônicos,Fortaleza,Fortaleza,Loja Física,Cartão de Débito,2,1010.88,0.1
PED06091,2026-01-06,Roteador,Informática,Maracanaú,Região Metropolitana,Marketplace,Cartão de Débito,1,186.05,0.05
PED04451,2026-01-06,SSD 1TB,Informática,Caucaia,Região Metropolitana,Site,PIX,1,646.48,0.15
PED08447,2026-01-07,Notebook,Eletrônicos,Caucaia,Região Metropolitana,Site,Cartão de Débito,2,4315.47,0.0
PED05103,2026-01-07,Impressora,Informática,Sobral,Interior,Site,Cartão de Débito,1,950.74,0.1
PED05079,2026-01-07,Mesa Escritório,Móveis,Juazeiro do Norte,Interior,Loja Física,Cartão de Crédito,2,995.82,0.0
PED04836,2026-01-07,SSD 1TB,Informática,Itapipoca,Interior,Site,Boleto,1,611.54,0.05
PED06536,2026-01-07,Mouse,Acessórios,Fortaleza,Fortaleza,Site,Cartão de Débito,1,174.37,0.05
PED01684,2026-01-07,Smartphone,Eletrônicos,Juazeiro do Norte,Interior,Loja Física,Boleto,1,3912.15,0.05
PED01577,2026-01-07,Teclado,Acessórios,Caucaia,Região Metropolitana,Marketplace,PIX,1,322.41,0.0
PED01260,2026-01-07,Impressora,Informática,Caucaia,Região Metropolitana,Marketplace,Cartão de Débito,1,585.06,0.0
PED08954,2026-01-07,Teclado,Acessórios,Sobral,Interior,Site,Cartão de Débito,1,444.86,0.0
PED00901,2026-01-07,Teclado,Acessórios,Juazeiro do Norte,Interior,Site,Cartão de Débito,2,382.12,0.15
PED04437,2026-01-07,Cadeira Gamer,Móveis,Fortaleza,Fortaleza,Marketplace,PIX,1,1850.4,0.0
PED00849,2026-01-07,Caixa de Som,Áudio,Sobral,Interior,Loja Física,Cartão de Débito,2,676.32,0.0
PED07622,2026-01-08,Notebook,Eletrônicos,Fortaleza,Fortaleza,Marketplace,Boleto,1,3476.39,0.0
PED01291,2026-01-08,Teclado,Acessórios,Juazeiro do Norte,Interior,Loja Física,Cartão de Débito,1,410.73,0.0
PED08075,2026-01-08,SSD 1TB,Informática,Fortaleza,Fortaleza,Site,PIX,1,407.88,0.05
PED06027,2026-01-08,Impressora,Informática,Fortaleza,Fortaleza,Marketplace,Cartão de Débito,1,957.12,0.0
PED06793,2026-01-08,Notebook,Eletrônicos,Fortaleza,Fortaleza,Marketplace,PIX,1,6025.02,0.0
PED06461,2026-01-08,Fone Bluetooth,Áudio,Fortaleza,Fortaleza,Marketplace,Cartão de Débito,1,252.56,0.15
PED07942,2026-01-08,Impressora,Informática,Fortaleza,Fortaleza,Loja Física,Boleto,1,1587.94,0.1
PED06361,2026-01-08,Impressora,Informática,Caucaia,Região Metropolitana,Marketplace,Cartão de Crédito,1,1095.0,0.0
PED09007,2026-01-08,Monitor,Eletrônicos,Fortaleza,Fortaleza,Loja Física,Boleto,1,685.69,0.0
PED00728,2026-01-08,Teclado,Acessórios,Fortaleza,Fortaleza,Site,Cartão de Crédito,3,335.85,0.0
PED05696,2026-01-08,Caixa de Som,Áudio,Maracanaú,Região Metropolitana,Loja Física,Boleto,2,654.47,0.0
PED00498,2026-01-08,Headset,Acessórios,Maracanaú,Região Metropolitana,Marketplace,Boleto,1,142.45,0.0
PED00812,2026-01-08,Headset,Acessórios,Itapipoca,Interior,Loja Física,PIX,1,266.16,0.15
PED09326,2026-01-08,Mouse,Acessórios,Maracanaú,Região Metropolitana,Loja Física,Boleto,1,299.45,0.05
PED08665,2026-01-08,Roteador,Informática,Fortaleza,Fortaleza,Marketplace,Cartão de Débito,2,483.02,0.0
PED01762,2026-01-08,Cadeira Gamer,Móveis,Fortaleza,Fortaleza,Site,Boleto,1,1230.97,0.1
PED00497,2026-01-08,Memória RAM,Informática,Fortaleza,Fortaleza,Loja Física,Cartão de Crédito,2,487.73,0.15
PED09835,2026-01-08,Cadeira Gamer,Móveis,Fortaleza,Fortaleza,Marketplace,Cartão de Débito,2,1036.36,0.0
PED01271,2026-01-08,Monitor,Eletrônicos,Juazeiro do Norte,Interior,Site,PIX,1,738.92,0.0
PED08171,2026-01-08,Impressora,Informática,Fortaleza,Fortaleza,Site,Cartão de Débito,2,1060.3,0.05
PED08915,2026-01-08,Smartphone,Eletrônicos,Caucaia,Região Metropolitana,Marketplace,Boleto,1,1047.76,0.0
PED02201,2026-01-08,Memória RAM,Informática,Fortaleza,Fortaleza,Marketplace,Cartão de Crédito,3,465.74,0.0
PED09138,2026-01-08,Teclado,Acessórios,Sobral,Interior,Marketplace,Cartão de Crédito,1,428.65,0.0
PED03011,2026-01-09,Teclado,Acessórios,Fortaleza,Fortaleza,Loja Física,PIX,4,212.29,0.0
PED06383,2026-01-09,Smartphone,Eletrônicos,Caucaia,Região Metropolitana,Loja Física,Boleto,4,4274.14,0.0
PED02208,2026-01-09,Notebook,Eletrônicos,Sobral,Interior,Site,PIX,2,5008.33,0.0
PED09704,2026-01-09,Fone Bluetooth,Áudio,Fortaleza,Fortaleza,Marketplace,Cartão de Débito,1,528.37,0.15
PED06505,2026-01-09,Roteador,Informática,Fortaleza,Fortaleza,Marketplace,Cartão de Crédito,2,373.13,0.0
PED05799,2026-01-09,Headset,Acessórios,Fortaleza,Fortaleza,Marketplace,Cartão de Crédito,1,105.72,0.05
PED02144,2026-01-09,Memória RAM,Informática,Sobral,Interior,Loja Física,Boleto,1,366.25,0.1
PED00594,2026-01-09,SSD 1TB,Informática,Caucaia,Região Metropolitana,Site,Cartão de Débito,1,446.77,0.1
PED02790,2026-01-09,Smartphone,Eletrônicos,Fortaleza,Fortaleza,Marketplace,Cartão de Crédito,2,1221.99,0.1
PED00539,2026-01-09,Roteador,Informática,Maracanaú,Região Metropolitana,Site,Boleto,2,234.2,0.0
PED00132,2026-01-09,Impressora,Informática,Fortaleza,Fortaleza,Marketplace,Cartão de Crédito,2,662.67,0.0
PED08937,2026-01-09,Notebook,Eletrônicos,Sobral,Interior,Marketplace,PIX,1,6371.83,0.1
PED07691,2026-01-09,Mouse,Acessórios,Maracanaú,Região Metropolitana,Site,Boleto,1,186.62,0.0
PED06783,2026-01-09,Monitor,Eletrônicos,Maracanaú,Região Metropolitana,Site,Cartão de Crédito,1,980.51,0.0
PED04858,2026-01-09,Teclado,Acessórios,Fortaleza,Fortaleza,Marketplace,PIX,3,188.3,0.0
PED07858,2026-01-09,Mesa Escritório,Móveis,Fortaleza,Fortaleza,Loja Física,PIX,1,629.83,0.0
PED07619,2026-01-10,Headset,Acessórios,Fortaleza,Fortaleza,Site,Cartão de Crédito,1,467.91,0.0
PED06392,2026-01-10,Smartphone,Eletrônicos,Caucaia,Região Metropolitana,Marketplace,Cartão de Crédito,1,3523.47,0.05
PED07843,2026-01-10,Webcam,Acessórios,Maracanaú,Região Metropolitana,Marketplace,Cartão de Débito,3,148.11,0.05
PED05411,2026-01-10,Fone Bluetooth,Áudio,Fortaleza,Fortaleza,Marketplace,Cartão de Crédito,1,223.24,0.0
PED08697,2026-01-10,Caixa de Som,Áudio,Sobral,Interior,Marketplace,Cartão de Débito,1,122.75,0.1
PED01217,2026-01-10,Mesa Escritório,Móveis,Sobral,Interior,Site,PIX,3,1497.48,0.15
PED06869,2026-01-10,Teclado,Acessórios,Fortaleza,Fortaleza,Site,Cartão de Crédito,1,89.92,0.0
PED08747,2026-01-10,Teclado,Acessórios,Juazeiro do Norte,Interior,Site,Cartão de Crédito,2,363.53,0.0
PED08180,2026-01-10,Smartphone,Eletrônicos,Itapipoca,Interior,Loja Física,Cartão de Débito,3,2341.16,0.0
PED05279,2026-01-10,Caixa de Som,Áudio,Itapipoca,Interior,Loja Física,PIX,3,177.24,0.05
PED07901,2026-01-10,SSD 1TB,Informática,Maracanaú,Região Metropolitana,Site,Cartão de Crédito,3,637.5,0.15
PED01557,2026-01-11,SSD 1TB,Informática,Fortaleza,Fortaleza,Loja Física,Cartão de Débito,1,373.36,0.0
PED04053,2026-01-11,Monitor,Eletrônicos,Itapipoca,Interior,Loja Física,PIX,1,1828.01,0.1
PED03210,2026-01-11,Webcam,Acessórios,Caucaia,Região Metropolitana,Loja Física,Cartão de Débito,2,342.01,0.0
PED09889,2026-01-11,Notebook,Eletrônicos,Fortaleza,Fortaleza,Loja Física,PIX,2,3304.0,0.0
PED09945,2026-01-11,Smartphone,Eletrônicos,Fortaleza,Fortaleza,Site,PIX,1,918.08,0.05
PED04750,2026-01-11,Mesa Escritório,Móveis,Fortaleza,Fortaleza,Loja Física,PIX,1,456.79,0.0
PED02041,2026-01-11,Monitor,Eletrônicos,Fortaleza,Fortaleza,Marketplace,Cartão de Débito,2,1693.43,0.05
PED07687,2026-01-11,Caixa de Som,Áudio,Fortaleza,Fortaleza,Marketplace,PIX,1,140.63,0.05
PED00878,2026-01-11,Mouse,Acessórios,Fortaleza,Fortaleza,Site,PIX,1,238.95,0.0
PED02671,2026-01-11,Caixa de Som,Áudio,Juazeiro do Norte,Interior,Marketplace,Cartão de Débito,2,415.25,0.0
PED03455,2026-01-11,Webcam,Acessórios,Fortaleza,Fortaleza,Site,Boleto,1,594.43,0.05
PED02360,2026-01-11,Monitor,Eletrônicos,Fortaleza,Fortaleza,Site,PIX,1,1537.88,0.0
PED02228,2026-01-11,Teclado,Acessórios,Caucaia,Região Metropolitana,Site,Cartão de Débito,1,359.78,0.0
PED02358,2026-01-11,Fone Bluetooth,Áudio,Juazeiro do Norte,Interior,Site,Cartão de Crédito,3,139.98,0.05
PED09337,2026-01-11,Headset,Acessórios,Maracanaú,Região Metropolitana,Marketplace,Cartão de Crédito,2,448.5,0.0
PED08234,2026-01-12,Monitor,Eletrônicos,Fortaleza,Fortaleza,Marketplace,PIX,3,1625.67,0.15
PED06472,2026-01-12,Fone Bluetooth,Áudio,Itapipoca,Interior,Site,Cartão de Débito,1,306.72,0.05
PED01930,2026-01-12,Caixa de Som,Áudio,Caucaia,Região Metropolitana,Site,PIX,2,523.08,0.0
PED09769,2026-01-12,Roteador,Informática,Fortaleza,Fortaleza,Marketplace,PIX,1,256.25,0.05
PED04050,2026-01-12,SSD 1TB,Informática,Fortaleza,Fortaleza,Loja Física,Cartão de Débito,1,399.96,0.05
PED07715,2026-01-12,Roteador,Informática,Itapipoca,Interior,Site,Cartão de Crédito,1,446.23,0.0
PED06597,2026-01-12,Fone Bluetooth,Áudio,Fortaleza,Fortaleza,Marketplace,Boleto,2,188.6,0.05
PED06245,2026-01-12,Fone Bluetooth,Áudio,Fortaleza,Fortaleza,Marketplace,Cartão de Débito,2,615.93,0.1
PED07509,2026-01-12,Mesa Escritório,Móveis,Maracanaú,Região Metropolitana,Loja Física,Boleto,1,1585.15,0.0
PED07335,2026-01-12,Headset,Acessórios,Fortaleza,Fortaleza,Site,Cartão de Crédito,1,375.49,0.0
PED04518,2026-01-12,Fone Bluetooth,Áudio,Caucaia,Região Metropolitana,Marketplace,Cartão de Crédito,2,120.34,0.0
PED07365,2026-01-12,Monitor,Eletrônicos,Fortaleza,Fortaleza,Loja Física,Cartão de Débito,3,1858.75,0.0
PED00912,2026-01-12,Caixa de Som,Áudio,Fortaleza,Fortaleza,Loja Física,Boleto,1,713.47,0.0
PED08794,2026-01-12,Mouse,Acessórios,Sobral,Interior,Marketplace,PIX,1,87.58,0.1
PED07310,2026-01-12,Mesa Escritório,Móveis,Sobral,Interior,Loja Física,Cartão de Crédito,1,569.42,0.0
PED01413,2026-01-12,Webcam,Acessórios,Caucaia,Região Metropolitana,Site,Cartão de Crédito,1,319.01,0.0
PED00515,2026-01-12,Caixa de Som,Áudio,Sobral,Interior,Marketplace,Cartão de Crédito,2,643.3,0.1
PED06039,2026-01-12,Mesa Escritório,Móveis,Caucaia,Região Metropolitana,Marketplace,Boleto,3,936.98,0.1
PED06289,2026-01-12,Headset,Acessórios,Fortaleza,Fortaleza,Loja Física,Boleto,1,207.75,0.0
PED03371,2026-01-12,Mesa Escritório,Móveis,Fortaleza,Fortaleza,Site,Boleto,1,744.07,0.05
PED06923,2026-01-12,Smartphone,Eletrônicos,Caucaia,Região Metropolitana,Marketplace,Cartão de Crédito,2,4244.76,0.0
PED05042,2026-01-12,Headset,Acessórios,Itapipoca,Interior,Loja Física,Boleto,1,418.1,0.0
PED08431,2026-01-12,Teclado,Acessórios,Maracanaú,Região Metropolitana,Loja Física,Cartão de Crédito,2,301.76,0.0
PED08971,2026-01-12,Webcam,Acessórios,Caucaia,Região Metropolitana,Site,Cartão de Débito,1,558.11,0.05
PED04049,2026-01-12,Headset,Acessórios,Juazeiro do Norte,Interior,Site,Cartão de Débito,1,252.59,0.0
PED01876,2026-01-13,Cadeira Gamer,Móveis,Caucaia,Região Metropolitana,Marketplace,PIX,2,1298.87,0.1
PED07431,2026-01-13,Webcam,Acessórios,Caucaia,Região Metropolitana,Loja Física,PIX,2,636.15,0.0
PED04030,2026-01-13,Mouse,Acessórios,Maracanaú,Região Metropolitana,Site,Cartão de Crédito,1,128.95,0.1
PED05748,2026-01-13,Headset,Acessórios,Fortaleza,Fortaleza,Site,PIX,2,530.31,0.0
PED08034,2026-01-13,Webcam,Acessórios,Fortaleza,Fortaleza,Loja Física,Cartão de Débito,1,176.01,0.05
PED02017,2026-01-13,SSD 1TB,Informática,Fortaleza,Fortaleza,Site,Boleto,2,420.13,0.1
PED05680,2026-01-13,Smartphone,Eletrônicos,Fortaleza,Fortaleza,Loja Física,Cartão de Crédito,1,4160.38,0.1
PED04827,2026-01-13,Notebook,Eletrônicos,Caucaia,Região Metropolitana,Marketplace,Cartão de Crédito,2,5197.31,0.0
PED03254,2026-01-13,Impressora,Informática,Fortaleza,Fortaleza,Site,Cartão de Débito,1,553.07,0.0
PED03805,2026-01-13,Caixa de Som,Áudio,Juazeiro do Norte,Interior,Marketplace,PIX,1,678.25,0.0
PED00748,2026-01-13,Roteador,Informática,Fortaleza,Fortaleza,Loja Física,Boleto,4,583.16,0.05
PED01333,2026-01-13,Cadeira Gamer,Móveis,Caucaia,Região Metropolitana,Marketplace,PIX,1,2097.87,0.0
PED08187,2026-01-13,Fone Bluetooth,Áudio,Maracanaú,Região Metropolitana,Marketplace,Cartão de Crédito,1,600.42,0.1
PED01096,2026-01-13,Teclado,Acessórios,Caucaia,Região Metropolitana,Loja Física,PIX,1,406.47,0.1
PED02353,2026-01-13,Mouse,Acessórios,Juazeiro do Norte,Interior,Loja Física,PIX,1,243.83,0.0
PED02189,2026-01-13,Caixa de Som,Áudio,Caucaia,Região Metropolitana,Site,Cartão de Crédito,2,764.79,0.0
PED08641,2026-01-14,Fone Bluetooth,Áudio,Juazeiro do Norte,Interior,Loja Física,Cartão de Débito,1,149.69,0.0
PED02301,2026-01-14,Memória RAM,Informática,Sobral,Interior,Site,Boleto,1,500.35,0.0
PED09171,2026-01-14,Mouse,Acessórios,Caucaia,Região Metropolitana,Loja Física,PIX,1,86.67,0.0
PED09423,2026-01-14,Notebook,Eletrônicos,Fortaleza,Fortaleza,Site,Boleto,1,4639.78,0.0
PED06803,2026-01-14,Headset,Acessórios,Itapipoca,Interior,Marketplace,PIX,2,95.99,0.0
PED08460,2026-01-14,Smartphone,Eletrônicos,Juazeiro do Norte,Interior,Site,Boleto,1,1701.93,0.1
PED00740,2026-01-14,Memória RAM,Informática,Caucaia,Região Metropolitana,Marketplace,PIX,1,150.34,0.0
PED00787,2026-01-14,Smartphone,Eletrônicos,Fortaleza,Fortaleza,Marketplace,Cartão de Crédito,2,2479.18,0.0
PED05254,2026-01-14,Headset,Acessórios,Fortaleza,Fortaleza,Loja Física,Boleto,1,210.17,0.1
PED03403,2026-01-14,Smartphone,Eletrônicos,Maracanaú,Região Metropolitana,Marketplace,Cartão de Crédito,2,2342.66,0.0
PED09309,2026-01-14,Cadeira Gamer,Móveis,Sobral,Interior,Site,Cartão de Crédito,1,1014.2,0.0
PED04719,2026-01-14,SSD 1TB,Informática,Juazeiro do Norte,Interior,Marketplace,Boleto,3,324.62,0.0
PED05097,2026-01-14,Teclado,Acessórios,Fortaleza,Fortaleza,Site,Cartão de Débito,2,258.27,0.05
PED06664,2026-01-14,Teclado,Acessórios,Maracanaú,Região Metropolitana,Site,Cartão de Crédito,2,242.68,0.0
PED08945,2026-01-14,SSD 1TB,Informática,Itapipoca,Interior,Loja Física,Boleto,2,402.84,0.0
PED00548,2026-01-14,Notebook,Eletrônicos,Fortaleza,Fortaleza,Loja Física,PIX,1,5406.33,0.0
PED02736,2026-01-14,Smartphone,Eletrônicos,Fortaleza,Fortaleza,Marketplace,Cartão de Débito,2,2087.01,0.05
PED01890,2026-01-14,Cadeira Gamer,Móveis,Juazeiro do Norte,Interior,Site,Boleto,1,1085.29,0.05
PED00039,2026-01-14,Monitor,Eletrônicos,Juazeiro do Norte,Interior,Site,Cartão de Crédito,3,1197.73,0.1
PED06549,2026-01-14,Memória RAM,Informática,Maracanaú,Região Metropolitana,Loja Física,PIX,2,372.71,0.1
PED03615,2026-01-15,Monitor,Eletrônicos,Fortaleza,Fortaleza,Site,Boleto,1,1451.68,0.0
PED02651,2026-01-15,Fone Bluetooth,Áudio,Sobral,Interior,Site,Cartão de Crédito,1,399.79,0.0
PED05609,2026-01-15,Notebook,Eletrônicos,Fortaleza,Fortaleza,Marketplace,PIX,1,5306.92,0.0
PED00081,2026-01-15,Roteador,Informática,Sobral,Interior,Loja Física,Cartão de Débito,1,165.57,0.0
PED00286,2026-01-15,Mouse,Acessórios,Fortaleza,Fortaleza,Loja Física,Cartão de Crédito,1,53.4,0.1
PED00809,2026-01-15,SSD 1TB,Informática,Sobral,Interior,Marketplace,Boleto,2,540.44,0.0
PED05737,2026-01-15,Mesa Escritório,Móveis,Fortaleza,Fortaleza,Site,Cartão de Débito,1,896.79,0.1
PED09003,2026-01-15,Roteador,Informática,Maracanaú,Região Metropolitana,Site,PIX,1,262.35,0.0
PED04211,2026-01-15,Impressora,Informática,Fortaleza,Fortaleza,Loja Física,Boleto,1,947.5,0.0
PED08344,2026-01-15,Cadeira Gamer,Móveis,Juazeiro do Norte,Interior,Marketplace,Cartão de Crédito,3,1797.07,0.05
PED08586,2026-01-15,Smartphone,Eletrônicos,Juazeiro do Norte,Interior,Site,Cartão de Crédito,1,4493.45,0.0
PED00141,2026-01-15,Roteador,Informática,Caucaia,Região Metropolitana,Loja Física,Boleto,3,355.67,0.0
PED00431,2026-01-15,Impressora,Informática,Fortaleza,Fortaleza,Site,Cartão de Débito,1,783.23,0.0
PED08086,2026-01-15,Webcam,Acessórios,Juazeiro do Norte,Interior,Site,Boleto,1,291.59,0.05
PED02615,2026-01-15,Caixa de Som,Áudio,Fortaleza,Fortaleza,Loja Física,PIX,1,100.44,0.15
PED01583,2026-01-15,Monitor,Eletrônicos,Maracanaú,Região Metropolitana,Loja Física,Boleto,1,1340.07,0.0
PED06584,2026-01-15,Smartphone,Eletrônicos,Fortaleza,Fortaleza,Loja Física,PIX,2,1245.12,0.0
PED02540,2026-01-15,Headset,Acessórios,Fortaleza,Fortaleza,Loja Física,PIX,2,125.99,0.0
PED03165,2026-01-15,SSD 1TB,Informática,Sobral,Interior,Loja Física,Cartão de Débito,1,604.92,0.0
PED05677,2026-01-15,Monitor,Eletrônicos,Fortaleza,Fortaleza,Site,Cartão de Crédito,2,1517.66,0.0
PED05639,2026-01-15,Headset,Acessórios,Fortaleza,Fortaleza,Site,Boleto,1,256.87,0.0
PED08858,2026-01-15,Headset,Acessórios,Maracanaú,Região Metropolitana,Loja Física,Cartão de Débito,2,538.65,0.0
PED02877,2026-01-15,Notebook,Eletrônicos,Itapipoca,Interior,Loja Física,Cartão de Crédito,1,3643.75,0.0
PED03786,2026-01-16,Memória RAM,Informática,Itapipoca,Interior,Loja Física,Cartão de Débito,1,288.67,0.15
PED07107,2026-01-16,Roteador,Informática,Juazeiro do Norte,Interior,Marketplace,Cartão de Crédito,3,471.85,0.0
PED02823,2026-01-16,Notebook,Eletrônicos,Sobral,Interior,Loja Física,Cartão de Débito,1,4085.08,0.1
PED03280,2026-01-16,Smartphone,Eletrônicos,Fortaleza,Fortaleza,Loja Física,Cartão de Crédito,1,1430.44,0.0
PED02056,2026-01-16,Mesa Escritório,Móveis,Fortaleza,Fortaleza,Loja Física,PIX,2,1277.11,0.0
PED04601,2026-01-16,Smartphone,Eletrônicos,Itapipoca,Interior,Loja Física,Cartão de Crédito,2,3598.27,0.0
PED06814,2026-01-16,Teclado,Acessórios,Fortaleza,Fortaleza,Site,PIX,2,292.08,0.05
PED05152,2026-01-16,Teclado,Acessórios,Fortaleza,Fortaleza,Marketplace,Cartão de Crédito,4,405.76,0.1
PED00621,2026-01-16,Teclado,Acessórios,Fortaleza,Fortaleza,Site,PIX,1,195.49,0.1
PED01850,2026-01-16,Headset,Acessórios,Caucaia,Região Metropolitana,Marketplace,Cartão de Crédito,1,237.53,0.0
PED02851,2026-01-16,SSD 1TB,Informática,Caucaia,Região Metropolitana,Site,Cartão de Crédito,1,304.26,0.0
PED00628,2026-01-16,Roteador,Informática,Sobral,Interior,Loja Física,Cartão de Crédito,1,229.39,0.05
PED00990,2026-01-16,Headset,Acessórios,Maracanaú,Região Metropolitana,Site,Cartão de Débito,1,229.5,0.0
PED04820,2026-01-16,Mouse,Acessórios,Itapipoca,Interior,Loja Física,Boleto,1,200.8,0.0
PED01213,2026-01-16,Cadeira Gamer,Móveis,Sobral,Interior,Loja Física,Cartão de Débito,2,975.55,0.05
PED04158,2026-01-16,Teclado,Acessórios,Caucaia,Região Metropolitana,Marketplace,PIX,1,251.46,0.1
PED07258,2026-01-17,Mouse,Acessórios,Fortaleza,Fortaleza,Site,Boleto,1,149.32,0.05
PED07302,2026-01-17,SSD 1TB,Informática,Fortaleza,Fortaleza,Loja Física,Cartão de Crédito,3,321.88,0.15
PED06830,2026-01-17,Cadeira Gamer,Móveis,Itapipoca,Interior,Loja Física,PIX,1,1972.52,0.0
PED09819,2026-01-17,Monitor,Eletrônicos,Fortaleza,Fortaleza,Loja Física,Cartão de Débito,1,838.52,0.05
PED02801,2026-01-17,Fone Bluetooth,Áudio,Caucaia,Região Metropolitana,Marketplace,Boleto,2,368.81,0.0
PED07449,2026-01-17,Fone Bluetooth,Áudio,Sobral,Interior,Loja Física,PIX,1,471.73,0.1
PED08569,2026-01-17,Roteador,Informática,Fortaleza,Fortaleza,Loja Física,PIX,1,436.46,0.0
PED03724,2026-01-17,Fone Bluetooth,Áudio,Juazeiro do Norte,Interior,Marketplace,Boleto,1,160.8,0.0
PED02210,2026-01-17,Memória RAM,Informática,Sobral,Interior,Marketplace,Cartão de Débito,1,223.86,0.05
PED03804,2026-01-17,Notebook,Eletrônicos,Fortaleza,Fortaleza,Site,Boleto,3,4690.31,0.0
PED01913,2026-01-17,Memória RAM,Informática,Maracanaú,Região Metropolitana,Loja Física,PIX,2,390.38,0.05
PED04717,2026-01-17,Smartphone,Eletrônicos,Fortaleza,Fortaleza,Loja Física,PIX,3,951.35,0.0
PED03407,2026-01-17,Cadeira Gamer,Móveis,Fortaleza,Fortaleza,Loja Física,PIX,1,2024.23,0.0
PED03116,2026-01-17,Teclado,Acessórios,Fortaleza,Fortaleza,Loja Física,Cartão de Débito,1,308.19,0.0
PED02427,2026-01-17,Caixa de Som,Áudio,Juazeiro do Norte,Interior,Marketplace,Cartão de Crédito,2,129.0,0.0
PED02337,2026-01-17,Smartphone,Eletrônicos,Fortaleza,Fortaleza,Site,PIX,1,1939.55,0.0
PED00384,2026-01-17,Fone Bluetooth,Áudio,Itapipoca,Interior,Loja Física,PIX,1,182.23,0.0
PED05774,2026-01-17,Mesa Escritório,Móveis,Itapipoca,Interior,Site,Boleto,1,938.3,0.05
PED01554,2026-01-17,Smartphone,Eletrônicos,Maracanaú,Região Metropolitana,Site,Cartão de Débito,2,3939.01,0.0
PED08000,2026-01-17,Smartphone,Eletrônicos,Juazeiro do Norte,Interior,Site,Cartão de Crédito,3,1380.18,0.05
PED05636,2026-01-18,Notebook,Eletrônicos,Caucaia,Região Metropolitana,Site,Boleto,1,6339.17,0.0
PED00932,2026-01-18,Notebook,Eletrônicos,Fortaleza,Fortaleza,Marketplace,PIX,4,5962.02,0.0
PED01857,2026-01-18,Impressora,Informática,Itapipoca,Interior,Marketplace,Boleto,1,1203.9,0.0
PED08902,2026-01-18,Smartphone,Eletrônicos,Fortaleza,Fortaleza,Site,PIX,3,1630.51,0.0
PED00533,2026-01-18,Fone Bluetooth,Áudio,Juazeiro do Norte,Interior,Loja Física,Cartão de Crédito,2,150.24,0.05
PED06323,2026-01-18,SSD 1TB,Informática,Maracanaú,Região Metropolitana,Site,Cartão de Crédito,2,289.92,0.05
PED09361,2026-01-18,Roteador,Informática,Caucaia,Região Metropolitana,Site,PIX,1,353.59,0.1
PED02544,2026-01-18,Monitor,Eletrônicos,Maracanaú,Região Metropolitana,Loja Física,Boleto,1,1667.91,0.0
PED03664,2026-01-18,Teclado,Acessórios,Sobral,Interior,Loja Física,Boleto,1,230.01,0.05
PED00845,2026-01-18,Impressora,Informática,Itapipoca,Interior,Marketplace,PIX,4,1606.6,0.1
PED09234,2026-01-18,Roteador,Informática,Juazeiro do Norte,Interior,Site,Cartão de Débito,3,587.02,0.0
PED02838,2026-01-18,Teclado,Acessórios,Maracanaú,Região Metropolitana,Loja Física,Boleto,1,344.66,0.05
PED04202,2026-01-18,Mesa Escritório,Móveis,Maracanaú,Região Metropolitana,Loja Física,Cartão de Débito,1,836.45,0.0
PED01832,2026-01-19,Fone Bluetooth,Áudio,Maracanaú,Região Metropolitana,Marketplace,Boleto,1,171.12,0.0
PED03019,2026-01-19,Impressora,Informática,Maracanaú,Região Metropolitana,Marketplace,Boleto,1,611.47,0.15
PED04165,2026-01-19,Headset,Acessórios,Fortaleza,Fortaleza,Marketplace,Boleto,1,533.42,0.05
PED05423,2026-01-19,Caixa de Som,Áudio,Caucaia,Região Metropolitana,Marketplace,Boleto,1,613.56,0.0
PED09312,2026-01-19,Smartphone,Eletrônicos,Maracanaú,Região Metropolitana,Site,Cartão de Crédito,1,4184.33,0.05
PED06319,2026-01-19,Roteador,Informática,Caucaia,Região Metropolitana,Marketplace,Cartão de Crédito,4,363.64,0.05
PED01439,2026-01-19,Roteador,Informática,Sobral,Interior,Site,Cartão de Débito,1,433.64,0.0
PED05288,2026-01-19,Monitor,Eletrônicos,Sobral,Interior,Loja Física,Cartão de Crédito,1,1173.43,0.0
PED08404,2026-01-19,Memória RAM,Informática,Sobral,Interior,Marketplace,Cartão de Débito,2,254.83,0.1
PED03396,2026-01-19,Monitor,Eletrônicos,Sobral,Interior,Site,Cartão de Crédito,2,1601.31,0.1
PED05891,2026-01-19,Roteador,Informática,Fortaleza,Fortaleza,Marketplace,Cartão de Crédito,2,454.75,0.0
PED01722,2026-01-19,Webcam,Acessórios,Fortaleza,Fortaleza,Loja Física,Cartão de Crédito,2,229.32,0.05
PED06621,2026-01-19,Mouse,Acessórios,Maracanaú,Região Metropolitana,Loja Física,Cartão de Crédito,1,70.0,0.0
PED00456,2026-01-19,Notebook,Eletrônicos,Caucaia,Região Metropolitana,Marketplace,Cartão de Débito,2,4184.97,0.1
PED07049,2026-01-19,Caixa de Som,Áudio,Itapipoca,Interior,Marketplace,Boleto,2,727.18,0.0
PED07230,2026-01-19,Caixa de Som,Áudio,Fortaleza,Fortaleza,Loja Física,Cartão de Débito,1,323.48,0.0
PED06406,2026-01-19,SSD 1TB,Informática,Itapipoca,Interior,Loja Física,PIX,1,344.41,0.0
PED02994,2026-01-20,Webcam,Acessórios,Fortaleza,Fortaleza,Loja Física,Cartão de Débito,1,254.61,0.1
PED02063,2026-01-20,Notebook,Eletrônicos,Fortaleza,Fortaleza,Marketplace,PIX,2,5023.39,0.1
PED09398,2026-01-20,Roteador,Informática,Maracanaú,Região Metropolitana,Loja Física,Boleto,2,582.73,0.0
PED02672,2026-01-20,Teclado,Acessórios,Fortaleza,Fortaleza,Loja Física,Boleto,1,285.88,0.0
PED07487,2026-01-20,Mesa Escritório,Móveis,Caucaia,Região Metropolitana,Site,Boleto,3,1048.19,0.0
PED06717,2026-01-20,Caixa de Som,Áudio,Fortaleza,Fortaleza,Site,Boleto,1,417.9,0.0
PED05410,2026-01-20,SSD 1TB,Informática,Caucaia,Região Metropolitana,Loja Física,Boleto,1,468.66,0.0
PED05643,2026-01-20,Impressora,Informática,Fortaleza,Fortaleza,Site,Cartão de Crédito,1,1612.21,0.0
PED00079,2026-01-20,Notebook,Eletrônicos,Juazeiro do Norte,Interior,Site,Cartão de Crédito,1,3450.79,0.1
PED09878,2026-01-20,Cadeira Gamer,Móveis,Fortaleza,Fortaleza,Marketplace,Boleto,2,1357.21,0.0
PED01688,2026-01-20,Mesa Escritório,Móveis,Sobral,Interior,Marketplace,Boleto,1,498.42,0.05
PED00310,2026-01-20,Mesa Escritório,Móveis,Juazeiro do Norte,Interior,Site,Cartão de Crédito,1,1231.65,0.0
PED07009,2026-01-20,Mesa Escritório,Móveis,Fortaleza,Fortaleza,Loja Física,Boleto,4,604.3,0.0
PED02297,2026-01-20,Roteador,Informática,Fortaleza,Fortaleza,Marketplace,Cartão de Débito,1,505.63,0.1
PED01625,2026-01-20,Fone Bluetooth,Áudio,Itapipoca,Interior,Loja Física,PIX,1,111.99,0.15
PED07890,2026-01-20,Mouse,Acessórios,Caucaia,Região Metropolitana,Loja Física,PIX,1,270.08,0.0
PED08205,2026-01-20,Teclado,Acessórios,Caucaia,Região Metropolitana,Loja Física,Cartão de Crédito,1,145.51,0.15
PED07717,2026-01-20,Headset,Acessórios,Fortaleza,Fortaleza,Loja Física,Cartão de Crédito,4,520.25,0.1
PED02940,2026-01-20,SSD 1TB,Informática,Fortaleza,Fortaleza,Site,Cartão de Crédito,3,592.45,0.0
PED04045,2026-01-20,Teclado,Acessórios,Itapipoca,Interior,Loja Física,Cartão de Crédito,1,164.15,0.0
PED05637,2026-01-21,Smartphone,Eletrônicos,Maracanaú,Região Metropolitana,Loja Física,PIX,2,3491.71,0.05
PED08157,2026-01-21,Fone Bluetooth,Áudio,Itapipoca,Interior,Marketplace,Cartão de Débito,1,347.31,0.0
PED09780,2026-01-21,Cadeira Gamer,Móveis,Caucaia,Região Metropolitana,Site,Cartão de Débito,1,858.23,0.1
PED01816,2026-01-21,Teclado,Acessórios,Caucaia,Região Metropolitana,Site,PIX,1,183.31,0.0
PED02274,2026-01-21,Fone Bluetooth,Áudio,Maracanaú,Região Metropolitana,Site,Cartão de Crédito,1,490.6,0.05
PED09104,2026-01-21,Headset,Acessórios,Fortaleza,Fortaleza,Site,Cartão de Crédito,1,160.19,0.05
PED08839,2026-01-21,Fone Bluetooth,Áudio,Sobral,Interior,Loja Física,Cartão de Débito,1,470.88,0.0
PED00788,2026-01-21,Fone Bluetooth,Áudio,Maracanaú,Região Metropolitana,Loja Física,PIX,1,581.39,0.1
PED07684,2026-01-21,Roteador,Informática,Itapipoca,Interior,Loja Física,Boleto,1,529.4,0.0
PED05746,2026-01-21,Webcam,Acessórios,Sobral,Interior,Site,PIX,1,266.46,0.0
PED02646,2026-01-21,Webcam,Acessórios,Fortaleza,Fortaleza,Marketplace,Boleto,1,271.96,0.0
PED09270,2026-01-21,Memória RAM,Informática,Fortaleza,Fortaleza,Loja Física,Boleto,1,247.72,0.0
PED00321,2026-01-21,Impressora,Informática,Caucaia,Região Metropolitana,Site,Boleto,1,1006.27,0.0
PED07313,2026-01-21,Fone Bluetooth,Áudio,Caucaia,Região Metropolitana,Loja Física,Cartão de Débito,1,194.93,0.05
PED02830,2026-01-21,Webcam,Acessórios,Sobral,Interior,Marketplace,Cartão de Crédito,1,614.63,0.1
PED02086,2026-01-22,Monitor,Eletrônicos,Sobral,Interior,Site,Boleto,1,1446.04,0.0
PED05821,2026-01-22,Mouse,Acessórios,Caucaia,Região Metropolitana,Loja Física,Cartão de Débito,1,73.94,0.0
PED04638,2026-01-22,Mesa Escritório,Móveis,Sobral,Interior,Site,Cartão de Débito,3,1563.95,0.1
PED08921,2026-01-22,Impressora,Informática,Fortaleza,Fortaleza,Marketplace,Boleto,1,1645.39,0.0
PED01412,2026-01-22,Cadeira Gamer,Móveis,Fortaleza,Fortaleza,Marketplace,Cartão de Crédito,1,1316.06,0.0
PED08021,2026-01-22,Impressora,Informática,Maracanaú,Região Metropolitana,Loja Física,Cartão de Crédito,2,1771.17,0.05
PED08365,2026-01-22,Headset,Acessórios,Juazeiro do Norte,Interior,Site,Cartão de Débito,3,482.85,0.0
PED00324,2026-01-22,Mouse,Acessórios,Fortaleza,Fortaleza,Loja Física,Boleto,2,297.58,0.05
PED05729,2026-01-22,Smartphone,Eletrônicos,Fortaleza,Fortaleza,Loja Física,Boleto,2,1779.31,0.05
PED02272,2026-01-22,Mesa Escritório,Móveis,Itapipoca,Interior,Site,PIX,1,1345.89,0.0
PED00302,2026-01-22,Caixa de Som,Áudio,Maracanaú,Região Metropolitana,Marketplace,Boleto,1,139.28,0.0
PED08688,2026-01-22,SSD 1TB,Informática,Caucaia,Região Metropolitana,Marketplace,Cartão de Crédito,1,395.98,0.1
PED08823,2026-01-22,Smartphone,Eletrônicos,Fortaleza,Fortaleza,Loja Física,Cartão de Débito,3,2062.3,0.0
PED03798,2026-01-22,SSD 1TB,Informática,Fortaleza,Fortaleza,Loja Física,Boleto,1,359.39,0.0
PED00877,2026-01-22,Caixa de Som,Áudio,Fortaleza,Fortaleza,Marketplace,Cartão de Débito,1,636.53,0.0
PED01290,2026-01-22,Teclado,Acessórios,Caucaia,Região Metropolitana,Loja Física,Cartão de Débito,1,149.71,0.0
PED09328,2026-01-22,Teclado,Acessórios,Fortaleza,Fortaleza,Site,PIX,2,184.66,0.0
PED05775,2026-01-22,Headset,Acessórios,Maracanaú,Região Metropolitana,Loja Física,Boleto,1,194.23,0.0
PED03126,2026-01-22,Fone Bluetooth,Áudio,Fortaleza,Fortaleza,Site,Boleto,1,328.24,0.0
PED09614,2026-01-22,Caixa de Som,Áudio,Fortaleza,Fortaleza,Site,PIX,2,783.49,0.0
PED09066,2026-01-22,Mesa Escritório,Móveis,Caucaia,Região Metropolitana,Site,Boleto,1,1413.53,0.0
PED08745,2026-01-23,Caixa de Som,Áudio,Juazeiro do Norte,Interior,Site,Cartão de Débito,1,687.48,0.15
PED08702,2026-01-23,Smartphone,Eletrônicos,Itapipoca,Interior,Marketplace,Cartão de Crédito,1,3789.63,0.0
PED09266,2026-01-23,Impressora,Informática,Maracanaú,Região Metropolitana,Marketplace,Cartão de Débito,1,1799.23,0.05
PED08776,2026-01-23,Monitor,Eletrônicos,Maracanaú,Região Metropolitana,Loja Física,Cartão de Crédito,1,935.23,0.0
PED02068,2026-01-23,SSD 1TB,Informática,Caucaia,Região Metropolitana,Marketplace,Cartão de Crédito,3,475.48,0.0
PED00560,2026-01-23,Headset,Acessórios,Juazeiro do Norte,Interior,Site,Cartão de Crédito,1,139.94,0.0
PED01307,2026-01-23,Teclado,Acessórios,Fortaleza,Fortaleza,Site,PIX,1,174.49,0.0
PED02675,2026-01-23,Notebook,Eletrônicos,Sobral,Interior,Site,PIX,1,4332.28,0.0
PED04721,2026-01-23,Webcam,Acessórios,Maracanaú,Região Metropolitana,Site,Boleto,1,616.29,0.05
PED08401,2026-01-23,Headset,Acessórios,Sobral,Interior,Site,Boleto,1,311.63,0.15
PED06264,2026-01-23,Fone Bluetooth,Áudio,Sobral,Interior,Marketplace,PIX,2,228.86,0.1
PED04253,2026-01-23,Mouse,Acessórios,Caucaia,Região Metropolitana,Marketplace,PIX,1,178.39,0.0
PED04097,2026-01-24,Monitor,Eletrônicos,Caucaia,Região Metropolitana,Loja Física,PIX,2,1167.59,0.05
PED08914,2026-01-24,Roteador,Informática,Caucaia,Região Metropolitana,Site,PIX,1,493.38,0.0
PED04992,2026-01-24,Headset,Acessórios,Fortaleza,Fortaleza,Loja Física,Cartão de Débito,2,217.63,0.05
PED09467,2026-01-24,SSD 1TB,Informática,Sobral,Interior,Site,Cartão de Débito,1,504.36,0.1
PED04580,2026-01-24,Caixa de Som,Áudio,Juazeiro do Norte,Interior,Loja Física,Boleto,1,171.72,0.0
PED07075,2026-01-24,Mesa Escritório,Móveis,Juazeiro do Norte,Interior,Marketplace,Cartão de Crédito,1,610.51,0.0
PED03977,2026-01-24,Webcam,Acessórios,Juazeiro do Norte,Interior,Site,Cartão de Crédito,1,495.91,0.05
PED07444,2026-01-24,Mesa Escritório,Móveis,Fortaleza,Fortaleza,Marketplace,Boleto,1,1423.75,0.0
PED00592,2026-01-24,SSD 1TB,Informática,Fortaleza,Fortaleza,Marketplace,PIX,1,400.41,0.05
PED03201,2026-01-24,SSD 1TB,Informática,Fortaleza,Fortaleza,Loja Física,Cartão de Débito,4,342.65,0.05
PED05308,2026-01-24,Webcam,Acessórios,Fortaleza,Fortaleza,Loja Física,Cartão de Débito,3,150.44,0.0
PED01999,2026-01-24,Mouse,Acessórios,Maracanaú,Região Metropolitana,Loja Física,Cartão de Débito,4,128.38,0.05
PED01191,2026-01-24,Monitor,Eletrônicos,Caucaia,Região Metropolitana,Loja Física,Cartão de Débito,3,1862.16,0.0
PED00074,2026-01-24,Webcam,Acessórios,Fortaleza,Fortaleza,Site,Cartão de Crédito,1,383.73,0.0
PED05947,2026-01-24,Monitor,Eletrônicos,Fortaleza,Fortaleza,Marketplace,Boleto,1,1546.81,0.0
PED02919,2026-01-25,Roteador,Informática,Maracanaú,Região Metropolitana,Marketplace,Cartão de Crédito,1,187.94,0.0
PED00684,2026-01-25,Fone Bluetooth,Áudio,Fortaleza,Fortaleza,Marketplace,Cartão de Débito,1,304.67,0.0
PED08822,2026-01-25,Webcam,Acessórios,Fortaleza,Fortaleza,Loja Física,Boleto,1,448.13,0.05
PED05328,2026-01-25,Notebook,Eletrônicos,Juazeiro do Norte,Interior,Site,Boleto,3,4056.44,0.0
PED06301,2026-01-25,Notebook,Eletrônicos,Sobral,Interior,Site,Cartão de Crédito,2,5511.92,0.1
PED07737,2026-01-25,Caixa de Som,Áudio,Sobral,Interior,Loja Física,Cartão de Débito,3,340.26,0.0
PED05282,2026-01-25,Notebook,Eletrônicos,Caucaia,Região Metropolitana,Site,PIX,2,4156.02,0.0
PED09262,2026-01-25,Memória RAM,Informática,Maracanaú,Região Metropolitana,Marketplace,Cartão de Débito,3,314.96,0.0
PED06853,2026-01-25,Caixa de Som,Áudio,Sobral,Interior,Site,PIX,2,313.0,0.0
PED09815,2026-01-25,Cadeira Gamer,Móveis,Itapipoca,Interior,Marketplace,PIX,2,1882.95,0.05
PED03390,2026-01-25,Caixa de Som,Áudio,Fortaleza,Fortaleza,Loja Física,Cartão de Débito,1,177.71,0.1
PED05951,2026-01-25,Mesa Escritório,Móveis,Fortaleza,Fortaleza,Marketplace,Cartão de Crédito,1,611.96,0.1
PED08510,2026-01-25,Caixa de Som,Áudio,Fortaleza,Fortaleza,Marketplace,Cartão de Crédito,1,471.53,0.0
PED03696,2026-01-25,Roteador,Informática,Fortaleza,Fortaleza,Marketplace,Cartão de Débito,1,486.32,0.15
PED03373,2026-01-25,Headset,Acessórios,Fortaleza,Fortaleza,Marketplace,Boleto,1,502.31,0.0
PED08325,2026-01-25,Memória RAM,Informática,Sobral,Interior,Loja Física,Cartão de Débito,1,151.32,0.0
PED01259,2026-01-25,SSD 1TB,Informática,Caucaia,Região Metropolitana,Loja Física,PIX,2,577.24,0.0
PED06095,2026-01-25,Roteador,Informática,Fortaleza,Fortaleza,Site,PIX,1,404.64,0.05
PED02444,2026-01-25,Fone Bluetooth,Áudio,Sobral,Interior,Site,Cartão de Crédito,1,194.58,0.05
PED03576,2026-01-25,Monitor,Eletrônicos,Juazeiro do Norte,Interior,Loja Física,Cartão de Débito,3,1340.52,0.0
PED04458,2026-01-25,Mesa Escritório,Móveis,Fortaleza,Fortaleza,Site,Boleto,1,1186.47,0.0
PED03781,2026-01-26,Fone Bluetooth,Áudio,Maracanaú,Região Metropolitana,Site,Boleto,4,512.48,0.05
PED05247,2026-01-26,Impressora,Informática,Fortaleza,Fortaleza,Site,Cartão de Débito,1,876.39,0.0
PED00531,2026-01-26,Mouse,Acessórios,Maracanaú,Região Metropolitana,Site,PIX,1,163.24,0.1
PED09400,2026-01-26,Cadeira Gamer,Móveis,Fortaleza,Fortaleza,Loja Física,Cartão de Crédito,1,1713.7,0.05
PED07133,2026-01-26,Roteador,Informática,Fortaleza,Fortaleza,Loja Física,Cartão de Débito,4,379.81,0.0
PED04657,2026-01-26,Memória RAM,Informática,Caucaia,Região Metropolitana,Loja Física,Boleto,2,324.67,0.05
PED09766,2026-01-26,Cadeira Gamer,Móveis,Fortaleza,Fortaleza,Marketplace,Boleto,2,1304.84,0.15
PED08806,2026-01-26,Cadeira Gamer,Móveis,Caucaia,Região Metropolitana,Site,Boleto,1,867.29,0.0
PED00283,2026-01-26,Webcam,Acessórios,Maracanaú,Região Metropolitana,Marketplace,Cartão de Débito,1,523.86,0.0
PED08050,2026-01-26,Mesa Escritório,Móveis,Sobral,Interior,Marketplace,Cartão de Crédito,1,735.46,0.1
PED03581,2026-01-26,Memória RAM,Informática,Caucaia,Região Metropolitana,Site,Boleto,1,428.9,0.0
PED09245,2026-01-26,Webcam,Acessórios,Itapipoca,Interior,Site,Cartão de Débito,1,236.94,0.0
PED02521,2026-01-26,Notebook,Eletrônicos,Fortaleza,Fortaleza,Loja Física,Cartão de Crédito,1,5587.66,0.1
PED05352,2026-01-26,Smartphone,Eletrônicos,Fortaleza,Fortaleza,Loja Física,Boleto,1,2746.08,0.0
PED09435,2026-01-26,Caixa de Som,Áudio,Sobral,Interior,Marketplace,Boleto,1,779.93,0.05
PED04294,2026-01-26,Impressora,Informática,Juazeiro do Norte,Interior,Site,Cartão de Crédito,1,1033.88,0.05
PED00189,2026-01-27,Roteador,Informática,Juazeiro do Norte,Interior,Marketplace,Boleto,1,585.16,0.0
PED09813,2026-01-27,Webcam,Acessórios,Fortaleza,Fortaleza,Loja Física,Cartão de Crédito,1,673.09,0.0
PED00125,2026-01-27,Roteador,Informática,Itapipoca,Interior,Marketplace,Cartão de Crédito,1,378.97,0.0
PED08403,2026-01-27,Impressora,Informática,Juazeiro do Norte,Interior,Site,Cartão de Débito,1,1176.06,0.0
PED08600,2026-01-27,Webcam,Acessórios,Caucaia,Região Metropolitana,Loja Física,PIX,1,280.05,0.0
PED06613,2026-01-27,Mesa Escritório,Móveis,Fortaleza,Fortaleza,Site,Boleto,1,1158.4,0.0
PED08417,2026-01-27,Smartphone,Eletrônicos,Maracanaú,Região Metropolitana,Site,PIX,1,2248.66,0.0
PED01346,2026-01-27,Notebook,Eletrônicos,Caucaia,Região Metropolitana,Marketplace,Boleto,1,3839.97,0.0
PED04304,2026-01-27,Webcam,Acessórios,Fortaleza,Fortaleza,Loja Física,Cartão de Crédito,3,404.2,0.0
PED01265,2026-01-27,Memória RAM,Informática,Fortaleza,Fortaleza,Site,PIX,2,266.05,0.0
PED04441,2026-01-27,Fone Bluetooth,Áudio,Sobral,Interior,Site,PIX,1,408.63,0.05
PED05527,2026-01-27,Mesa Escritório,Móveis,Fortaleza,Fortaleza,Marketplace,Cartão de Débito,1,965.28,0.05
PED01555,2026-01-28,Headset,Acessórios,Fortaleza,Fortaleza,Marketplace,PIX,1,159.18,0.0
PED09443,2026-01-28,SSD 1TB,Informática,Fortaleza,Fortaleza,Loja Física,PIX,2,534.61,0.05
PED05707,2026-01-28,Memória RAM,Informática,Sobral,Interior,Loja Física,PIX,2,186.7,0.0
PED01319,2026-01-28,Cadeira Gamer,Móveis,Fortaleza,Fortaleza,Site,Cartão de Crédito,1,1529.07,0.0
PED08780,2026-01-28,Memória RAM,Informática,Caucaia,Região Metropolitana,Loja Física,PIX,2,520.6,0.1
PED07508,2026-01-28,SSD 1TB,Informática,Fortaleza,Fortaleza,Loja Física,Boleto,1,428.35,0.05
PED00441,2026-01-28,Caixa de Som,Áudio,Caucaia,Região Metropolitana,Marketplace,Boleto,1,500.42,0.0
PED05126,2026-01-28,Mesa Escritório,Móveis,Maracanaú,Região Metropolitana,Marketplace,Cartão de Crédito,1,1234.84,0.0
PED06573,2026-01-28,Webcam,Acessórios,Fortaleza,Fortaleza,Site,Cartão de Débito,1,443.06,0.0
PED06968,2026-01-28,Impressora,Informática,Maracanaú,Região Metropolitana,Site,Cartão de Débito,1,680.06,0.0
PED00340,2026-01-28,Monitor,Eletrônicos,Caucaia,Região Metropolitana,Site,Cartão de Crédito,1,1258.34,0.0
PED06457,2026-01-28,Impressora,Informática,Sobral,Interior,Marketplace,Boleto,2,833.1,0.0
PED01907,2026-01-28,Memória RAM,Informática,Maracanaú,Região Metropolitana,Loja Física,PIX,2,531.79,0.0
PED05457,2026-01-28,Memória RAM,Informática,Caucaia,Região Metropolitana,Marketplace,PIX,1,170.8,0.1
PED07906,2026-01-28,Impressora,Informática,Fortaleza,Fortaleza,Site,PIX,1,1012.58,0.0
PED07451,2026-01-28,Cadeira Gamer,Móveis,Fortaleza,Fortaleza,Loja Física,Cartão de Crédito,1,1297.82,0.05
PED01327,2026-01-28,Webcam,Acessórios,Fortaleza,Fortaleza,Loja Física,PIX,1,285.32,0.05
PED04812,2026-01-29,Mouse,Acessórios,Juazeiro do Norte,Interior,Loja Física,Cartão de Débito,1,93.45,0.0
PED06926,2026-01-29,Memória RAM,Informática,Maracanaú,Região Metropolitana,Site,PIX,1,524.3,0.0
PED01247,2026-01-29,Memória RAM,Informática,Caucaia,Região Metropolitana,Loja Física,Boleto,1,360.78,0.1
PED00777,2026-01-29,Mouse,Acessórios,Maracanaú,Região Metropolitana,Marketplace,Cartão de Crédito,1,117.71,0.0
PED02106,2026-01-29,Memória RAM,Informática,Fortaleza,Fortaleza,Marketplace,Cartão de Crédito,1,208.77,0.0
PED00366,2026-01-29,Smartphone,Eletrônicos,Juazeiro do Norte,Interior,Site,Boleto,1,2032.21,0.0
PED01549,2026-01-29,Teclado,Acessórios,Fortaleza,Fortaleza,Marketplace,Cartão de Crédito,1,231.77,0.0
PED06021,2026-01-29,Fone Bluetooth,Áudio,Caucaia,Região Metropolitana,Site,Boleto,1,379.33,0.15
PED02783,2026-01-29,Monitor,Eletrônicos,Fortaleza,Fortaleza,Site,Boleto,1,1263.01,0.05
PED08262,2026-01-29,SSD 1TB,Informática,Fortaleza,Fortaleza,Loja Física,Boleto,2,299.61,0.1
PED04347,2026-01-29,Memória RAM,Informática,Fortaleza,Fortaleza,Marketplace,Cartão de Crédito,1,473.1,0.15
PED01423,2026-01-29,Caixa de Som,Áudio,Maracanaú,Região Metropolitana,Site,PIX,1,257.11,0.1
PED01422,2026-01-29,Notebook,Eletrônicos,Caucaia,Região Metropolitana,Site,PIX,1,3397.08,0.0
PED00505,2026-01-29,Impressora,Informática,Maracanaú,Região Metropolitana,Site,Cartão de Crédito,3,891.99,0.0
PED00128,2026-01-29,Webcam,Acessórios,Itapipoca,Interior,Site,PIX,1,257.58,0.0
PED02805,2026-01-29,Teclado,Acessórios,Fortaleza,Fortaleza,Site,Boleto,1,271.99,0.0
PED07529,2026-01-29,Webcam,Acessórios,Fortaleza,Fortaleza,Marketplace,Cartão de Crédito,2,652.91,0.0
PED02600,2026-01-29,Webcam,Acessórios,Fortaleza,Fortaleza,Loja Física,Cartão de Débito,3,453.35,0.0
PED01911,2026-01-29,Caixa de Som,Áudio,Fortaleza,Fortaleza,Marketplace,Boleto,2,116.12,0.0
PED03125,2026-01-29,Impressora,Informática,Fortaleza,Fortaleza,Marketplace,Cartão de Crédito,3,695.72,0.0
PED02024,2026-01-29,Fone Bluetooth,Áudio,Fortaleza,Fortaleza,Loja Física,Cartão de Crédito,2,142.6,0.05
PED09551,2026-01-30,Teclado,Acessórios,Maracanaú,Região Metropolitana,Site,Boleto,2,298.75,0.0
PED08513,2026-01-30,Impressora,Informática,Maracanaú,Região Metropolitana,Loja Física,Boleto,1,1131.09,0.0
PED03514,2026-01-30,Mesa Escritório,Móveis,Itapipoca,Interior,Loja Física,Cartão de Débito,2,1038.97,0.1
PED09230,2026-01-30,Webcam,Acessórios,Itapipoca,Interior,Site,Cartão de Crédito,1,378.95,0.05
PED01324,2026-01-30,Roteador,Informática,Sobral,Interior,Site,Cartão de Crédito,3,392.0,0.05
PED05448,2026-01-30,Fone Bluetooth,Áudio,Itapipoca,Interior,Site,Boleto,1,448.39,0.0
PED04617,2026-01-30,Impressora,Informática,Maracanaú,Região Metropolitana,Marketplace,Boleto,3,1764.06,0.05
PED05627,2026-01-30,Fone Bluetooth,Áudio,Juazeiro do Norte,Interior,Loja Física,Cartão de Crédito,1,305.28,0.1
PED00054,2026-01-30,Mesa Escritório,Móveis,Fortaleza,Fortaleza,Marketplace,Cartão de Crédito,1,742.93,0.0
PED06953,2026-01-30,Impressora,Informática,Juazeiro do Norte,Interior,Loja Física,Cartão de Débito,2,1620.91,0.0
PED04860,2026-01-30,Notebook,Eletrônicos,Caucaia,Região Metropolitana,Site,Cartão de Débito,2,5567.09,0.0
PED05985,2026-01-30,Monitor,Eletrônicos,Caucaia,Região Metropolitana,Site,Boleto,3,873.02,0.0
PED09012,2026-01-30,Mouse,Acessórios,Fortaleza,Fortaleza,Loja Física,Boleto,1,172.14,0.05
PED05402,2026-01-30,Webcam,Acessórios,Fortaleza,Fortaleza,Marketplace,Cartão de Crédito,1,291.5,0.05
PED09509,2026-01-30,Webcam,Acessórios,Itapipoca,Interior,Marketplace,PIX,1,255.92,0.0
PED03685,2026-01-30,Impressora,Informática,Maracanaú,Região Metropolitana,Marketplace,Cartão de Débito,1,694.13,0.0
PED08613,2026-01-30,Mesa Escritório,Móveis,Juazeiro do Norte,Interior,Loja Física,PIX,1,1205.31,0.0
PED08221,2026-01-30,Caixa de Som,Áudio,Juazeiro do Norte,Interior,Site,Cartão de Crédito,1,432.37,0.1
PED06138,2026-01-30,Notebook,Eletrônicos,Maracanaú,Região Metropolitana,Loja Física,Boleto,2,5321.68,0.1
PED02932,2026-01-30,Roteador,Informática,Itapipoca,Interior,Loja Física,Cartão de Crédito,2,511.92,0.1
PED02590,2026-01-30,Memória RAM,Informática,Juazeiro do Norte,Interior,Marketplace,Cartão de Crédito,1,235.8,0.1
PED04449,2026-01-30,Smartphone,Eletrônicos,Fortaleza,Fortaleza,Marketplace,Cartão de Crédito,1,4071.39,0.0
PED06863,2026-01-30,Roteador,Informática,Fortaleza,Fortaleza,Site,Cartão de Débito,3,309.77,0.1
PED03925,2026-01-30,Roteador,Informática,Juazeiro do Norte,Interior,Marketplace,Cartão de Débito,1,285.32,0.0
PED03227,2026-01-30,Memória RAM,Informática,Itapipoca,Interior,Loja Física,Cartão de Débito,3,349.09,0.0
PED06350,2026-01-30,Smartphone,Eletrônicos,Sobral,Interior,Marketplace,PIX,1,2022.73,0.0
PED05207,2026-01-30,Caixa de Som,Áudio,Caucaia,Região Metropolitana,Site,PIX,1,498.45,0.0
PED06135,2026-01-30,SSD 1TB,Informática,Caucaia,Região Metropolitana,Site,Boleto,1,467.81,0.0
PED07271,2026-01-30,SSD 1TB,Informática,Maracanaú,Região Metropolitana,Site,PIX,2,562.03,0.0
PED02507,2026-01-31,Headset,Acessórios,Fortaleza,Fortaleza,Site,Boleto,1,373.57,0.0
PED06014,2026-01-31,Caixa de Som,Áudio,Fortaleza,Fortaleza,Loja Física,PIX,1,760.75,0.0
PED00207,2026-01-31,Webcam,Acessórios,Sobral,Interior,Site,Cartão de Crédito,2,407.8,0.1
PED06626,2026-01-31,Caixa de Som,Áudio,Juazeiro do Norte,Interior,Site,Boleto,1,706.87,0.0
PED01072,2026-01-31,Roteador,Informática,Caucaia,Região Metropolitana,Site,Cartão de Crédito,1,262.54,0.0
PED05699,2026-01-31,Mesa Escritório,Móveis,Juazeiro do Norte,Interior,Loja Física,Cartão de Crédito,1,1045.48,0.05
PED06950,2026-01-31,Mouse,Acessórios,Fortaleza,Fortaleza,Marketplace,Boleto,1,224.41,0.1
PED00237,2026-01-31,Roteador,Informática,Maracanaú,Região Metropolitana,Marketplace,Boleto,1,496.34,0.0
PED06689,2026-01-31,Cadeira Gamer,Móveis,Juazeiro do Norte,Interior,Marketplace,Cartão de Débito,1,679.89,0.0
PED08333,2026-01-31,Teclado,Acessórios,Caucaia,Região Metropolitana,Loja Física,Cartão de Crédito,1,316.96,0.0
PED00369,2026-01-31,Notebook,Eletrônicos,Sobral,Interior,Loja Física,Cartão de Crédito,2,4848.62,0.0
PED04724,2026-01-31,Cadeira Gamer,Móveis,Sobral,Interior,Site,Cartão de Débito,1,2065.33,0.05
PED09529,2026-01-31,Memória RAM,Informática,Caucaia,Região Metropolitana,Marketplace,Cartão de Débito,1,408.89,0.15
PED08247,2026-01-31,Caixa de Som,Áudio,Caucaia,Região Metropolitana,Marketplace,Boleto,2,679.47,0.0
PED01910,2026-01-31,Teclado,Acessórios,Itapipoca,Interior,Site,Cartão de Crédito,1,158.23,0.1
PED04159,2026-01-31,Webcam,Acessórios,Maracanaú,Região Metropolitana,Site,Cartão de Débito,1,609.61,0.0
PED01935,2026-01-31,Fone Bluetooth,Áudio,Fortaleza,Fortaleza,Marketplace,Boleto,1,124.53,0.0
PED03176,2026-01-31,Memória RAM,Informática,Juazeiro do Norte,Interior,Marketplace,Cartão de Débito,1,379.54,0.1
PED07261,2026-01-31,Roteador,Informática,Itapipoca,Interior,Site,Cartão de Débito,1,211.74,0.0
PED08277,2026-01-31,SSD 1TB,Informática,Fortaleza,Fortaleza,Site,PIX,4,521.83,0.0
PED07042,2026-02-01,Notebook,Eletrônicos,Sobral,Interior,Marketplace,Boleto,1,3535.69,0.0
PED06898,2026-02-01,Mouse,Acessórios,Caucaia,Região Metropolitana,Marketplace,Cartão de Crédito,2,62.5,0.0
PED04112,2026-02-01,Monitor,Eletrônicos,Maracanaú,Região Metropolitana,Site,Cartão de Débito,1,1017.1,0.0
PED06821,2026-02-01,Monitor,Eletrônicos,Fortaleza,Fortaleza,Loja Física,PIX,2,683.63,0.1
PED02758,2026-02-01,Notebook,Eletrônicos,Caucaia,Região Metropolitana,Site,Boleto,2,6343.92,0.05
PED01902,2026-02-01,Impressora,Informática,Juazeiro do Norte,Interior,Site,PIX,1,724.66,0.0
PED00799,2026-02-01,Webcam,Acessórios,Fortaleza,Fortaleza,Site,Cartão de Crédito,3,385.49,0.0
PED08208,2026-02-01,Impressora,Informática,Caucaia,Região Metropolitana,Site,Boleto,1,1102.48,0.1
PED03667,2026-02-01,Teclado,Acessórios,Fortaleza,Fortaleza,Site,Cartão de Débito,3,372.42,0.05
PED07846,2026-02-01,Monitor,Eletrônicos,Juazeiro do Norte,Interior,Site,Boleto,1,725.76,0.0
PED05974,2026-02-01,Caixa de Som,Áudio,Juazeiro do Norte,Interior,Loja Física,Cartão de Crédito,2,715.97,0.0
PED04684,2026-02-01,Smartphone,Eletrônicos,Caucaia,Região Metropolitana,Loja Física,PIX,1,3060.02,0.0
PED03669,2026-02-01,Fone Bluetooth,Áudio,Itapipoca,Interior,Site,PIX,1,630.2,0.05
PED04306,2026-02-01,Mesa Escritório,Móveis,Fortaleza,Fortaleza,Site,Cartão de Débito,1,1392.15,0.0
PED06679,2026-02-01,Cadeira Gamer,Móveis,Caucaia,Região Metropolitana,Marketplace,Cartão de Crédito,1,804.05,0.0
PED03424,2026-02-01,Memória RAM,Informática,Itapipoca,Interior,Marketplace,PIX,2,439.47,0.0
PED04608,2026-02-01,Teclado,Acessórios,Fortaleza,Fortaleza,Loja Física,Boleto,2,225.29,0.0
PED01705,2026-02-01,Caixa de Som,Áudio,Caucaia,Região Metropolitana,Marketplace,Cartão de Débito,1,594.72,0.05
PED09982,2026-02-01,Impressora,Informática,Fortaleza,Fortaleza,Site,Cartão de Débito,1,1355.76,0.0
PED02320,2026-02-01,Impressora,Informática,Caucaia,Região Metropolitana,Loja Física,PIX,2,868.66,0.0
PED08757,2026-02-02,Teclado,Acessórios,Fortaleza,Fortaleza,Marketplace,Cartão de Débito,1,392.3,0.0
PED06236,2026-02-02,Mouse,Acessórios,Sobral,Interior,Loja Física,Boleto,1,267.45,0.0
PED00315,2026-02-02,Mesa Escritório,Móveis,Fortaleza,Fortaleza,Loja Física,Cartão de Crédito,1,1107.75,0.0
PED08587,2026-02-02,Monitor,Eletrônicos,Caucaia,Região Metropolitana,Loja Física,PIX,1,1881.75,0.1
PED03871,2026-02-02,Headset,Acessórios,Maracanaú,Região Metropolitana,Marketplace,Cartão de Crédito,2,448.8,0.05
PED07567,2026-02-02,Mesa Escritório,Móveis,Caucaia,Região Metropolitana,Marketplace,PIX,1,847.09,0.1
PED07794,2026-02-02,Mesa Escritório,Móveis,Maracanaú,Região Metropolitana,Marketplace,Cartão de Débito,1,1377.45,0.1
PED02996,2026-02-02,Caixa de Som,Áudio,Maracanaú,Região Metropolitana,Marketplace,Boleto,1,133.89,0.0
PED06693,2026-02-02,Webcam,Acessórios,Caucaia,Região Metropolitana,Loja Física,PIX,1,123.1,0.0
PED03637,2026-02-02,Mesa Escritório,Móveis,Caucaia,Região Metropolitana,Loja Física,PIX,1,539.51,0.0
PED09844,2026-02-02,Fone Bluetooth,Áudio,Caucaia,Região Metropolitana,Site,Cartão de Crédito,1,596.41,0.1
PED09417,2026-02-02,Headset,Acessórios,Fortaleza,Fortaleza,Site,PIX,1,201.47,0.0
PED02733,2026-02-02,Caixa de Som,Áudio,Juazeiro do Norte,Interior,Loja Física,PIX,1,135.46,0.15
PED05145,2026-02-02,Teclado,Acessórios,Fortaleza,Fortaleza,Site,Boleto,2,192.61,0.1
PED03843,2026-02-02,Impressora,Informática,Fortaleza,Fortaleza,Marketplace,Boleto,1,1379.73,0.1
PED07144,2026-02-02,Teclado,Acessórios,Fortaleza,Fortaleza,Loja Física,Boleto,1,247.79,0.0
PED00638,2026-02-02,Teclado,Acessórios,Fortaleza,Fortaleza,Marketplace,Boleto,1,269.81,0.0
PED07865,2026-02-02,Mesa Escritório,Móveis,Fortaleza,Fortaleza,Site,Cartão de Crédito,1,833.93,0.05
PED05307,2026-02-02,Webcam,Acessórios,Fortaleza,Fortaleza,Marketplace,Cartão de Débito,1,195.66,0.0
PED03168,2026-02-02,Monitor,Eletrônicos,Fortaleza,Fortaleza,Site,Cartão de Crédito,2,1022.26,0.05
PED09085,2026-02-02,Smartphone,Eletrônicos,Itapipoca,Interior,Loja Física,PIX,2,3523.72,0.0
PED07777,2026-02-02,Webcam,Acessórios,Sobral,Interior,Site,Cartão de Crédito,3,646.48,0.05
PED07092,2026-02-02,Memória RAM,Informática,Fortaleza,Fortaleza,Marketplace,Cartão de Débito,1,216.07,0.1
PED01727,2026-02-03,Fone Bluetooth,Áudio,Fortaleza,Fortaleza,Site,PIX,1,461.16,0.05
PED03006,2026-02-03,Notebook,Eletrônicos,Maracanaú,Região Metropolitana,Site,Cartão de Débito,1,4947.0,0.0
PED08217,2026-02-03,Roteador,Informática,Fortaleza,Fortaleza,Loja Física,Boleto,2,467.95,0.05
PED03303,2026-02-03,Smartphone,Eletrônicos,Caucaia,Região Metropolitana,Site,Boleto,1,1306.16,0.0
PED02498,2026-02-03,Mesa Escritório,Móveis,Maracanaú,Região Metropolitana,Marketplace,PIX,2,979.44,0.0
PED07803,2026-02-03,Headset,Acessórios,Fortaleza,Fortaleza,Site,Boleto,2,419.56,0.0
PED07360,2026-02-03,Mouse,Acessórios,Itapipoca,Interior,Site,Cartão de Crédito,1,160.9,0.05
PED01732,2026-02-03,SSD 1TB,Informática,Fortaleza,Fortaleza,Site,Boleto,1,647.15,0.05
PED05160,2026-02-03,Smartphone,Eletrônicos,Sobral,Interior,Site,PIX,1,2503.2,0.05
PED06529,2026-02-03,Cadeira Gamer,Móveis,Maracanaú,Região Metropolitana,Loja Física,Cartão de Crédito,1,830.22,0.1
PED05983,2026-02-03,Impressora,Informática,Fortaleza,Fortaleza,Site,Cartão de Débito,1,591.17,0.1
PED02891,2026-02-03,Webcam,Acessórios,Sobral,Interior,Marketplace,Cartão de Débito,2,380.21,0.0
PED09285,2026-02-03,Smartphone,Eletrônicos,Caucaia,Região Metropolitana,Loja Física,Cartão de Crédito,1,1743.22,0.1
PED00312,2026-02-03,Monitor,Eletrônicos,Fortaleza,Fortaleza,Site,Cartão de Débito,2,783.19,0.0
PED04482,2026-02-03,Smartphone,Eletrônicos,Sobral,Interior,Marketplace,Cartão de Crédito,1,1418.71,0.0
PED01812,2026-02-03,Fone Bluetooth,Áudio,Juazeiro do Norte,Interior,Loja Física,Cartão de Débito,2,485.79,0.0
PED08940,2026-02-03,Notebook,Eletrônicos,Juazeiro do Norte,Interior,Marketplace,Cartão de Crédito,1,4134.68,0.0
PED08744,2026-02-03,Roteador,Informática,Fortaleza,Fortaleza,Site,Cartão de Crédito,3,210.1,0.0
PED06747,2026-02-03,Notebook,Eletrônicos,Maracanaú,Região Metropolitana,Loja Física,Boleto,2,5507.02,0.0
PED06768,2026-02-03,Impressora,Informática,Caucaia,Região Metropolitana,Marketplace,Boleto,1,1303.81,0.05
PED01983,2026-02-03,Memória RAM,Informática,Fortaleza,Fortaleza,Marketplace,Cartão de Débito,1,220.89,0.0
PED05096,2026-02-03,Cadeira Gamer,Móveis,Itapipoca,Interior,Loja Física,Cartão de Crédito,1,650.76,0.1
PED06375,2026-02-04,Monitor,Eletrônicos,Fortaleza,Fortaleza,Site,Cartão de Crédito,1,1646.57,0.0
PED06565,2026-02-04,Mouse,Acessórios,Juazeiro do Norte,Interior,Loja Física,PIX,2,213.0,0.0
PED04236,2026-02-04,Cadeira Gamer,Móveis,Sobral,Interior,Loja Física,Boleto,2,928.62,0.0
PED00898,2026-02-04,Teclado,Acessórios,Maracanaú,Região Metropolitana,Marketplace,Cartão de Crédito,2,425.49,0.0
PED08095,2026-02-04,Teclado,Acessórios,Fortaleza,Fortaleza,Loja Física,Cartão de Débito,3,215.52,0.15
PED02992,2026-02-04,Fone Bluetooth,Áudio,Fortaleza,Fortaleza,Marketplace,PIX,1,549.04,0.0
PED04022,2026-02-04,Fone Bluetooth,Áudio,Juazeiro do Norte,Interior,Marketplace,Cartão de Débito,2,180.09,0.05
PED01739,2026-02-04,Impressora,Informática,Sobral,Interior,Loja Física,Cartão de Débito,2,1696.98,0.15
PED04235,2026-02-04,Mouse,Acessórios,Fortaleza,Fortaleza,Loja Física,PIX,1,175.46,0.0
PED01302,2026-02-04,Mesa Escritório,Móveis,Juazeiro do Norte,Interior,Marketplace,Cartão de Crédito,1,913.59,0.15
PED01674,2026-02-04,Mouse,Acessórios,Fortaleza,Fortaleza,Marketplace,Boleto,3,272.37,0.0
PED02343,2026-02-04,Cadeira Gamer,Móveis,Fortaleza,Fortaleza,Site,Cartão de Débito,1,792.64,0.1
PED07576,2026-02-04,Webcam,Acessórios,Fortaleza,Fortaleza,Loja Física,Cartão de Débito,2,490.62,0.0
PED05741,2026-02-04,Smartphone,Eletrônicos,Juazeiro do Norte,Interior,Site,Boleto,2,3182.39,0.1
PED02987,2026-02-04,Smartphone,Eletrônicos,Fortaleza,Fortaleza,Site,PIX,2,1246.49,0.1
PED04230,2026-02-04,Mesa Escritório,Móveis,Caucaia,Região Metropolitana,Site,Cartão de Crédito,1,1334.04,0.0
PED07633,2026-02-04,Smartphone,Eletrônicos,Sobral,Interior,Loja Física,Cartão de Débito,3,1371.73,0.0
PED01649,2026-02-04,Caixa de Som,Áudio,Maracanaú,Região Metropolitana,Site,PIX,1,765.92,0.05
PED02448,2026-02-04,Cadeira Gamer,Móveis,Fortaleza,Fortaleza,Marketplace,Cartão de Débito,2,1424.04,0.1
PED09566,2026-02-04,Mouse,Acessórios,Fortaleza,Fortaleza,Loja Física,PIX,3,241.26,0.1
PED09701,2026-02-04,Monitor,Eletrônicos,Fortaleza,Fortaleza,Site,Cartão de Crédito,1,1460.82,0.1
PED05822,2026-02-04,Mouse,Acessórios,Fortaleza,Fortaleza,Site,PIX,1,80.41,0.1
PED04189,2026-02-04,Cadeira Gamer,Móveis,Fortaleza,Fortaleza,Site,Boleto,1,1893.43,0.0
PED08439,2026-02-04,Mouse,Acessórios,Fortaleza,Fortaleza,Marketplace,Cartão de Débito,1,123.12,0.0
PED02072,2026-02-04,Mesa Escritório,Móveis,Fortaleza,Fortaleza,Site,Boleto,1,630.17,0.0
PED03091,2026-02-04,Memória RAM,Informática,Maracanaú,Região Metropolitana,Loja Física,Boleto,1,480.71,0.15
PED00882,2026-02-04,Cadeira Gamer,Móveis,Caucaia,Região Metropolitana,Site,PIX,1,1902.91,0.0
PED06360,2026-02-04,Smartphone,Eletrônicos,Maracanaú,Região Metropolitana,Loja Física,Boleto,1,2358.77,0.1
PED09664,2026-02-04,Webcam,Acessórios,Fortaleza,Fortaleza,Marketplace,Cartão de Débito,2,192.07,0.0
PED06281,2026-02-04,SSD 1TB,Informática,Maracanaú,Região Metropolitana,Marketplace,Boleto,1,615.1,0.15
PED06142,2026-02-05,Monitor,Eletrônicos,Maracanaú,Região Metropolitana,Site,Cartão de Crédito,2,1596.76,0.15
PED02657,2026-02-05,Teclado,Acessórios,Caucaia,Região Metropolitana,Marketplace,PIX,2,101.54,0.0
PED02167,2026-02-05,Caixa de Som,Áudio,Juazeiro do Norte,Interior,Site,Cartão de Débito,1,117.96,0.05
PED09358,2026-02-05,Headset,Acessórios,Itapipoca,Interior,Site,PIX,1,444.92,0.0
PED08876,2026-02-05,Impressora,Informática,Fortaleza,Fortaleza,Marketplace,PIX,1,1324.85,0.05
PED02119,2026-02-05,Teclado,Acessórios,Fortaleza,Fortaleza,Site,PIX,2,449.41,0.0
PED03878,2026-02-05,Smartphone,Eletrônicos,Fortaleza,Fortaleza,Site,PIX,1,1686.3,0.0
PED01968,2026-02-05,Teclado,Acessórios,Juazeiro do Norte,Interior,Loja Física,Cartão de Débito,2,95.1,0.0
PED05927,2026-02-05,Impressora,Informática,Fortaleza,Fortaleza,Site,Boleto,1,1347.15,0.0
PED07748,2026-02-05,Mesa Escritório,Móveis,Fortaleza,Fortaleza,Loja Física,Cartão de Débito,1,1174.91,0.1
PED02471,2026-02-05,Roteador,Informática,Fortaleza,Fortaleza,Loja Física,PIX,2,424.41,0.0
PED08926,2026-02-05,Smartphone,Eletrônicos,Fortaleza,Fortaleza,Loja Física,PIX,2,3015.76,0.05
PED05736,2026-02-05,Mouse,Acessórios,Caucaia,Região Metropolitana,Site,PIX,1,290.92,0.0
PED04498,2026-02-05,Webcam,Acessórios,Maracanaú,Região Metropolitana,Site,Cartão de Débito,1,482.06,0.15
PED02163,2026-02-05,Monitor,Eletrônicos,Itapipoca,Interior,Loja Física,Cartão de Crédito,2,1332.73,0.1
PED00418,2026-02-05,Cadeira Gamer,Móveis,Itapipoca,Interior,Marketplace,PIX,1,932.23,0.05
PED07652,2026-02-05,Mesa Escritório,Móveis,Fortaleza,Fortaleza,Loja Física,Cartão de Crédito,1,594.77,0.0
PED06459,2026-02-05,Notebook,Eletrônicos,Sobral,Interior,Marketplace,Cartão de Crédito,2,3977.05,0.05
PED08315,2026-02-05,Monitor,Eletrônicos,Fortaleza,Fortaleza,Site,Cartão de Crédito,2,998.6,0.0
PED07757,2026-02-06,Mouse,Acessórios,Fortaleza,Fortaleza,Loja Física,Cartão de Crédito,2,102.33,0.0
PED03716,2026-02-06,Mesa Escritório,Móveis,Caucaia,Região Metropolitana,Site,Cartão de Débito,1,582.08,0.0
PED03523,2026-02-06,Monitor,Eletrônicos,Itapipoca,Interior,Site,Cartão de Débito,3,1520.78,0.0
PED03245,2026-02-06,Mouse,Acessórios,Fortaleza,Fortaleza,Loja Física,PIX,2,155.08,0.05
PED00954,2026-02-06,SSD 1TB,Informática,Maracanaú,Região Metropolitana,Loja Física,Cartão de Débito,1,282.91,0.05
PED01258,2026-02-06,Monitor,Eletrônicos,Itapipoca,Interior,Loja Física,PIX,1,1670.7,0.0
PED08340,2026-02-06,Caixa de Som,Áudio,Juazeiro do Norte,Interior,Marketplace,Cartão de Crédito,1,203.53,0.1
PED05916,2026-02-06,Impressora,Informática,Fortaleza,Fortaleza,Site,Boleto,1,893.23,0.0
PED06903,2026-02-06,Headset,Acessórios,Fortaleza,Fortaleza,Marketplace,Cartão de Crédito,2,397.23,0.0
PED08831,2026-02-06,SSD 1TB,Informática,Fortaleza,Fortaleza,Site,PIX,1,642.49,0.0
PED08791,2026-02-06,Memória RAM,Informática,Fortaleza,Fortaleza,Marketplace,Boleto,3,266.79,0.1
PED07189,2026-02-06,Fone Bluetooth,Áudio,Fortaleza,Fortaleza,Site,Cartão de Crédito,2,231.62,0.05
PED03376,2026-02-06,Caixa de Som,Áudio,Caucaia,Região Metropolitana,Site,Cartão de Débito,1,268.24,0.0
PED03684,2026-02-06,Fone Bluetooth,Áudio,Itapipoca,Interior,Site,Cartão de Crédito,1,513.64,0.0
PED05652,2026-02-06,Teclado,Acessórios,Caucaia,Região Metropolitana,Marketplace,Boleto,1,448.57,0.15
PED00622,2026-02-06,Caixa de Som,Áudio,Itapipoca,Interior,Loja Física,Boleto,1,227.12,0.0
PED00182,2026-02-06,Monitor,Eletrônicos,Juazeiro do Norte,Interior,Loja Física,PIX,1,1036.98,0.05
PED07052,2026-02-06,SSD 1TB,Informática,Fortaleza,Fortaleza,Marketplace,PIX,2,637.65,0.05
PED07887,2026-02-06,Mouse,Acessórios,Caucaia,Região Metropolitana,Marketplace,Cartão de Crédito,3,203.52,0.0
PED05595,2026-02-07,Caixa de Som,Áudio,Juazeiro do Norte,Interior,Marketplace,Cartão de Débito,3,739.46,0.0
PED06828,2026-02-07,Webcam,Acessórios,Fortaleza,Fortaleza,Site,PIX,3,553.79,0.1
PED06897,2026-02-07,Mouse,Acessórios,Fortaleza,Fortaleza,Loja Física,Cartão de Débito,3,132.39,0.05
PED08898,2026-02-07,Notebook,Eletrônicos,Caucaia,Região Metropolitana,Site,Cartão de Crédito,1,4958.76,0.0
PED03766,2026-02-07,Impressora,Informática,Sobral,Interior,Site,PIX,2,648.37,0.15
PED01510,2026-02-07,Headset,Acessórios,Fortaleza,Fortaleza,Site,Boleto,2,414.87,0.0
PED08813,2026-02-07,Teclado,Acessórios,Juazeiro do Norte,Interior,Loja Física,PIX,2,148.49,0.0
PED07869,2026-02-07,Teclado,Acessórios,Fortaleza,Fortaleza,Loja Física,Boleto,1,330.37,0.0
PED08934,2026-02-07,Smartphone,Eletrônicos,Fortaleza,Fortaleza,Loja Física,Cartão de Crédito,2,3106.52,0.0
PED09348,2026-02-07,Fone Bluetooth,Áudio,Maracanaú,Região Metropolitana,Loja Física,Cartão de Débito,1,102.03,0.0
PED06356,2026-02-07,Smartphone,Eletrônicos,Maracanaú,Região Metropolitana,Marketplace,Cartão de Crédito,1,1533.39,0.0
PED07918,2026-02-07,SSD 1TB,Informática,Fortaleza,Fortaleza,Marketplace,Boleto,2,531.52,0.05
PED04461,2026-02-07,Memória RAM,Informática,Caucaia,Região Metropolitana,Marketplace,Cartão de Crédito,1,356.24,0.0
PED02609,2026-02-08,Notebook,Eletrônicos,Sobral,Interior,Loja Física,Cartão de Débito,1,6384.01,0.05
PED02847,2026-02-08,Teclado,Acessórios,Fortaleza,Fortaleza,Loja Física,Boleto,1,120.26,0.1
PED08691,2026-02-08,Mouse,Acessórios,Fortaleza,Fortaleza,Marketplace,Cartão de Crédito,1,176.51,0.0
PED01546,2026-02-08,Fone Bluetooth,Áudio,Fortaleza,Fortaleza,Marketplace,PIX,2,277.71,0.1
PED02980,2026-02-08,Mesa Escritório,Móveis,Caucaia,Região Metropolitana,Loja Física,PIX,2,724.33,0.05
PED00073,2026-02-08,Fone Bluetooth,Áudio,Fortaleza,Fortaleza,Marketplace,PIX,1,127.85,0.0
PED07735,2026-02-08,Memória RAM,Informática,Fortaleza,Fortaleza,Loja Física,Cartão de Crédito,1,529.02,0.05
PED04669,2026-02-08,Cadeira Gamer,Móveis,Caucaia,Região Metropolitana,Loja Física,Cartão de Débito,1,844.87,0.0
PED05141,2026-02-08,Impressora,Informática,Juazeiro do Norte,Interior,Site,Cartão de Débito,1,1429.71,0.15
PED08160,2026-02-08,Caixa de Som,Áudio,Caucaia,Região Metropolitana,Marketplace,PIX,1,595.59,0.0
PED08311,2026-02-09,Cadeira Gamer,Móveis,Juazeiro do Norte,Interior,Loja Física,Cartão de Débito,1,2001.8,0.1
PED03132,2026-02-09,Mesa Escritório,Móveis,Sobral,Interior,Site,Boleto,1,1463.93,0.0
PED00986,2026-02-09,Headset,Acessórios,Itapipoca,Interior,Site,Boleto,1,382.77,0.05
PED01199,2026-02-09,Cadeira Gamer,Móveis,Fortaleza,Fortaleza,Site,Cartão de Débito,1,2046.55,0.0
PED03987,2026-02-09,Roteador,Informática,Itapipoca,Interior,Marketplace,Boleto,2,326.9,0.1
PED05249,2026-02-09,Smartphone,Eletrônicos,Fortaleza,Fortaleza,Loja Física,Cartão de Crédito,1,3731.88,0.0
PED07013,2026-02-09,Fone Bluetooth,Áudio,Itapipoca,Interior,Site,Boleto,1,340.8,0.0
PED09168,2026-02-09,Impressora,Informática,Sobral,Interior,Loja Física,Cartão de Débito,1,1752.26,0.05
PED05944,2026-02-09,SSD 1TB,Informática,Fortaleza,Fortaleza,Marketplace,Boleto,1,474.61,0.1
PED09307,2026-02-09,Roteador,Informática,Sobral,Interior,Site,Boleto,1,223.09,0.0
PED09610,2026-02-09,Cadeira Gamer,Móveis,Itapipoca,Interior,Loja Física,Boleto,1,893.34,0.0
PED03286,2026-02-09,Webcam,Acessórios,Caucaia,Região Metropolitana,Loja Física,Boleto,2,485.48,0.0
PED07334,2026-02-09,Impressora,Informática,Sobral,Interior,Marketplace,Cartão de Débito,1,926.52,0.0
PED00615,2026-02-09,Memória RAM,Informática,Fortaleza,Fortaleza,Loja Física,Cartão de Crédito,1,435.98,0.05
PED01928,2026-02-09,Mouse,Acessórios,Caucaia,Região Metropolitana,Marketplace,Boleto,2,271.09,0.05
PED03024,2026-02-09,Memória RAM,Informática,Juazeiro do Norte,Interior,Site,Boleto,1,396.92,0.1
PED00402,2026-02-09,Notebook,Eletrônicos,Fortaleza,Fortaleza,Site,PIX,1,4463.01,0.1
PED02079,2026-02-09,Memória RAM,Informática,Fortaleza,Fortaleza,Marketplace,Cartão de Crédito,1,472.68,0.05
PED07346,2026-02-09,Mouse,Acessórios,Caucaia,Região Metropolitana,Marketplace,Boleto,1,81.87,0.0
PED03662,2026-02-09,Notebook,Eletrônicos,Fortaleza,Fortaleza,Site,Boleto,1,6196.19,0.1
PED05021,2026-02-10,Teclado,Acessórios,Sobral,Interior,Marketplace,Cartão de Débito,1,253.6,0.0
PED00012,2026-02-10,Roteador,Informática,Sobral,Interior,Marketplace,Boleto,1,222.86,0.05
PED01855,2026-02-10,Roteador,Informática,Fortaleza,Fortaleza,Loja Física,Boleto,2,547.52,0.0
PED06478,2026-02-10,Memória RAM,Informática,Caucaia,Região Metropolitana,Site,Boleto,1,519.35,0.1
PED05544,2026-02-10,Notebook,Eletrônicos,Maracanaú,Região Metropolitana,Loja Física,PIX,1,3210.5,0.0
PED09296,2026-02-10,Notebook,Eletrônicos,Fortaleza,Fortaleza,Loja Física,Cartão de Crédito,2,3570.3,0.0
PED03829,2026-02-10,Mouse,Acessórios,Caucaia,Região Metropolitana,Loja Física,Boleto,1,282.07,0.0
PED02997,2026-02-10,Fone Bluetooth,Áudio,Sobral,Interior,Loja Física,Boleto,1,552.66,0.0
PED00415,2026-02-10,Caixa de Som,Áudio,Caucaia,Região Metropolitana,Marketplace,PIX,1,335.59,0.0
PED01575,2026-02-10,Monitor,Eletrônicos,Fortaleza,Fortaleza,Loja Física,Cartão de Crédito,3,1890.16,0.0
PED05332,2026-02-10,Mouse,Acessórios,Sobral,Interior,Site,Cartão de Crédito,1,111.44,0.1
PED01825,2026-02-10,SSD 1TB,Informática,Caucaia,Região Metropolitana,Marketplace,Cartão de Crédito,1,482.8,0.0
PED02905,2026-02-10,Fone Bluetooth,Áudio,Caucaia,Região Metropolitana,Site,Boleto,1,459.55,0.0
PED00627,2026-02-10,Headset,Acessórios,Fortaleza,Fortaleza,Loja Física,PIX,2,535.66,0.05
PED09974,2026-02-10,Headset,Acessórios,Maracanaú,Região Metropolitana,Loja Física,Cartão de Débito,2,488.89,0.0
PED07384,2026-02-11,Teclado,Acessórios,Itapipoca,Interior,Loja Física,PIX,1,105.87,0.0
PED00309,2026-02-11,Caixa de Som,Áudio,Fortaleza,Fortaleza,Site,PIX,1,543.89,0.05
PED04495,2026-02-11,Teclado,Acessórios,Sobral,Interior,Marketplace,Cartão de Crédito,3,290.59,0.05
PED07653,2026-02-11,Cadeira Gamer,Móveis,Fortaleza,Fortaleza,Loja Física,Cartão de Débito,2,1768.16,0.1
PED00438,2026-02-11,Cadeira Gamer,Móveis,Juazeiro do Norte,Interior,Marketplace,Cartão de Débito,1,1977.77,0.0
PED05026,2026-02-11,Mesa Escritório,Móveis,Juazeiro do Norte,Interior,Loja Física,Cartão de Débito,1,666.44,0.0
PED01159,2026-02-11,Impressora,Informática,Itapipoca,Interior,Site,Cartão de Débito,1,1409.98,0.0
PED02382,2026-02-11,SSD 1TB,Informática,Maracanaú,Região Metropolitana,Loja Física,Cartão de Crédito,1,488.89,0.0
PED04082,2026-02-11,Headset,Acessórios,Maracanaú,Região Metropolitana,Site,Cartão de Crédito,1,486.2,0.1
PED01980,2026-02-11,Teclado,Acessórios,Fortaleza,Fortaleza,Loja Física,Boleto,3,88.15,0.0
PED09338,2026-02-11,Teclado,Acessórios,Caucaia,Região Metropolitana,Marketplace,Cartão de Débito,1,215.63,0.0
PED09215,2026-02-11,Memória RAM,Informática,Fortaleza,Fortaleza,Loja Física,Cartão de Crédito,1,159.88,0.0
PED00569,2026-02-11,Memória RAM,Informática,Caucaia,Região Metropolitana,Loja Física,Boleto,1,370.84,0.0
PED03327,2026-02-11,Headset,Acessórios,Fortaleza,Fortaleza,Marketplace,Cartão de Crédito,2,282.77,0.0
PED09723,2026-02-11,Mesa Escritório,Móveis,Maracanaú,Região Metropolitana,Loja Física,Boleto,1,1553.14,0.0
PED06807,2026-02-11,Mesa Escritório,Móveis,Caucaia,Região Metropolitana,Loja Física,Cartão de Crédito,1,458.56,0.05
PED06947,2026-02-11,Caixa de Som,Áudio,Fortaleza,Fortaleza,Loja Física,Boleto,1,754.04,0.0
PED00135,2026-02-11,SSD 1TB,Informática,Juazeiro do Norte,Interior,Marketplace,Cartão de Débito,1,313.41,0.15
PED05582,2026-02-11,Mesa Escritório,Móveis,Juazeiro do Norte,Interior,Site,Boleto,1,1104.98,0.0
PED01345,2026-02-11,Fone Bluetooth,Áudio,Maracanaú,Região Metropolitana,Marketplace,Boleto,1,369.52,0.0
PED03711,2026-02-11,Webcam,Acessórios,Maracanaú,Região Metropolitana,Loja Física,Cartão de Crédito,1,144.39,0.0
PED08467,2026-02-11,Mesa Escritório,Móveis,Fortaleza,Fortaleza,Loja Física,Cartão de Crédito,1,890.27,0.0
PED03412,2026-02-11,Roteador,Informática,Fortaleza,Fortaleza,Marketplace,PIX,1,506.21,0.0
PED01831,2026-02-11,Roteador,Informática,Sobral,Interior,Loja Física,Cartão de Crédito,1,395.94,0.1
PED03860,2026-02-12,Notebook,Eletrônicos,Caucaia,Região Metropolitana,Site,PIX,2,4786.28,0.0
PED07510,2026-02-12,Roteador,Informática,Fortaleza,Fortaleza,Loja Física,PIX,1,345.84,0.0
PED06608,2026-02-12,SSD 1TB,Informática,Fortaleza,Fortaleza,Site,PIX,1,481.35,0.0
PED06582,2026-02-12,Webcam,Acessórios,Fortaleza,Fortaleza,Loja Física,Cartão de Crédito,1,288.23,0.05
PED03007,2026-02-12,Mouse,Acessórios,Sobral,Interior,Site,Cartão de Crédito,2,265.41,0.1
PED05922,2026-02-12,Mouse,Acessórios,Fortaleza,Fortaleza,Site,Cartão de Crédito,2,95.19,0.0
PED04908,2026-02-12,SSD 1TB,Informática,Maracanaú,Região Metropolitana,Site,Cartão de Crédito,1,385.09,0.0
PED00372,2026-02-12,Notebook,Eletrônicos,Fortaleza,Fortaleza,Marketplace,Cartão de Débito,1,5274.28,0.0
PED02832,2026-02-12,Notebook,Eletrônicos,Caucaia,Região Metropolitana,Site,Cartão de Débito,3,3400.86,0.0
PED08609,2026-02-12,Teclado,Acessórios,Juazeiro do Norte,Interior,Loja Física,PIX,1,195.75,0.0
PED04100,2026-02-12,Mouse,Acessórios,Fortaleza,Fortaleza,Marketplace,Cartão de Crédito,1,138.74,0.0
PED04846,2026-02-12,Notebook,Eletrônicos,Fortaleza,Fortaleza,Loja Física,Cartão de Crédito,1,4069.42,0.0
PED05138,2026-02-12,Caixa de Som,Áudio,Maracanaú,Região Metropolitana,Site,PIX,2,542.73,0.0
PED00320,2026-02-12,Roteador,Informática,Juazeiro do Norte,Interior,Site,Cartão de Débito,1,483.34,0.0
PED00306,2026-02-12,Teclado,Acessórios,Maracanaú,Região Metropolitana,Loja Física,Cartão de Débito,2,131.73,0.05
PED07046,2026-02-12,Headset,Acessórios,Caucaia,Região Metropolitana,Loja Física,PIX,3,116.11,0.0
PED03237,2026-02-12,Teclado,Acessórios,Caucaia,Região Metropolitana,Site,Cartão de Débito,1,184.49,0.05
PED02273,2026-02-12,SSD 1TB,Informática,Maracanaú,Região Metropolitana,Loja Física,Cartão de Débito,2,516.8,0.05
PED03640,2026-02-12,Monitor,Eletrônicos,Juazeiro do Norte,Interior,Marketplace,Cartão de Crédito,1,787.3,0.05
PED05503,2026-02-12,Caixa de Som,Áudio,Caucaia,Região Metropolitana,Marketplace,Cartão de Crédito,1,420.38,0.05
PED09751,2026-02-12,Mesa Escritório,Móveis,Fortaleza,Fortaleza,Loja Física,Cartão de Débito,3,1413.35,0.0
PED09537,2026-02-13,Memória RAM,Informática,Fortaleza,Fortaleza,Site,PIX,1,462.18,0.05
PED09458,2026-02-13,Memória RAM,Informática,Itapipoca,Interior,Loja Física,Cartão de Crédito,2,306.68,0.0
PED09110,2026-02-13,SSD 1TB,Informática,Fortaleza,Fortaleza,Site,Cartão de Crédito,2,507.39,0.0
PED02578,2026-02-13,Mesa Escritório,Móveis,Itapipoca,Interior,Marketplace,Cartão de Débito,1,1341.33,0.0
PED05077,2026-02-13,Fone Bluetooth,Áudio,Juazeiro do Norte,Interior,Loja Física,Cartão de Débito,1,325.6,0.05
PED09510,2026-02-13,Smartphone,Eletrônicos,Fortaleza,Fortaleza,Site,PIX,2,2639.31,0.05
PED08994,2026-02-13,Roteador,Informática,Sobral,Interior,Marketplace,Cartão de Crédito,2,325.36,0.0
PED06990,2026-02-13,Cadeira Gamer,Móveis,Fortaleza,Fortaleza,Site,Boleto,1,1262.58,0.1
PED00051,2026-02-13,Mesa Escritório,Móveis,Sobral,Interior,Site,Cartão de Débito,1,1444.01,0.05
PED03535,2026-02-13,Smartphone,Eletrônicos,Fortaleza,Fortaleza,Site,PIX,2,1212.35,0.05
PED03093,2026-02-13,Notebook,Eletrônicos,Itapipoca,Interior,Marketplace,PIX,1,3795.34,0.0
PED06347,2026-02-13,Teclado,Acessórios,Maracanaú,Região Metropolitana,Marketplace,Cartão de Débito,1,225.71,0.05
PED07301,2026-02-13,Impressora,Informática,Fortaleza,Fortaleza,Site,Cartão de Débito,1,571.34,0.15
PED03830,2026-02-14,Notebook,Eletrônicos,Fortaleza,Fortaleza,Site,Cartão de Débito,1,6093.49,0.15
PED07341,2026-02-14,Teclado,Acessórios,Sobral,Interior,Marketplace,Boleto,1,131.14,0.0
PED00869,2026-02-14,Cadeira Gamer,Móveis,Itapipoca,Interior,Site,Boleto,1,1683.35,0.1
PED02828,2026-02-14,Mesa Escritório,Móveis,Fortaleza,Fortaleza,Loja Física,Boleto,1,1470.16,0.15
PED05420,2026-02-14,Webcam,Acessórios,Sobral,Interior,Loja Física,PIX,1,461.23,0.05
PED05579,2026-02-14,Smartphone,Eletrônicos,Caucaia,Região Metropolitana,Loja Física,Boleto,1,3517.84,0.0
PED01201,2026-02-14,SSD 1TB,Informática,Sobral,Interior,Marketplace,Boleto,2,328.62,0.0
PED07931,2026-02-14,Mouse,Acessórios,Fortaleza,Fortaleza,Marketplace,Cartão de Débito,1,200.83,0.05
PED09275,2026-02-14,Cadeira Gamer,Móveis,Fortaleza,Fortaleza,Marketplace,Cartão de Débito,1,1714.48,0.1
PED05840,2026-02-14,Mouse,Acessórios,Maracanaú,Região Metropolitana,Site,PIX,1,182.15,0.0
PED00327,2026-02-14,Headset,Acessórios,Fortaleza,Fortaleza,Site,Boleto,1,138.73,0.05
PED03785,2026-02-14,Cadeira Gamer,Móveis,Sobral,Interior,Marketplace,Boleto,3,2126.06,0.0
PED04343,2026-02-14,Caixa de Som,Áudio,Juazeiro do Norte,Interior,Site,Cartão de Débito,3,778.34,0.0
PED00107,2026-02-15,Headset,Acessórios,Caucaia,Região Metropolitana,Marketplace,PIX,1,299.22,0.05
PED02488,2026-02-15,Fone Bluetooth,Áudio,Maracanaú,Região Metropolitana,Marketplace,PIX,1,369.97,0.0
PED03389,2026-02-15,Headset,Acessórios,Maracanaú,Região Metropolitana,Site,Cartão de Crédito,1,497.06,0.1
PED04228,2026-02-15,Caixa de Som,Áudio,Juazeiro do Norte,Interior,Loja Física,Boleto,1,792.46,0.0
PED05478,2026-02-15,Headset,Acessórios,Fortaleza,Fortaleza,Site,PIX,1,267.92,0.0
PED08932,2026-02-15,Fone Bluetooth,Áudio,Itapipoca,Interior,Site,Cartão de Débito,1,354.07,0.05
PED05967,2026-02-15,Cadeira Gamer,Móveis,Fortaleza,Fortaleza,Marketplace,Cartão de Débito,2,2107.12,0.0
PED04636,2026-02-15,Headset,Acessórios,Juazeiro do Norte,Interior,Loja Física,PIX,2,314.02,0.05
PED03713,2026-02-15,Smartphone,Eletrônicos,Maracanaú,Região Metropolitana,Site,Cartão de Crédito,2,4325.11,0.0
PED00914,2026-02-15,SSD 1TB,Informática,Fortaleza,Fortaleza,Marketplace,Boleto,2,502.15,0.0
PED02622,2026-02-15,Mouse,Acessórios,Maracanaú,Região Metropolitana,Site,Cartão de Crédito,3,118.23,0.05
PED05846,2026-02-15,Roteador,Informática,Fortaleza,Fortaleza,Site,Boleto,1,217.69,0.0
PED00011,2026-02-15,Mesa Escritório,Móveis,Fortaleza,Fortaleza,Site,PIX,2,692.63,0.1
PED01055,2026-02-15,SSD 1TB,Informática,Itapipoca,Interior,Marketplace,PIX,1,356.66,0.0
PED06162,2026-02-15,Cadeira Gamer,Móveis,Caucaia,Região Metropolitana,Site,PIX,2,1521.89,0.0
PED01576,2026-02-15,Roteador,Informática,Fortaleza,Fortaleza,Marketplace,Boleto,2,314.89,0.1
PED04019,2026-02-15,Mouse,Acessórios,Fortaleza,Fortaleza,Site,Cartão de Crédito,2,131.95,0.0
PED04450,2026-02-15,Smartphone,Eletrônicos,Fortaleza,Fortaleza,Site,Boleto,1,1001.42,0.05
PED00574,2026-02-15,Headset,Acessórios,Fortaleza,Fortaleza,Marketplace,Cartão de Débito,1,417.34,0.0
PED00442,2026-02-16,SSD 1TB,Informática,Fortaleza,Fortaleza,Loja Física,Boleto,1,609.14,0.0
PED09353,2026-02-16,Fone Bluetooth,Áudio,Itapipoca,Interior,Marketplace,PIX,1,347.15,0.0
PED04271,2026-02-16,Webcam,Acessórios,Caucaia,Região Metropolitana,Loja Física,PIX,4,509.88,0.1
PED02928,2026-02-16,Fone Bluetooth,Áudio,Sobral,Interior,Loja Física,Cartão de Crédito,2,422.36,0.0
PED08006,2026-02-16,Teclado,Acessórios,Juazeiro do Norte,Interior,Site,Cartão de Débito,1,333.62,0.15
PED05241,2026-02-16,Caixa de Som,Áudio,Sobral,Interior,Marketplace,Cartão de Crédito,1,569.84,0.05
PED04418,2026-02-16,Headset,Acessórios,Fortaleza,Fortaleza,Loja Física,Boleto,1,535.29,0.0
PED03568,2026-02-16,Smartphone,Eletrônicos,Maracanaú,Região Metropolitana,Loja Física,Boleto,1,3908.37,0.1
PED08993,2026-02-16,SSD 1TB,Informática,Fortaleza,Fortaleza,Marketplace,Cartão de Débito,1,357.19,0.0
PED08708,2026-02-16,Webcam,Acessórios,Caucaia,Região Metropolitana,Loja Física,Cartão de Débito,1,160.04,0.15
PED04276,2026-02-16,Caixa de Som,Áudio,Caucaia,Região Metropolitana,Site,Boleto,1,122.72,0.1
PED09071,2026-02-16,Teclado,Acessórios,Caucaia,Região Metropolitana,Site,Cartão de Crédito,3,290.73,0.0
PED01719,2026-02-16,Webcam,Acessórios,Sobral,Interior,Loja Física,Cartão de Crédito,1,323.7,0.0
PED07494,2026-02-16,Mesa Escritório,Móveis,Fortaleza,Fortaleza,Loja Física,Cartão de Crédito,1,605.05,0.0
PED08555,2026-02-16,Headset,Acessórios,Maracanaú,Região Metropolitana,Loja Física,Boleto,1,325.26,0.0
PED03500,2026-02-16,Mouse,Acessórios,Juazeiro do Norte,Interior,Marketplace,Boleto,2,174.25,0.05
PED03865,2026-02-16,Monitor,Eletrônicos,Sobral,Interior,Site,PIX,1,868.51,0.1
PED00785,2026-02-16,Teclado,Acessórios,Caucaia,Região Metropolitana,Site,PIX,2,440.82,0.15
PED01862,2026-02-17,SSD 1TB,Informática,Juazeiro do Norte,Interior,Loja Física,Cartão de Débito,1,406.97,0.0
PED03321,2026-02-17,Headset,Acessórios,Itapipoca,Interior,Site,Boleto,1,226.16,0.1
PED01992,2026-02-17,Mesa Escritório,Móveis,Itapipoca,Interior,Loja Física,Cartão de Crédito,1,668.67,0.0
PED04135,2026-02-17,Impressora,Informática,Juazeiro do Norte,Interior,Marketplace,Cartão de Crédito,1,1768.86,0.0
PED08303,2026-02-17,Caixa de Som,Áudio,Fortaleza,Fortaleza,Marketplace,Cartão de Débito,2,756.19,0.05
PED07317,2026-02-17,Monitor,Eletrônicos,Fortaleza,Fortaleza,Site,Cartão de Débito,3,934.99,0.0
PED00236,2026-02-17,Webcam,Acessórios,Fortaleza,Fortaleza,Site,PIX,1,352.34,0.0
PED08408,2026-02-17,Memória RAM,Informática,Maracanaú,Região Metropolitana,Marketplace,Boleto,1,276.61,0.0
PED05433,2026-02-17,Caixa de Som,Áudio,Fortaleza,Fortaleza,Loja Física,Cartão de Crédito,3,386.82,0.15
PED05965,2026-02-17,Mesa Escritório,Móveis,Juazeiro do Norte,Interior,Loja Física,Cartão de Débito,1,458.07,0.0
PED03610,2026-02-17,Webcam,Acessórios,Caucaia,Região Metropolitana,Marketplace,Cartão de Crédito,1,407.55,0.05
PED05471,2026-02-17,Webcam,Acessórios,Fortaleza,Fortaleza,Loja Física,Cartão de Crédito,2,651.02,0.05
PED02616,2026-02-17,Notebook,Eletrônicos,Itapipoca,Interior,Loja Física,Cartão de Débito,2,5328.66,0.1
PED04312,2026-02-17,Memória RAM,Informática,Fortaleza,Fortaleza,Marketplace,Cartão de Crédito,2,224.61,0.0
PED07179,2026-02-17,Impressora,Informática,Sobral,Interior,Loja Física,Cartão de Débito,3,744.26,0.0
PED02356,2026-02-17,Mesa Escritório,Móveis,Sobral,Interior,Loja Física,Boleto,1,756.21,0.0
PED01505,2026-02-17,Caixa de Som,Áudio,Caucaia,Região Metropolitana,Site,Cartão de Crédito,2,154.23,0.0
PED01522,2026-02-17,Roteador,Informática,Itapipoca,Interior,Site,PIX,1,188.58,0.0
PED09573,2026-02-17,Headset,Acessórios,Maracanaú,Região Metropolitana,Marketplace,Cartão de Débito,1,155.49,0.0
PED01799,2026-02-17,Fone Bluetooth,Áudio,Caucaia,Região Metropolitana,Site,Boleto,3,337.74,0.1
PED02143,2026-02-17,Fone Bluetooth,Áudio,Juazeiro do Norte,Interior,Site,Cartão de Crédito,1,593.18,0.05
PED08066,2026-02-17,Memória RAM,Informática,Maracanaú,Região Metropolitana,Marketplace,Boleto,2,516.82,0.0
PED00494,2026-02-17,Mouse,Acessórios,Fortaleza,Fortaleza,Loja Física,PIX,1,159.36,0.05
PED05272,2026-02-17,Fone Bluetooth,Áudio,Caucaia,Região Metropolitana,Site,Cartão de Débito,4,484.31,0.1
PED01232,2026-02-17,Smartphone,Eletrônicos,Caucaia,Região Metropolitana,Loja Física,Cartão de Crédito,1,3516.35,0.05
PED06327,2026-02-18,Mouse,Acessórios,Maracanaú,Região Metropolitana,Site,Cartão de Crédito,1,237.42,0.0
PED05204,2026-02-18,Monitor,Eletrônicos,Caucaia,Região Metropolitana,Loja Física,Boleto,2,1350.18,0.0
PED01938,2026-02-18,Memória RAM,Informática,Fortaleza,Fortaleza,Site,Boleto,1,288.77,0.0
PED08463,2026-02-18,Impressora,Informática,Fortaleza,Fortaleza,Marketplace,Cartão de Débito,4,1611.66,0.0
PED06049,2026-02-18,Teclado,Acessórios,Fortaleza,Fortaleza,Marketplace,Cartão de Crédito,1,295.12,0.0
PED06700,2026-02-18,Roteador,Informática,Fortaleza,Fortaleza,Site,Cartão de Débito,1,509.2,0.1
PED05583,2026-02-18,Smartphone,Eletrônicos,Fortaleza,Fortaleza,Loja Física,PIX,1,3829.55,0.05
PED02496,2026-02-18,Teclado,Acessórios,Maracanaú,Região Metropolitana,Site,Boleto,2,224.27,0.0
PED04885,2026-02-18,Headset,Acessórios,Juazeiro do Norte,Interior,Loja Física,Cartão de Crédito,1,127.5,0.0
PED01392,2026-02-18,Headset,Acessórios,Maracanaú,Região Metropolitana,Loja Física,PIX,1,103.58,0.05
PED06216,2026-02-18,Memória RAM,Informática,Fortaleza,Fortaleza,Loja Física,PIX,3,446.22,0.0
PED07006,2026-02-18,Mesa Escritório,Móveis,Maracanaú,Região Metropolitana,Loja Física,PIX,2,1263.24,0.05
PED01717,2026-02-18,SSD 1TB,Informática,Itapipoca,Interior,Marketplace,Boleto,1,577.82,0.0
PED08997,2026-02-18,Teclado,Acessórios,Sobral,Interior,Marketplace,Boleto,1,210.51,0.0
PED01068,2026-02-18,Impressora,Informática,Sobral,Interior,Marketplace,Cartão de Débito,1,957.6,0.0
PED08123,2026-02-18,Notebook,Eletrônicos,Maracanaú,Região Metropolitana,Site,Boleto,1,4435.87,0.05
PED04167,2026-02-19,Webcam,Acessórios,Caucaia,Região Metropolitana,Marketplace,PIX,3,353.9,0.05
PED07131,2026-02-19,Notebook,Eletrônicos,Fortaleza,Fortaleza,Site,Boleto,1,4978.71,0.0
PED00088,2026-02-19,SSD 1TB,Informática,Caucaia,Região Metropolitana,Marketplace,Cartão de Crédito,1,393.3,0.0
PED05610,2026-02-19,Fone Bluetooth,Áudio,Fortaleza,Fortaleza,Loja Física,Cartão de Débito,2,486.86,0.0
PED01700,2026-02-19,Cadeira Gamer,Móveis,Fortaleza,Fortaleza,Site,Cartão de Crédito,1,1759.63,0.05
PED08209,2026-02-19,Smartphone,Eletrônicos,Juazeiro do Norte,Interior,Marketplace,Cartão de Crédito,1,3383.46,0.05
PED06183,2026-02-19,Mouse,Acessórios,Maracanaú,Região Metropolitana,Site,Cartão de Crédito,1,87.66,0.0
PED03624,2026-02-19,Mouse,Acessórios,Itapipoca,Interior,Marketplace,Cartão de Crédito,2,117.6,0.0
PED00977,2026-02-19,Roteador,Informática,Sobral,Interior,Loja Física,Cartão de Débito,2,197.08,0.05
PED00072,2026-02-19,Mouse,Acessórios,Caucaia,Região Metropolitana,Marketplace,Cartão de Crédito,1,258.53,0.0
PED08308,2026-02-19,Mesa Escritório,Móveis,Juazeiro do Norte,Interior,Loja Física,PIX,1,938.51,0.1
PED02769,2026-02-19,Mouse,Acessórios,Maracanaú,Região Metropolitana,Site,Cartão de Débito,1,265.2,0.0
PED05941,2026-02-19,Monitor,Eletrônicos,Fortaleza,Fortaleza,Marketplace,PIX,1,650.99,0.0
PED01929,2026-02-19,SSD 1TB,Informática,Juazeiro do Norte,Interior,Site,Boleto,3,341.75,0.0
PED04385,2026-02-19,Mouse,Acessórios,Caucaia,Região Metropolitana,Site,Cartão de Débito,1,164.99,0.0
PED01349,2026-02-19,Memória RAM,Informática,Fortaleza,Fortaleza,Site,Boleto,1,190.52,0.05
PED06329,2026-02-20,Notebook,Eletrônicos,Fortaleza,Fortaleza,Loja Física,Boleto,1,3734.38,0.0
PED02234,2026-02-20,Notebook,Eletrônicos,Fortaleza,Fortaleza,Site,Boleto,1,4416.27,0.1
PED05657,2026-02-20,Memória RAM,Informática,Fortaleza,Fortaleza,Site,PIX,1,406.29,0.15
PED03467,2026-02-20,Smartphone,Eletrônicos,Sobral,Interior,Loja Física,PIX,4,3406.37,0.05
PED09351,2026-02-20,Roteador,Informática,Fortaleza,Fortaleza,Marketplace,Boleto,1,243.81,0.15
PED02633,2026-02-20,Caixa de Som,Áudio,Fortaleza,Fortaleza,Loja Física,Cartão de Débito,2,442.48,0.0
PED03298,2026-02-20,Notebook,Eletrônicos,Fortaleza,Fortaleza,Site,Cartão de Débito,1,3450.3,0.0
PED08494,2026-02-20,Mesa Escritório,Móveis,Fortaleza,Fortaleza,Marketplace,PIX,3,681.39,0.0
PED08984,2026-02-20,Teclado,Acessórios,Sobral,Interior,Loja Física,Cartão de Débito,1,348.62,0.1
PED01664,2026-02-20,Notebook,Eletrônicos,Maracanaú,Região Metropolitana,Site,Cartão de Crédito,1,4695.54,0.0
PED03739,2026-02-20,Caixa de Som,Áudio,Fortaleza,Fortaleza,Marketplace,Cartão de Débito,1,255.96,0.0
PED06948,2026-02-20,Monitor,Eletrônicos,Caucaia,Região Metropolitana,Site,Cartão de Débito,1,1826.43,0.0
PED07067,2026-02-21,Monitor,Eletrônicos,Sobral,Interior,Site,PIX,1,1314.09,0.0
PED09781,2026-02-21,Impressora,Informática,Fortaleza,Fortaleza,Marketplace,Cartão de Crédito,3,1418.85,0.1
PED04411,2026-02-21,Fone Bluetooth,Áudio,Sobral,Interior,Site,PIX,2,270.24,0.1
PED07488,2026-02-21,Roteador,Informática,Fortaleza,Fortaleza,Loja Física,PIX,1,336.29,0.1
PED01888,2026-02-21,Monitor,Eletrônicos,Caucaia,Região Metropolitana,Marketplace,Cartão de Crédito,3,951.68,0.0
PED00047,2026-02-21,Impressora,Informática,Fortaleza,Fortaleza,Marketplace,Cartão de Crédito,2,1707.2,0.1
PED03910,2026-02-21,Monitor,Eletrônicos,Fortaleza,Fortaleza,Site,Cartão de Débito,2,1206.15,0.0
PED09716,2026-02-21,Memória RAM,Informática,Sobral,Interior,Marketplace,PIX,1,152.01,0.0
PED01494,2026-02-21,Mouse,Acessórios,Itapipoca,Interior,Loja Física,Cartão de Débito,2,219.5,0.0
PED09838,2026-02-21,Roteador,Informática,Caucaia,Região Metropolitana,Loja Física,Cartão de Débito,1,559.99,0.0
PED09995,2026-02-21,Memória RAM,Informática,Juazeiro do Norte,Interior,Loja Física,Boleto,1,481.68,0.0
PED05565,2026-02-21,Notebook,Eletrônicos,Itapipoca,Interior,Site,Cartão de Crédito,1,3585.59,0.0
PED08705,2026-02-21,Headset,Acessórios,Fortaleza,Fortaleza,Site,Cartão de Débito,1,466.81,0.0
PED09773,2026-02-21,Mouse,Acessórios,Sobral,Interior,Site,Cartão de Débito,1,146.09,0.1
PED08284,2026-02-21,Fone Bluetooth,Áudio,Itapipoca,Interior,Site,Cartão de Débito,1,130.45,0.0
PED06499,2026-02-21,Fone Bluetooth,Áudio,Caucaia,Região Metropolitana,Site,Cartão de Débito,1,405.06,0.1
PED01288,2026-02-21,Fone Bluetooth,Áudio,Fortaleza,Fortaleza,Site,PIX,2,643.3,0.0
PED05960,2026-02-21,Mesa Escritório,Móveis,Caucaia,Região Metropolitana,Site,Boleto,2,796.63,0.0
PED08297,2026-02-21,Cadeira Gamer,Móveis,Caucaia,Região Metropolitana,Site,Cartão de Crédito,1,853.02,0.05
PED09854,2026-02-21,Webcam,Acessórios,Fortaleza,Fortaleza,Site,Boleto,2,418.8,0.05
PED09504,2026-02-21,Webcam,Acessórios,Caucaia,Região Metropolitana,Site,Cartão de Débito,2,369.39,0.0
PED03899,2026-02-22,Smartphone,Eletrônicos,Fortaleza,Fortaleza,Marketplace,Boleto,1,1255.38,0.0
PED04805,2026-02-22,Fone Bluetooth,Áudio,Fortaleza,Fortaleza,Site,Boleto,1,445.76,0.0
PED07538,2026-02-22,Fone Bluetooth,Áudio,Fortaleza,Fortaleza,Marketplace,Boleto,2,426.99,0.0
PED08322,2026-02-22,Monitor,Eletrônicos,Maracanaú,Região Metropolitana,Loja Física,Cartão de Débito,1,1342.98,0.05
PED02948,2026-02-22,Webcam,Acessórios,Fortaleza,Fortaleza,Loja Física,Cartão de Crédito,3,637.67,0.15
PED00862,2026-02-22,Headset,Acessórios,Juazeiro do Norte,Interior,Loja Física,Cartão de Débito,1,146.86,0.0
PED06433,2026-02-22,Monitor,Eletrônicos,Sobral,Interior,Loja Física,Cartão de Débito,3,1557.99,0.0
PED08901,2026-02-22,Monitor,Eletrônicos,Fortaleza,Fortaleza,Site,Cartão de Débito,1,1899.65,0.0
PED04693,2026-02-22,Monitor,Eletrônicos,Fortaleza,Fortaleza,Loja Física,Cartão de Crédito,1,1402.03,0.0
PED07150,2026-02-22,Mouse,Acessórios,Maracanaú,Região Metropolitana,Marketplace,PIX,4,174.16,0.0
PED07062,2026-02-22,SSD 1TB,Informática,Maracanaú,Região Metropolitana,Loja Física,Boleto,1,523.81,0.0
PED05223,2026-02-22,Caixa de Som,Áudio,Juazeiro do Norte,Interior,Marketplace,Cartão de Débito,1,578.43,0.0
PED09375,2026-02-22,Cadeira Gamer,Móveis,Itapipoca,Interior,Marketplace,Boleto,2,1854.13,0.05
PED02109,2026-02-22,Webcam,Acessórios,Caucaia,Região Metropolitana,Marketplace,PIX,1,694.21,0.15
PED03349,2026-02-22,Monitor,Eletrônicos,Maracanaú,Região Metropolitana,Marketplace,Cartão de Débito,1,1459.55,0.0
PED08957,2026-02-22,Roteador,Informática,Fortaleza,Fortaleza,Loja Física,Cartão de Crédito,1,299.66,0.0
PED04150,2026-02-22,Mesa Escritório,Móveis,Fortaleza,Fortaleza,Marketplace,Cartão de Crédito,2,673.24,0.0
PED00528,2026-02-22,Memória RAM,Informática,Fortaleza,Fortaleza,Site,Boleto,2,402.09,0.1
PED03561,2026-02-22,Memória RAM,Informática,Fortaleza,Fortaleza,Site,Cartão de Débito,2,415.46,0.1
PED07196,2026-02-22,SSD 1TB,Informática,Juazeiro do Norte,Interior,Site,Cartão de Débito,1,391.01,0.0
PED02443,2026-02-22,Roteador,Informática,Juazeiro do Norte,Interior,Loja Física,Cartão de Crédito,1,478.72,0.05
PED03167,2026-02-22,Headset,Acessórios,Fortaleza,Fortaleza,Loja Física,Cartão de Débito,1,434.05,0.05
PED05834,2026-02-22,Notebook,Eletrônicos,Itapipoca,Interior,Marketplace,PIX,3,5377.97,0.1
PED03378,2026-02-23,Fone Bluetooth,Áudio,Maracanaú,Região Metropolitana,Marketplace,Cartão de Crédito,1,454.43,0.1
PED03612,2026-02-23,Cadeira Gamer,Móveis,Fortaleza,Fortaleza,Site,Cartão de Crédito,1,1894.68,0.15
PED09039,2026-02-23,Fone Bluetooth,Áudio,Fortaleza,Fortaleza,Loja Física,PIX,1,575.23,0.05
PED02141,2026-02-23,Caixa de Som,Áudio,Caucaia,Região Metropolitana,Loja Física,Cartão de Débito,1,260.24,0.15
PED07570,2026-02-23,Monitor,Eletrônicos,Juazeiro do Norte,Interior,Marketplace,Boleto,1,1162.25,0.05
PED07356,2026-02-23,Teclado,Acessórios,Itapipoca,Interior,Site,Cartão de Débito,1,92.94,0.0
PED01582,2026-02-23,Roteador,Informática,Caucaia,Região Metropolitana,Loja Física,Cartão de Débito,1,428.32,0.05
PED01273,2026-02-23,Roteador,Informática,Caucaia,Região Metropolitana,Marketplace,Cartão de Crédito,1,353.96,0.0
PED00138,2026-02-23,Impressora,Informática,Sobral,Interior,Loja Física,Cartão de Crédito,3,606.68,0.0
PED01621,2026-02-23,Mesa Escritório,Móveis,Caucaia,Região Metropolitana,Site,Cartão de Crédito,2,1571.23,0.0
PED04565,2026-02-23,Notebook,Eletrônicos,Juazeiro do Norte,Interior,Site,PIX,4,4921.99,0.05
PED00323,2026-02-23,Teclado,Acessórios,Caucaia,Região Metropolitana,Marketplace,Boleto,1,122.89,0.05
PED02642,2026-02-23,Smartphone,Eletrônicos,Fortaleza,Fortaleza,Site,Cartão de Crédito,1,4235.7,0.05
PED04133,2026-02-23,Webcam,Acessórios,Caucaia,Região Metropolitana,Marketplace,Boleto,4,358.92,0.0
PED05659,2026-02-23,Mesa Escritório,Móveis,Fortaleza,Fortaleza,Marketplace,Cartão de Crédito,1,989.56,0.1
PED00343,2026-02-23,Caixa de Som,Áudio,Fortaleza,Fortaleza,Marketplace,Boleto,1,390.94,0.05
PED07834,2026-02-23,Fone Bluetooth,Áudio,Itapipoca,Interior,Marketplace,Cartão de Débito,1,610.05,0.1
PED05955,2026-02-23,Mesa Escritório,Móveis,Caucaia,Região Metropolitana,Site,PIX,1,1210.89,0.05
PED07788,2026-02-24,SSD 1TB,Informática,Itapipoca,Interior,Loja Física,Boleto,1,411.3,0.0
PED07264,2026-02-24,Notebook,Eletrônicos,Juazeiro do Norte,Interior,Loja Física,Cartão de Crédito,2,3797.85,0.0
PED09937,2026-02-24,Webcam,Acessórios,Juazeiro do Norte,Interior,Site,Boleto,1,207.96,0.0
PED03182,2026-02-24,Webcam,Acessórios,Itapipoca,Interior,Site,PIX,1,358.78,0.0
PED08826,2026-02-24,Smartphone,Eletrônicos,Sobral,Interior,Marketplace,PIX,2,2080.28,0.05
PED09077,2026-02-24,Caixa de Som,Áudio,Itapipoca,Interior,Site,Cartão de Crédito,1,609.17,0.0
PED09284,2026-02-24,Impressora,Informática,Caucaia,Região Metropolitana,Loja Física,Cartão de Crédito,1,639.16,0.1
PED01771,2026-02-24,Monitor,Eletrônicos,Fortaleza,Fortaleza,Loja Física,Boleto,1,1524.83,0.1
PED06419,2026-02-24,Smartphone,Eletrônicos,Sobral,Interior,Loja Física,Cartão de Débito,1,2742.53,0.1
PED01478,2026-02-24,Teclado,Acessórios,Fortaleza,Fortaleza,Loja Física,Cartão de Crédito,2,273.68,0.0
PED07016,2026-02-24,Roteador,Informática,Caucaia,Região Metropolitana,Loja Física,Cartão de Débito,1,477.43,0.1
PED07764,2026-02-24,Memória RAM,Informática,Caucaia,Região Metropolitana,Marketplace,Boleto,2,174.61,0.1
PED00995,2026-02-24,Cadeira Gamer,Móveis,Fortaleza,Fortaleza,Site,Cartão de Crédito,2,2045.38,0.05
PED00500,2026-02-24,Notebook,Eletrônicos,Juazeiro do Norte,Interior,Loja Física,Cartão de Débito,1,5215.81,0.1
PED04551,2026-02-24,Smartphone,Eletrônicos,Maracanaú,Região Metropolitana,Marketplace,PIX,1,3222.72,0.05
PED02756,2026-02-24,Headset,Acessórios,Maracanaú,Região Metropolitana,Marketplace,Cartão de Crédito,1,165.06,0.0
PED08455,2026-02-25,Mouse,Acessórios,Fortaleza,Fortaleza,Marketplace,Cartão de Crédito,3,40.91,0.1
PED02883,2026-02-25,Impressora,Informática,Fortaleza,Fortaleza,Loja Física,PIX,4,1353.64,0.1
PED01034,2026-02-25,Mouse,Acessórios,Sobral,Interior,Loja Física,PIX,1,157.89,0.05
PED02947,2026-02-25,Monitor,Eletrônicos,Maracanaú,Região Metropolitana,Marketplace,Cartão de Crédito,1,663.85,0.0
PED01676,2026-02-25,Cadeira Gamer,Móveis,Maracanaú,Região Metropolitana,Loja Física,Cartão de Crédito,3,1395.44,0.0
PED05824,2026-02-25,Mesa Escritório,Móveis,Fortaleza,Fortaleza,Loja Física,Cartão de Crédito,1,1127.46,0.0
PED02944,2026-02-25,Teclado,Acessórios,Caucaia,Região Metropolitana,Loja Física,Cartão de Crédito,1,435.08,0.05
PED02064,2026-02-25,Notebook,Eletrônicos,Maracanaú,Região Metropolitana,Marketplace,Boleto,1,5239.7,0.0
PED04527,2026-02-25,Cadeira Gamer,Móveis,Itapipoca,Interior,Site,Cartão de Débito,3,1181.07,0.0
PED08054,2026-02-25,SSD 1TB,Informática,Fortaleza,Fortaleza,Marketplace,PIX,2,505.05,0.0
PED08882,2026-02-25,Teclado,Acessórios,Fortaleza,Fortaleza,Site,Boleto,3,187.73,0.15
PED02897,2026-02-25,Smartphone,Eletrônicos,Fortaleza,Fortaleza,Marketplace,PIX,1,1956.96,0.0
PED00027,2026-02-25,Teclado,Acessórios,Fortaleza,Fortaleza,Site,PIX,2,325.88,0.0
PED08975,2026-02-25,Fone Bluetooth,Áudio,Caucaia,Região Metropolitana,Loja Física,Cartão de Crédito,2,402.27,0.0
PED09360,2026-02-25,Memória RAM,Informática,Caucaia,Região Metropolitana,Loja Física,PIX,3,157.85,0.1
PED00555,2026-02-25,SSD 1TB,Informática,Itapipoca,Interior,Loja Física,Cartão de Crédito,1,295.96,0.05
PED08795,2026-02-25,Monitor,Eletrônicos,Caucaia,Região Metropolitana,Marketplace,Cartão de Débito,3,1891.78,0.05
PED02298,2026-02-25,Cadeira Gamer,Móveis,Sobral,Interior,Loja Física,Cartão de Débito,1,1873.23,0.0
PED01868,2026-02-25,Mouse,Acessórios,Maracanaú,Região Metropolitana,Loja Física,PIX,2,217.79,0.0
PED08548,2026-02-25,Smartphone,Eletrônicos,Caucaia,Região Metropolitana,Marketplace,Cartão de Crédito,1,3385.9,0.05
PED00246,2026-02-25,SSD 1TB,Informática,Fortaleza,Fortaleza,Marketplace,Boleto,1,602.94,0.05
PED07608,2026-02-26,Notebook,Eletrônicos,Sobral,Interior,Loja Física,Cartão de Crédito,1,4529.63,0.0
PED00850,2026-02-26,Notebook,Eletrônicos,Fortaleza,Fortaleza,Site,Cartão de Crédito,1,3537.98,0.1
PED03538,2026-02-26,Impressora,Informática,Fortaleza,Fortaleza,Site,Boleto,2,1234.45,0.05
PED08790,2026-02-26,Roteador,Informática,Fortaleza,Fortaleza,Site,Boleto,2,350.05,0.0
PED01475,2026-02-26,Mesa Escritório,Móveis,Sobral,Interior,Marketplace,Cartão de Crédito,2,483.31,0.1
PED00351,2026-02-26,Memória RAM,Informática,Juazeiro do Norte,Interior,Loja Física,Cartão de Débito,2,496.82,0.0
PED08659,2026-02-26,Impressora,Informática,Caucaia,Região Metropolitana,Loja Física,Boleto,1,579.16,0.0
PED07285,2026-02-26,Monitor,Eletrônicos,Sobral,Interior,Site,Boleto,1,765.58,0.0
PED07199,2026-02-26,Notebook,Eletrônicos,Itapipoca,Interior,Marketplace,Cartão de Débito,1,4879.61,0.0
PED04480,2026-02-26,Headset,Acessórios,Fortaleza,Fortaleza,Site,Cartão de Crédito,1,266.8,0.1
PED03513,2026-02-26,Caixa de Som,Áudio,Sobral,Interior,Loja Física,Cartão de Débito,1,501.08,0.1
PED04092,2026-02-26,Teclado,Acessórios,Caucaia,Região Metropolitana,Site,Boleto,1,208.36,0.05
PED03110,2026-02-26,Impressora,Informática,Fortaleza,Fortaleza,Site,Cartão de Débito,1,580.92,0.0
PED01254,2026-02-26,Monitor,Eletrônicos,Itapipoca,Interior,Marketplace,Cartão de Débito,2,1204.97,0.0
PED03801,2026-02-27,SSD 1TB,Informática,Itapipoca,Interior,Site,Cartão de Débito,2,432.93,0.0
PED01692,2026-02-27,Monitor,Eletrônicos,Fortaleza,Fortaleza,Loja Física,Boleto,3,1711.79,0.0
PED00296,2026-02-27,Smartphone,Eletrônicos,Juazeiro do Norte,Interior,Loja Física,Cartão de Crédito,2,1144.68,0.1
PED02458,2026-02-27,Fone Bluetooth,Áudio,Fortaleza,Fortaleza,Loja Física,Boleto,2,208.82,0.0
PED01592,2026-02-27,Roteador,Informática,Itapipoca,Interior,Marketplace,Cartão de Débito,1,222.46,0.0
PED00285,2026-02-27,Cadeira Gamer,Móveis,Fortaleza,Fortaleza,Site,Cartão de Crédito,1,1252.05,0.0
PED04232,2026-02-27,Webcam,Acessórios,Sobral,Interior,Site,PIX,1,192.46,0.05
PED04740,2026-02-27,Monitor,Eletrônicos,Caucaia,Região Metropolitana,Marketplace,Cartão de Crédito,1,1241.97,0.0
PED06936,2026-02-27,Memória RAM,Informática,Itapipoca,Interior,Marketplace,Boleto,2,229.0,0.0
PED06239,2026-02-27,Webcam,Acessórios,Juazeiro do Norte,Interior,Site,Cartão de Crédito,1,447.43,0.0
PED05529,2026-02-27,Teclado,Acessórios,Maracanaú,Região Metropolitana,Loja Física,Boleto,1,378.26,0.0
PED03858,2026-02-27,Fone Bluetooth,Áudio,Juazeiro do Norte,Interior,Site,Cartão de Débito,1,493.04,0.05
PED00506,2026-02-27,Headset,Acessórios,Juazeiro do Norte,Interior,Marketplace,Cartão de Débito,1,477.81,0.0
PED06167,2026-02-27,Caixa de Som,Áudio,Fortaleza,Fortaleza,Site,Cartão de Débito,1,509.31,0.1
PED00757,2026-02-27,Monitor,Eletrônicos,Maracanaú,Região Metropolitana,Site,Cartão de Crédito,2,1475.83,0.1
PED09679,2026-02-27,Monitor,Eletrônicos,Fortaleza,Fortaleza,Marketplace,Cartão de Débito,1,679.86,0.0
PED00048,2026-02-27,Teclado,Acessórios,Sobral,Interior,Loja Física,Cartão de Crédito,4,349.89,0.1
PED04069,2026-02-27,Impressora,Informática,Caucaia,Região Metropolitana,Site,Cartão de Débito,1,747.23,0.0
PED01004,2026-02-27,Cadeira Gamer,Móveis,Fortaleza,Fortaleza,Site,Cartão de Débito,1,1232.05,0.0
PED09297,2026-02-27,Fone Bluetooth,Áudio,Caucaia,Região Metropolitana,Site,Cartão de Crédito,1,200.73,0.0
PED03590,2026-02-28,Mesa Escritório,Móveis,Caucaia,Região Metropolitana,Site,Boleto,2,1242.08,0.0
PED03276,2026-02-28,Notebook,Eletrônicos,Fortaleza,Fortaleza,Marketplace,Cartão de Crédito,1,6403.29,0.0
PED05802,2026-02-28,SSD 1TB,Informática,Fortaleza,Fortaleza,Marketplace,Cartão de Débito,4,476.38,0.0
PED01274,2026-02-28,Memória RAM,Informática,Sobral,Interior,Marketplace,Boleto,3,255.13,0.0
PED04526,2026-02-28,Cadeira Gamer,Móveis,Fortaleza,Fortaleza,Loja Física,Cartão de Débito,1,820.09,0.0
PED05633,2026-02-28,Smartphone,Eletrônicos,Sobral,Interior,Marketplace,Cartão de Débito,1,919.94,0.1
PED04814,2026-02-28,Cadeira Gamer,Móveis,Maracanaú,Região Metropolitana,Loja Física,Boleto,1,2065.36,0.0
PED04960,2026-02-28,Webcam,Acessórios,Caucaia,Região Metropolitana,Marketplace,PIX,1,682.92,0.0
PED08753,2026-02-28,Notebook,Eletrônicos,Itapipoca,Interior,Site,Boleto,1,5847.92,0.05
PED06307,2026-02-28,Roteador,Informática,Sobral,Interior,Marketplace,Boleto,1,177.45,0.05
PED01336,2026-02-28,Headset,Acessórios,Sobral,Interior,Marketplace,Boleto,2,397.39,0.1
PED07531,2026-02-28,Webcam,Acessórios,Fortaleza,Fortaleza,Loja Física,Cartão de Débito,2,332.5,0.0
PED02407,2026-02-28,Notebook,Eletrônicos,Maracanaú,Região Metropolitana,Marketplace,Cartão de Débito,3,4001.82,0.05
PED05545,2026-02-28,Memória RAM,Informática,Maracanaú,Região Metropolitana,Loja Física,Boleto,2,334.16,0.05
PED05171,2026-02-28,Impressora,Informática,Maracanaú,Região Metropolitana,Loja Física,Boleto,1,1094.67,0.05
PED03647,2026-02-28,Fone Bluetooth,Áudio,Fortaleza,Fortaleza,Site,PIX,1,621.9,0.1
PED06256,2026-02-28,SSD 1TB,Informática,Fortaleza,Fortaleza,Loja Física,PIX,1,417.5,0.1
PED09631,2026-02-28,Teclado,Acessórios,Juazeiro do Norte,Interior,Loja Física,PIX,2,110.34,0.05
PED00970,2026-03-01,Memória RAM,Informática,Fortaleza,Fortaleza,Site,Cartão de Crédito,1,210.64,0.05
PED07738,2026-03-01,Monitor,Eletrônicos,Caucaia,Região Metropolitana,Loja Física,Boleto,1,871.52,0.0
PED04171,2026-03-01,Impressora,Informática,Caucaia,Região Metropolitana,Loja Física,Cartão de Débito,1,1318.86,0.05
PED05107,2026-03-01,Headset,Acessórios,Fortaleza,Fortaleza,Loja Física,Boleto,1,290.37,0.0
PED05394,2026-03-01,Cadeira Gamer,Móveis,Fortaleza,Fortaleza,Marketplace,Cartão de Débito,3,1080.4,0.0
PED04373,2026-03-01,Mesa Escritório,Móveis,Juazeiro do Norte,Interior,Site,PIX,2,1094.56,0.05
PED05882,2026-03-01,Caixa de Som,Áudio,Sobral,Interior,Site,PIX,2,109.72,0.0
PED06835,2026-03-01,Notebook,Eletrônicos,Fortaleza,Fortaleza,Loja Física,Boleto,2,4489.93,0.1
PED09712,2026-03-01,Caixa de Som,Áudio,Juazeiro do Norte,Interior,Loja Física,Cartão de Crédito,1,667.52,0.1
PED08663,2026-03-01,Notebook,Eletrônicos,Sobral,Interior,Loja Física,Cartão de Débito,1,3285.64,0.05
PED06403,2026-03-01,Fone Bluetooth,Áudio,Caucaia,Região Metropolitana,Site,Cartão de Débito,1,563.76,0.1
PED09530,2026-03-01,Mouse,Acessórios,Itapipoca,Interior,Loja Física,Cartão de Débito,1,99.22,0.0
PED08894,2026-03-01,Mesa Escritório,Móveis,Fortaleza,Fortaleza,Marketplace,Cartão de Crédito,1,1363.88,0.0
PED04401,2026-03-01,Mouse,Acessórios,Maracanaú,Região Metropolitana,Loja Física,Cartão de Crédito,3,161.39,0.0
PED08895,2026-03-01,Cadeira Gamer,Móveis,Caucaia,Região Metropolitana,Loja Física,Boleto,1,1073.07,0.0
PED06935,2026-03-01,Teclado,Acessórios,Fortaleza,Fortaleza,Marketplace,Cartão de Crédito,1,301.87,0.0
PED09808,2026-03-01,Caixa de Som,Áudio,Fortaleza,Fortaleza,Site,PIX,1,412.02,0.0
PED00069,2026-03-01,Teclado,Acessórios,Fortaleza,Fortaleza,Site,Cartão de Débito,1,276.19,0.0
PED03518,2026-03-01,Mesa Escritório,Móveis,Caucaia,Região Metropolitana,Loja Física,PIX,3,1537.16,0.0
PED05255,2026-03-01,Headset,Acessórios,Itapipoca,Interior,Marketplace,Cartão de Débito,1,425.06,0.05
PED00706,2026-03-01,Impressora,Informática,Sobral,Interior,Site,PIX,2,967.24,0.0
PED08472,2026-03-01,Smartphone,Eletrônicos,Caucaia,Região Metropolitana,Marketplace,PIX,1,1316.78,0.05
PED02971,2026-03-02,SSD 1TB,Informática,Caucaia,Região Metropolitana,Loja Física,Cartão de Crédito,1,396.63,0.15
PED00837,2026-03-02,Smartphone,Eletrônicos,Fortaleza,Fortaleza,Site,Cartão de Débito,3,1489.65,0.05
PED06548,2026-03-02,Impressora,Informática,Juazeiro do Norte,Interior,Loja Física,Cartão de Crédito,3,1734.37,0.1
PED04853,2026-03-02,Impressora,Informática,Juazeiro do Norte,Interior,Site,Boleto,1,1173.34,0.0
PED06712,2026-03-02,Impressora,Informática,Fortaleza,Fortaleza,Site,Boleto,1,1324.57,0.05
PED01237,2026-03-02,Notebook,Eletrônicos,Fortaleza,Fortaleza,Loja Física,PIX,1,6210.15,0.0
PED05424,2026-03-02,Teclado,Acessórios,Sobral,Interior,Site,PIX,2,321.4,0.05
PED03650,2026-03-02,Notebook,Eletrônicos,Caucaia,Região Metropolitana,Loja Física,Boleto,4,5872.27,0.0
PED05155,2026-03-02,Mouse,Acessórios,Sobral,Interior,Marketplace,PIX,2,87.69,0.0
PED04813,2026-03-02,Notebook,Eletrônicos,Juazeiro do Norte,Interior,Loja Física,Boleto,1,4588.37,0.1
PED02457,2026-03-02,Roteador,Informática,Fortaleza,Fortaleza,Loja Física,Cartão de Débito,2,501.77,0.0
PED05817,2026-03-02,Webcam,Acessórios,Maracanaú,Região Metropolitana,Site,Cartão de Crédito,1,511.76,0.0
PED08855,2026-03-02,Webcam,Acessórios,Fortaleza,Fortaleza,Marketplace,PIX,1,663.54,0.0
PED03794,2026-03-02,Memória RAM,Informática,Caucaia,Região Metropolitana,Loja Física,Cartão de Débito,1,263.27,0.0
PED03721,2026-03-02,Cadeira Gamer,Móveis,Fortaleza,Fortaleza,Loja Física,Boleto,2,1145.28,0.0
PED08633,2026-03-02,Monitor,Eletrônicos,Fortaleza,Fortaleza,Site,Cartão de Crédito,1,1837.19,0.1
PED07105,2026-03-02,Teclado,Acessórios,Sobral,Interior,Marketplace,Boleto,1,150.14,0.1
PED01114,2026-03-02,Caixa de Som,Áudio,Caucaia,Região Metropolitana,Site,Cartão de Débito,2,368.83,0.0
PED09070,2026-03-03,Impressora,Informática,Fortaleza,Fortaleza,Loja Física,Cartão de Crédito,3,846.11,0.1
PED00445,2026-03-03,Cadeira Gamer,Móveis,Caucaia,Região Metropolitana,Marketplace,PIX,2,941.3,0.0
PED05043,2026-03-03,Notebook,Eletrônicos,Itapipoca,Interior,Loja Física,PIX,1,4947.72,0.0
PED07875,2026-03-03,Notebook,Eletrônicos,Fortaleza,Fortaleza,Site,Boleto,1,3711.41,0.0
PED09721,2026-03-03,SSD 1TB,Informática,Fortaleza,Fortaleza,Marketplace,Cartão de Débito,1,456.7,0.05
PED05711,2026-03-03,Mesa Escritório,Móveis,Itapipoca,Interior,Loja Física,Cartão de Crédito,1,1342.14,0.0
PED03164,2026-03-03,Headset,Acessórios,Sobral,Interior,Site,Cartão de Débito,2,138.4,0.0
PED04018,2026-03-03,SSD 1TB,Informática,Caucaia,Região Metropolitana,Loja Física,Cartão de Débito,2,537.87,0.1
PED06605,2026-03-03,Cadeira Gamer,Móveis,Fortaleza,Fortaleza,Marketplace,Cartão de Crédito,1,1343.52,0.05
PED08029,2026-03-03,Cadeira Gamer,Móveis,Maracanaú,Região Metropolitana,Site,Cartão de Crédito,1,1348.4,0.0
PED01253,2026-03-03,Headset,Acessórios,Fortaleza,Fortaleza,Loja Física,Cartão de Crédito,1,306.09,0.0
PED04481,2026-03-03,Mouse,Acessórios,Sobral,Interior,Loja Física,PIX,1,277.13,0.0
PED08213,2026-03-03,Memória RAM,Informática,Sobral,Interior,Site,Boleto,1,155.5,0.0
PED00987,2026-03-03,SSD 1TB,Informática,Itapipoca,Interior,Loja Física,Cartão de Crédito,3,467.14,0.05
PED04881,2026-03-03,SSD 1TB,Informática,Fortaleza,Fortaleza,Loja Física,Boleto,1,433.4,0.1
PED04500,2026-03-03,Impressora,Informática,Fortaleza,Fortaleza,Site,Cartão de Débito,1,1417.31,0.0
PED07732,2026-03-03,Roteador,Informática,Caucaia,Região Metropolitana,Loja Física,Cartão de Débito,2,382.62,0.0
PED01124,2026-03-03,Notebook,Eletrônicos,Fortaleza,Fortaleza,Marketplace,Cartão de Débito,2,5619.04,0.0
PED00257,2026-03-04,Cadeira Gamer,Móveis,Sobral,Interior,Loja Física,PIX,1,2195.62,0.1
PED02110,2026-03-04,SSD 1TB,Informática,Fortaleza,Fortaleza,Loja Física,Boleto,1,344.35,0.0
PED00509,2026-03-04,Mesa Escritório,Móveis,Fortaleza,Fortaleza,Marketplace,Cartão de Débito,1,1459.1,0.05
PED02812,2026-03-04,Teclado,Acessórios,Itapipoca,Interior,Marketplace,Cartão de Crédito,3,206.09,0.0
PED03394,2026-03-04,Impressora,Informática,Fortaleza,Fortaleza,Loja Física,Boleto,1,783.1,0.0
PED09357,2026-03-04,Mesa Escritório,Móveis,Itapipoca,Interior,Marketplace,Cartão de Crédito,1,478.63,0.1
PED09184,2026-03-04,Teclado,Acessórios,Caucaia,Região Metropolitana,Marketplace,PIX,1,113.98,0.0
PED03788,2026-03-04,Roteador,Informática,Fortaleza,Fortaleza,Site,Cartão de Débito,1,190.09,0.0
PED05786,2026-03-04,Mouse,Acessórios,Sobral,Interior,Site,Boleto,1,274.71,0.0
PED09299,2026-03-04,Fone Bluetooth,Áudio,Fortaleza,Fortaleza,Site,Boleto,4,483.28,0.0
PED09832,2026-03-04,Teclado,Acessórios,Fortaleza,Fortaleza,Loja Física,Boleto,3,113.38,0.1
PED04978,2026-03-04,Monitor,Eletrônicos,Sobral,Interior,Loja Física,Boleto,2,1784.03,0.0
PED00957,2026-03-04,Webcam,Acessórios,Maracanaú,Região Metropolitana,Site,PIX,1,406.98,0.0
PED06732,2026-03-04,Mouse,Acessórios,Maracanaú,Região Metropolitana,Marketplace,PIX,1,298.39,0.0
PED05243,2026-03-04,Caixa de Som,Áudio,Juazeiro do Norte,Interior,Site,Cartão de Crédito,1,689.52,0.1
PED08395,2026-03-04,Cadeira Gamer,Móveis,Fortaleza,Fortaleza,Marketplace,Boleto,2,1715.08,0.0
PED03956,2026-03-04,Teclado,Acessórios,Fortaleza,Fortaleza,Loja Física,PIX,1,411.13,0.0
PED07324,2026-03-04,Fone Bluetooth,Áudio,Fortaleza,Fortaleza,Marketplace,Boleto,1,484.74,0.1
PED05645,2026-03-04,Roteador,Informática,Fortaleza,Fortaleza,Loja Física,Cartão de Crédito,1,187.46,0.0
PED02435,2026-03-04,Notebook,Eletrônicos,Fortaleza,Fortaleza,Site,Boleto,1,6348.35,0.0
PED01760,2026-03-04,Impressora,Informática,Fortaleza,Fortaleza,Site,Boleto,3,1104.87,0.0
PED01074,2026-03-05,Webcam,Acessórios,Fortaleza,Fortaleza,Site,PIX,4,345.62,0.0
PED02839,2026-03-05,Memória RAM,Informática,Sobral,Interior,Marketplace,Boleto,1,547.49,0.1
PED09738,2026-03-05,Teclado,Acessórios,Fortaleza,Fortaleza,Loja Física,Boleto,1,440.74,0.0
PED03577,2026-03-05,Monitor,Eletrônicos,Sobral,Interior,Site,Cartão de Débito,2,1758.01,0.0
PED00325,2026-03-05,SSD 1TB,Informática,Maracanaú,Região Metropolitana,Marketplace,PIX,1,572.57,0.1
PED00232,2026-03-05,Teclado,Acessórios,Fortaleza,Fortaleza,Loja Física,Cartão de Crédito,1,379.12,0.15
PED09183,2026-03-05,SSD 1TB,Informática,Sobral,Interior,Marketplace,PIX,1,412.34,0.05
PED01216,2026-03-05,Teclado,Acessórios,Caucaia,Região Metropolitana,Marketplace,Cartão de Débito,1,408.8,0.0
PED05943,2026-03-05,Fone Bluetooth,Áudio,Fortaleza,Fortaleza,Site,Cartão de Crédito,1,552.03,0.0
PED06402,2026-03-05,Teclado,Acessórios,Fortaleza,Fortaleza,Site,PIX,1,146.12,0.0
PED08174,2026-03-05,Roteador,Informática,Caucaia,Região Metropolitana,Site,Boleto,3,450.36,0.0
PED03741,2026-03-05,Impressora,Informática,Fortaleza,Fortaleza,Loja Física,PIX,1,1451.24,0.0
PED04016,2026-03-05,Monitor,Eletrônicos,Fortaleza,Fortaleza,Loja Física,PIX,1,1649.75,0.1
PED07064,2026-03-05,Caixa de Som,Áudio,Fortaleza,Fortaleza,Loja Física,Boleto,1,567.16,0.05
PED02816,2026-03-05,Caixa de Som,Áudio,Maracanaú,Região Metropolitana,Marketplace,PIX,1,769.9,0.0
PED07295,2026-03-05,Roteador,Informática,Fortaleza,Fortaleza,Site,Cartão de Crédito,1,250.78,0.0
PED02682,2026-03-05,Fone Bluetooth,Áudio,Fortaleza,Fortaleza,Site,Boleto,1,228.27,0.1
PED03169,2026-03-05,Headset,Acessórios,Caucaia,Região Metropolitana,Loja Física,Cartão de Crédito,1,239.03,0.0
PED09341,2026-03-05,Impressora,Informática,Fortaleza,Fortaleza,Loja Física,Boleto,1,1173.35,0.05
PED06348,2026-03-05,Mouse,Acessórios,Sobral,Interior,Loja Física,Boleto,3,228.23,0.05
PED08550,2026-03-05,Fone Bluetooth,Áudio,Fortaleza,Fortaleza,Loja Física,Cartão de Crédito,1,192.48,0.0
PED07120,2026-03-05,Fone Bluetooth,Áudio,Caucaia,Região Metropolitana,Site,PIX,1,499.64,0.1
PED04425,2026-03-05,Mouse,Acessórios,Itapipoca,Interior,Site,Boleto,2,252.6,0.15
PED00278,2026-03-06,Teclado,Acessórios,Juazeiro do Norte,Interior,Marketplace,PIX,2,161.45,0.0
PED04665,2026-03-06,Mouse,Acessórios,Juazeiro do Norte,Interior,Site,Boleto,1,58.48,0.1
PED03565,2026-03-06,Fone Bluetooth,Áudio,Maracanaú,Região Metropolitana,Loja Física,Boleto,2,639.86,0.0
PED00383,2026-03-06,Monitor,Eletrônicos,Fortaleza,Fortaleza,Loja Física,Cartão de Débito,3,960.33,0.0
PED05842,2026-03-06,Notebook,Eletrônicos,Fortaleza,Fortaleza,Loja Física,Cartão de Débito,1,4937.26,0.0
PED05812,2026-03-06,Fone Bluetooth,Áudio,Sobral,Interior,Loja Física,Cartão de Débito,1,392.64,0.05
PED04639,2026-03-06,SSD 1TB,Informática,Maracanaú,Região Metropolitana,Marketplace,Cartão de Débito,2,477.17,0.05
PED05732,2026-03-06,Smartphone,Eletrônicos,Maracanaú,Região Metropolitana,Site,Cartão de Débito,1,1759.89,0.05
PED01951,2026-03-06,Cadeira Gamer,Móveis,Caucaia,Região Metropolitana,Marketplace,Cartão de Débito,1,1113.58,0.05
PED09735,2026-03-06,Headset,Acessórios,Caucaia,Região Metropolitana,Loja Física,Boleto,2,411.04,0.1
PED09862,2026-03-06,Cadeira Gamer,Móveis,Fortaleza,Fortaleza,Site,Cartão de Débito,1,1431.25,0.0
PED00071,2026-03-06,Headset,Acessórios,Fortaleza,Fortaleza,Marketplace,Cartão de Crédito,1,314.59,0.1
PED02691,2026-03-06,Smartphone,Eletrônicos,Juazeiro do Norte,Interior,Loja Física,Cartão de Crédito,1,2861.82,0.0
PED09444,2026-03-06,Mesa Escritório,Móveis,Maracanaú,Região Metropolitana,Marketplace,PIX,1,485.88,0.0
PED07921,2026-03-06,Caixa de Som,Áudio,Fortaleza,Fortaleza,Loja Física,Cartão de Débito,1,674.73,0.0
PED04530,2026-03-06,Fone Bluetooth,Áudio,Juazeiro do Norte,Interior,Marketplace,Boleto,1,560.67,0.0
PED07991,2026-03-06,Mouse,Acessórios,Caucaia,Região Metropolitana,Marketplace,PIX,2,249.69,0.0
PED02598,2026-03-06,Smartphone,Eletrônicos,Caucaia,Região Metropolitana,Marketplace,Cartão de Crédito,1,2847.66,0.0
PED04931,2026-03-06,Monitor,Eletrônicos,Juazeiro do Norte,Interior,Loja Física,Cartão de Débito,2,990.15,0.0
PED00003,2026-03-06,Notebook,Eletrônicos,Maracanaú,Região Metropolitana,Loja Física,Boleto,2,5144.58,0.05
PED07296,2026-03-06,Fone Bluetooth,Áudio,Maracanaú,Região Metropolitana,Loja Física,PIX,1,342.83,0.0
PED02377,2026-03-07,Fone Bluetooth,Áudio,Sobral,Interior,Marketplace,PIX,1,311.21,0.1
PED06004,2026-03-07,Mouse,Acessórios,Fortaleza,Fortaleza,Loja Física,Boleto,1,130.11,0.1
PED00274,2026-03-07,Mesa Escritório,Móveis,Fortaleza,Fortaleza,Site,Boleto,1,965.82,0.05
PED04301,2026-03-07,Memória RAM,Informática,Itapipoca,Interior,Loja Física,PIX,2,521.16,0.05
PED05181,2026-03-07,Notebook,Eletrônicos,Fortaleza,Fortaleza,Site,Boleto,1,5852.26,0.05
PED08343,2026-03-07,Impressora,Informática,Itapipoca,Interior,Site,PIX,1,1189.54,0.15
PED00477,2026-03-07,Monitor,Eletrônicos,Fortaleza,Fortaleza,Marketplace,PIX,2,1478.1,0.0
PED08912,2026-03-07,Mesa Escritório,Móveis,Fortaleza,Fortaleza,Site,PIX,1,1367.78,0.0
PED04882,2026-03-07,Roteador,Informática,Juazeiro do Norte,Interior,Marketplace,Cartão de Crédito,4,330.72,0.05
PED03431,2026-03-07,Mesa Escritório,Móveis,Maracanaú,Região Metropolitana,Marketplace,Boleto,1,613.03,0.15
PED06685,2026-03-07,SSD 1TB,Informática,Juazeiro do Norte,Interior,Marketplace,Cartão de Débito,1,601.09,0.1
PED07022,2026-03-07,Notebook,Eletrônicos,Fortaleza,Fortaleza,Site,Cartão de Débito,1,5951.23,0.0
PED02005,2026-03-07,Webcam,Acessórios,Itapipoca,Interior,Loja Física,Cartão de Débito,1,276.05,0.1
PED08925,2026-03-07,Fone Bluetooth,Áudio,Itapipoca,Interior,Site,Cartão de Crédito,1,147.02,0.0
PED03009,2026-03-07,Webcam,Acessórios,Fortaleza,Fortaleza,Loja Física,Cartão de Débito,3,434.22,0.0
PED05585,2026-03-07,Webcam,Acessórios,Fortaleza,Fortaleza,Site,Cartão de Crédito,1,299.86,0.0
PED08572,2026-03-07,Mouse,Acessórios,Fortaleza,Fortaleza,Site,PIX,1,279.81,0.05
PED07702,2026-03-07,Caixa de Som,Áudio,Fortaleza,Fortaleza,Marketplace,Cartão de Débito,1,606.38,0.05
PED02719,2026-03-08,Memória RAM,Informática,Caucaia,Região Metropolitana,Loja Física,Cartão de Crédito,2,335.44,0.15
PED00991,2026-03-08,SSD 1TB,Informática,Fortaleza,Fortaleza,Loja Física,Cartão de Débito,1,608.95,0.1
PED07294,2026-03-08,SSD 1TB,Informática,Maracanaú,Região Metropolitana,Marketplace,PIX,1,603.53,0.0
PED03384,2026-03-08,Impressora,Informática,Fortaleza,Fortaleza,Loja Física,Cartão de Débito,1,1248.87,0.0
PED05572,2026-03-08,Impressora,Informática,Sobral,Interior,Loja Física,Boleto,1,1666.8,0.0
PED07713,2026-03-08,SSD 1TB,Informática,Sobral,Interior,Marketplace,PIX,2,317.0,0.1
PED08350,2026-03-08,Fone Bluetooth,Áudio,Juazeiro do Norte,Interior,Loja Física,Cartão de Crédito,2,583.37,0.1
PED01374,2026-03-08,Webcam,Acessórios,Caucaia,Região Metropolitana,Loja Física,Cartão de Crédito,3,476.82,0.0
PED07320,2026-03-08,Roteador,Informática,Juazeiro do Norte,Interior,Site,Boleto,1,437.44,0.05
PED02934,2026-03-08,SSD 1TB,Informática,Fortaleza,Fortaleza,Loja Física,Cartão de Débito,2,383.83,0.0
PED06093,2026-03-08,Impressora,Informática,Fortaleza,Fortaleza,Loja Física,Boleto,1,1303.76,0.0
PED02406,2026-03-08,Smartphone,Eletrônicos,Fortaleza,Fortaleza,Marketplace,PIX,2,2182.21,0.05
PED06008,2026-03-08,Caixa de Som,Áudio,Juazeiro do Norte,Interior,Marketplace,PIX,2,591.54,0.1
PED08787,2026-03-08,Caixa de Som,Áudio,Fortaleza,Fortaleza,Loja Física,Boleto,1,175.62,0.0
PED00075,2026-03-08,Headset,Acessórios,Itapipoca,Interior,Site,PIX,1,306.34,0.1
PED08807,2026-03-08,Roteador,Informática,Sobral,Interior,Site,PIX,3,335.57,0.05
PED01817,2026-03-08,Teclado,Acessórios,Fortaleza,Fortaleza,Loja Física,Cartão de Débito,1,246.68,0.05
PED01369,2026-03-09,Fone Bluetooth,Áudio,Fortaleza,Fortaleza,Site,PIX,2,589.03,0.05
PED00881,2026-03-09,Notebook,Eletrônicos,Caucaia,Região Metropolitana,Marketplace,Boleto,1,4079.84,0.05
PED09334,2026-03-09,Fone Bluetooth,Áudio,Caucaia,Região Metropolitana,Site,Cartão de Débito,1,542.27,0.0
PED08719,2026-03-09,Cadeira Gamer,Móveis,Fortaleza,Fortaleza,Loja Física,Boleto,1,1583.03,0.05
PED02181,2026-03-09,Cadeira Gamer,Móveis,Juazeiro do Norte,Interior,Site,Cartão de Débito,1,1870.79,0.05
PED00616,2026-03-09,Impressora,Informática,Fortaleza,Fortaleza,Marketplace,Cartão de Crédito,1,1195.76,0.0
PED00004,2026-03-09,Mesa Escritório,Móveis,Sobral,Interior,Site,Cartão de Débito,2,628.8,0.0
PED03983,2026-03-09,Impressora,Informática,Maracanaú,Região Metropolitana,Site,Boleto,3,1485.21,0.05
PED05334,2026-03-09,Fone Bluetooth,Áudio,Fortaleza,Fortaleza,Marketplace,Cartão de Débito,2,308.19,0.1
PED07170,2026-03-09,Memória RAM,Informática,Sobral,Interior,Loja Física,Boleto,2,363.88,0.0
PED05555,2026-03-09,Teclado,Acessórios,Fortaleza,Fortaleza,Marketplace,Boleto,4,354.12,0.05
PED07850,2026-03-09,Mesa Escritório,Móveis,Juazeiro do Norte,Interior,Loja Física,Boleto,1,766.56,0.1
PED00980,2026-03-09,Memória RAM,Informática,Maracanaú,Região Metropolitana,Marketplace,PIX,1,442.79,0.1
PED04218,2026-03-09,Smartphone,Eletrônicos,Fortaleza,Fortaleza,Loja Física,PIX,2,2357.81,0.1
PED01970,2026-03-09,Caixa de Som,Áudio,Fortaleza,Fortaleza,Marketplace,Cartão de Débito,1,770.65,0.0
PED09282,2026-03-10,Caixa de Som,Áudio,Sobral,Interior,Loja Física,Cartão de Crédito,1,451.25,0.05
PED02661,2026-03-10,Notebook,Eletrônicos,Fortaleza,Fortaleza,Marketplace,Cartão de Crédito,1,3929.34,0.1
PED06503,2026-03-10,Notebook,Eletrônicos,Juazeiro do Norte,Interior,Marketplace,Cartão de Débito,2,3572.06,0.0
PED03862,2026-03-10,Mesa Escritório,Móveis,Fortaleza,Fortaleza,Marketplace,Cartão de Crédito,1,814.39,0.05
PED01028,2026-03-10,Mesa Escritório,Móveis,Fortaleza,Fortaleza,Loja Física,Cartão de Crédito,2,676.41,0.15
PED09244,2026-03-10,Smartphone,Eletrônicos,Fortaleza,Fortaleza,Marketplace,Boleto,1,2634.65,0.1
PED08466,2026-03-10,Mouse,Acessórios,Itapipoca,Interior,Site,Boleto,2,218.74,0.0
PED03835,2026-03-10,Fone Bluetooth,Áudio,Fortaleza,Fortaleza,Loja Física,PIX,1,238.48,0.05
PED08060,2026-03-10,Teclado,Acessórios,Juazeiro do Norte,Interior,Site,Boleto,1,416.49,0.0
PED01904,2026-03-10,Mouse,Acessórios,Fortaleza,Fortaleza,Loja Física,PIX,1,271.74,0.05
PED02410,2026-03-10,Roteador,Informática,Sobral,Interior,Site,Cartão de Crédito,1,333.91,0.05
PED05599,2026-03-10,Impressora,Informática,Fortaleza,Fortaleza,Site,Cartão de Débito,1,1750.51,0.0
PED04793,2026-03-10,Caixa de Som,Áudio,Maracanaú,Região Metropolitana,Loja Física,Cartão de Débito,1,636.05,0.0
PED03487,2026-03-10,Webcam,Acessórios,Itapipoca,Interior,Marketplace,Cartão de Crédito,1,569.71,0.05
PED05959,2026-03-11,Monitor,Eletrônicos,Fortaleza,Fortaleza,Site,Boleto,2,830.31,0.0
PED09281,2026-03-11,Monitor,Eletrônicos,Maracanaú,Região Metropolitana,Site,Cartão de Crédito,1,1388.67,0.1
PED04300,2026-03-11,Mesa Escritório,Móveis,Fortaleza,Fortaleza,Marketplace,Cartão de Débito,2,917.25,0.0
PED04103,2026-03-11,Headset,Acessórios,Sobral,Interior,Loja Física,PIX,1,196.2,0.0
PED09771,2026-03-11,Teclado,Acessórios,Fortaleza,Fortaleza,Loja Física,PIX,3,295.52,0.0
PED04372,2026-03-11,Headset,Acessórios,Juazeiro do Norte,Interior,Marketplace,Cartão de Crédito,2,183.63,0.15
PED03420,2026-03-11,Smartphone,Eletrônicos,Caucaia,Região Metropolitana,Marketplace,PIX,2,1060.75,0.0
PED07174,2026-03-11,Fone Bluetooth,Áudio,Juazeiro do Norte,Interior,Site,Boleto,1,332.12,0.0
PED04682,2026-03-11,Smartphone,Eletrônicos,Maracanaú,Região Metropolitana,Marketplace,Boleto,1,4404.16,0.15
PED06916,2026-03-11,Cadeira Gamer,Móveis,Sobral,Interior,Loja Física,PIX,3,1822.72,0.0
PED07173,2026-03-11,Impressora,Informática,Fortaleza,Fortaleza,Marketplace,Boleto,2,993.86,0.1
PED07857,2026-03-11,Notebook,Eletrônicos,Fortaleza,Fortaleza,Marketplace,Cartão de Crédito,1,6170.08,0.05
PED01186,2026-03-11,Mouse,Acessórios,Maracanaú,Região Metropolitana,Marketplace,Cartão de Crédito,1,164.71,0.1
PED02799,2026-03-11,Monitor,Eletrônicos,Caucaia,Região Metropolitana,Loja Física,Cartão de Débito,2,1240.57,0.05
PED03969,2026-03-11,Headset,Acessórios,Fortaleza,Fortaleza,Loja Física,Cartão de Débito,1,268.11,0.05
PED00163,2026-03-11,Roteador,Informática,Fortaleza,Fortaleza,Site,Boleto,1,342.24,0.0
PED08792,2026-03-11,Memória RAM,Informática,Fortaleza,Fortaleza,Marketplace,Boleto,1,195.81,0.0
PED06704,2026-03-11,Caixa de Som,Áudio,Caucaia,Região Metropolitana,Marketplace,Cartão de Débito,1,177.18,0.0
PED04081,2026-03-11,Roteador,Informática,Maracanaú,Região Metropolitana,Site,Boleto,2,169.99,0.0
PED02028,2026-03-12,Teclado,Acessórios,Fortaleza,Fortaleza,Site,Cartão de Débito,2,292.75,0.05
PED09331,2026-03-12,Mouse,Acessórios,Juazeiro do Norte,Interior,Site,PIX,3,299.48,0.0
PED01173,2026-03-12,Monitor,Eletrônicos,Caucaia,Região Metropolitana,Marketplace,Cartão de Crédito,1,1319.88,0.0
PED08676,2026-03-12,Caixa de Som,Áudio,Fortaleza,Fortaleza,Marketplace,Boleto,1,500.8,0.1
PED08433,2026-03-12,Webcam,Acessórios,Itapipoca,Interior,Site,PIX,1,638.26,0.05
PED06423,2026-03-12,Teclado,Acessórios,Maracanaú,Região Metropolitana,Marketplace,Cartão de Débito,3,260.97,0.1
PED08530,2026-03-12,Roteador,Informática,Caucaia,Região Metropolitana,Loja Física,PIX,1,499.48,0.0
PED03789,2026-03-12,Memória RAM,Informática,Fortaleza,Fortaleza,Site,Cartão de Débito,1,322.44,0.0
PED02686,2026-03-12,SSD 1TB,Informática,Fortaleza,Fortaleza,Marketplace,PIX,1,571.87,0.0
PED02941,2026-03-12,Fone Bluetooth,Áudio,Itapipoca,Interior,Site,PIX,1,478.95,0.0
PED00565,2026-03-12,Cadeira Gamer,Móveis,Juazeiro do Norte,Interior,Loja Física,Cartão de Débito,2,1389.57,0.05
PED07086,2026-03-12,Teclado,Acessórios,Juazeiro do Norte,Interior,Site,Boleto,2,343.79,0.0
PED05665,2026-03-13,Caixa de Som,Áudio,Caucaia,Região Metropolitana,Marketplace,PIX,1,548.34,0.05
PED05875,2026-03-13,Headset,Acessórios,Fortaleza,Fortaleza,Marketplace,Boleto,1,365.39,0.0
PED01438,2026-03-13,Headset,Acessórios,Sobral,Interior,Site,Cartão de Crédito,2,101.36,0.0
PED00940,2026-03-13,Webcam,Acessórios,Sobral,Interior,Loja Física,PIX,1,417.74,0.0
PED01462,2026-03-13,Caixa de Som,Áudio,Sobral,Interior,Marketplace,Boleto,1,464.63,0.0
PED05749,2026-03-13,Notebook,Eletrônicos,Fortaleza,Fortaleza,Marketplace,Cartão de Débito,1,4206.53,0.1
PED08948,2026-03-13,Mouse,Acessórios,Itapipoca,Interior,Loja Física,PIX,1,206.55,0.15
PED08893,2026-03-13,Headset,Acessórios,Sobral,Interior,Marketplace,Boleto,1,104.19,0.05
PED00568,2026-03-13,Cadeira Gamer,Móveis,Sobral,Interior,Marketplace,Cartão de Débito,1,1055.02,0.0
PED02510,2026-03-13,Monitor,Eletrônicos,Caucaia,Região Metropolitana,Site,Cartão de Crédito,1,1884.31,0.05
PED02497,2026-03-13,Roteador,Informática,Juazeiro do Norte,Interior,Site,Boleto,1,261.78,0.0
PED07785,2026-03-13,Memória RAM,Informática,Fortaleza,Fortaleza,Site,PIX,1,505.02,0.0
PED01731,2026-03-13,Monitor,Eletrônicos,Caucaia,Região Metropolitana,Site,Boleto,1,1121.33,0.15
PED07253,2026-03-13,Fone Bluetooth,Áudio,Itapipoca,Interior,Marketplace,Boleto,1,122.41,0.1
PED01667,2026-03-13,Headset,Acessórios,Itapipoca,Interior,Marketplace,PIX,1,533.79,0.1
PED05222,2026-03-13,Teclado,Acessórios,Caucaia,Região Metropolitana,Marketplace,Cartão de Crédito,1,285.22,0.0
PED00066,2026-03-13,Fone Bluetooth,Áudio,Caucaia,Região Metropolitana,Marketplace,Boleto,2,591.41,0.1
PED03962,2026-03-13,Roteador,Informática,Caucaia,Região Metropolitana,Site,Boleto,2,228.48,0.0
PED01058,2026-03-13,Teclado,Acessórios,Maracanaú,Região Metropolitana,Site,Boleto,1,234.35,0.05
PED04753,2026-03-13,SSD 1TB,Informática,Fortaleza,Fortaleza,Site,Cartão de Crédito,1,292.94,0.0
PED03320,2026-03-14,Cadeira Gamer,Móveis,Maracanaú,Região Metropolitana,Loja Física,Boleto,4,817.92,0.0
PED01631,2026-03-14,Cadeira Gamer,Móveis,Juazeiro do Norte,Interior,Site,Boleto,1,1887.05,0.05
PED07070,2026-03-14,Memória RAM,Informática,Itapipoca,Interior,Site,PIX,2,518.29,0.05
PED04244,2026-03-14,Mouse,Acessórios,Fortaleza,Fortaleza,Marketplace,Cartão de Crédito,1,99.3,0.1
PED04923,2026-03-14,Memória RAM,Informática,Fortaleza,Fortaleza,Site,Boleto,1,321.44,0.0
PED01111,2026-03-14,Caixa de Som,Áudio,Juazeiro do Norte,Interior,Loja Física,Cartão de Débito,1,516.63,0.1
PED09638,2026-03-14,Webcam,Acessórios,Itapipoca,Interior,Site,Cartão de Crédito,3,354.94,0.0
PED07910,2026-03-14,Fone Bluetooth,Áudio,Caucaia,Região Metropolitana,Marketplace,Cartão de Débito,1,305.3,0.1
PED09552,2026-03-14,Impressora,Informática,Juazeiro do Norte,Interior,Loja Física,Cartão de Crédito,1,1670.05,0.0
PED00644,2026-03-14,Mesa Escritório,Móveis,Maracanaú,Região Metropolitana,Loja Física,Cartão de Crédito,1,1361.33,0.0
PED01244,2026-03-14,Mesa Escritório,Móveis,Sobral,Interior,Marketplace,Cartão de Débito,1,616.37,0.0
PED03111,2026-03-14,Mesa Escritório,Móveis,Juazeiro do Norte,Interior,Site,PIX,2,526.35,0.0
PED04738,2026-03-14,Notebook,Eletrônicos,Caucaia,Região Metropolitana,Loja Física,Boleto,1,5816.1,0.0
PED00154,2026-03-14,Caixa de Som,Áudio,Caucaia,Região Metropolitana,Site,Cartão de Débito,1,362.01,0.0
PED05566,2026-03-14,Roteador,Informática,Itapipoca,Interior,Site,Cartão de Crédito,1,299.08,0.0
PED06351,2026-03-14,Impressora,Informática,Fortaleza,Fortaleza,Marketplace,Cartão de Débito,1,879.42,0.15
PED07202,2026-03-14,Mouse,Acessórios,Caucaia,Região Metropolitana,Marketplace,Boleto,2,166.22,0.05
PED09004,2026-03-15,Notebook,Eletrônicos,Sobral,Interior,Marketplace,Boleto,1,3841.82,0.05
PED01284,2026-03-15,Mouse,Acessórios,Fortaleza,Fortaleza,Site,Cartão de Débito,1,82.78,0.1
PED01197,2026-03-15,Mouse,Acessórios,Fortaleza,Fortaleza,Loja Física,Cartão de Débito,1,68.26,0.0
PED08694,2026-03-15,Teclado,Acessórios,Fortaleza,Fortaleza,Loja Física,Cartão de Débito,2,208.16,0.0
PED03086,2026-03-15,Impressora,Informática,Sobral,Interior,Site,Cartão de Débito,1,1641.15,0.05
PED04004,2026-03-15,Fone Bluetooth,Áudio,Fortaleza,Fortaleza,Marketplace,Boleto,1,416.12,0.15
PED08242,2026-03-15,Impressora,Informática,Sobral,Interior,Marketplace,Cartão de Crédito,1,732.65,0.0
PED08010,2026-03-15,Fone Bluetooth,Áudio,Fortaleza,Fortaleza,Marketplace,Cartão de Débito,2,335.03,0.1
PED06476,2026-03-15,Webcam,Acessórios,Juazeiro do Norte,Interior,Site,Boleto,2,373.44,0.0
PED08328,2026-03-15,Roteador,Informática,Itapipoca,Interior,Site,PIX,1,291.53,0.0
PED04962,2026-03-15,Notebook,Eletrônicos,Fortaleza,Fortaleza,Loja Física,Cartão de Crédito,1,6241.74,0.0
PED05884,2026-03-15,Headset,Acessórios,Sobral,Interior,Site,Cartão de Débito,1,219.46,0.05
PED06979,2026-03-15,Memória RAM,Informática,Itapipoca,Interior,Loja Física,Cartão de Crédito,4,246.21,0.0
PED04162,2026-03-15,Cadeira Gamer,Móveis,Fortaleza,Fortaleza,Marketplace,Cartão de Débito,2,1605.95,0.0
PED05438,2026-03-15,Roteador,Informática,Juazeiro do Norte,Interior,Marketplace,Cartão de Débito,1,169.55,0.0
PED08591,2026-03-15,Teclado,Acessórios,Itapipoca,Interior,Loja Física,Boleto,3,415.23,0.0
PED05232,2026-03-15,Smartphone,Eletrônicos,Caucaia,Região Metropolitana,Marketplace,PIX,1,1209.57,0.05
PED00013,2026-03-15,Monitor,Eletrônicos,Fortaleza,Fortaleza,Marketplace,Boleto,1,1102.5,0.0
PED00358,2026-03-15,Fone Bluetooth,Áudio,Sobral,Interior,Loja Física,Cartão de Crédito,1,582.82,0.0
PED03792,2026-03-15,Notebook,Eletrônicos,Fortaleza,Fortaleza,Site,Cartão de Crédito,1,3992.75,0.15
PED06125,2026-03-15,Notebook,Eletrônicos,Caucaia,Região Metropolitana,Marketplace,Cartão de Crédito,1,4248.08,0.1
PED01101,2026-03-15,Roteador,Informática,Itapipoca,Interior,Loja Física,PIX,1,186.37,0.0
PED00468,2026-03-16,Mesa Escritório,Móveis,Sobral,Interior,Site,Boleto,1,1560.13,0.0
PED03233,2026-03-16,Headset,Acessórios,Juazeiro do Norte,Interior,Loja Física,Boleto,1,120.67,0.1
PED04412,2026-03-16,Monitor,Eletrônicos,Caucaia,Região Metropolitana,Loja Física,PIX,2,1652.22,0.0
PED06156,2026-03-16,Roteador,Informática,Fortaleza,Fortaleza,Site,Cartão de Débito,1,548.3,0.0
PED00971,2026-03-16,Mesa Escritório,Móveis,Caucaia,Região Metropolitana,Site,Boleto,2,1482.78,0.0
PED05268,2026-03-16,Monitor,Eletrônicos,Sobral,Interior,Site,Cartão de Débito,1,1193.02,0.0
PED07946,2026-03-16,Smartphone,Eletrônicos,Itapipoca,Interior,Site,PIX,1,3892.08,0.0
PED07220,2026-03-16,Mesa Escritório,Móveis,Caucaia,Região Metropolitana,Marketplace,Cartão de Crédito,1,1061.64,0.1
PED01806,2026-03-16,Mouse,Acessórios,Maracanaú,Região Metropolitana,Marketplace,PIX,1,195.77,0.0
PED03889,2026-03-16,Cadeira Gamer,Móveis,Caucaia,Região Metropolitana,Loja Física,Cartão de Crédito,1,1719.63,0.0
PED01205,2026-03-16,Smartphone,Eletrônicos,Sobral,Interior,Loja Física,Boleto,4,3443.26,0.0
PED08918,2026-03-16,Webcam,Acessórios,Itapipoca,Interior,Site,Cartão de Crédito,1,602.3,0.0
PED09123,2026-03-16,Mouse,Acessórios,Juazeiro do Norte,Interior,Site,Cartão de Débito,1,134.81,0.15
PED05034,2026-03-16,Smartphone,Eletrônicos,Itapipoca,Interior,Marketplace,Cartão de Débito,1,4105.47,0.1
PED03928,2026-03-16,Impressora,Informática,Itapipoca,Interior,Site,Cartão de Débito,1,1113.05,0.0
PED07121,2026-03-16,Memória RAM,Informática,Caucaia,Região Metropolitana,Loja Física,Cartão de Crédito,2,335.94,0.0
PED09897,2026-03-16,Mesa Escritório,Móveis,Maracanaú,Região Metropolitana,Site,Cartão de Débito,1,621.7,0.0
PED06545,2026-03-16,Caixa de Som,Áudio,Caucaia,Região Metropolitana,Loja Física,Cartão de Crédito,3,264.32,0.0
PED01066,2026-03-16,SSD 1TB,Informática,Fortaleza,Fortaleza,Marketplace,Boleto,1,357.55,0.1
PED08653,2026-03-16,Impressora,Informática,Sobral,Interior,Marketplace,PIX,1,627.62,0.0
PED04729,2026-03-16,Webcam,Acessórios,Caucaia,Região Metropolitana,Site,Cartão de Crédito,1,153.3,0.0
PED00153,2026-03-17,Impressora,Informática,Sobral,Interior,Site,Cartão de Crédito,1,1067.27,0.1
PED01281,2026-03-17,Mesa Escritório,Móveis,Fortaleza,Fortaleza,Site,Cartão de Crédito,3,512.19,0.0
PED04942,2026-03-17,Cadeira Gamer,Móveis,Caucaia,Região Metropolitana,Loja Física,Boleto,1,1938.66,0.0
PED09228,2026-03-17,Fone Bluetooth,Áudio,Caucaia,Região Metropolitana,Site,Boleto,1,278.96,0.0
PED04851,2026-03-17,Smartphone,Eletrônicos,Caucaia,Região Metropolitana,Loja Física,Cartão de Crédito,1,3337.14,0.0
PED03038,2026-03-17,Webcam,Acessórios,Fortaleza,Fortaleza,Loja Física,PIX,1,608.81,0.0
PED01795,2026-03-17,Smartphone,Eletrônicos,Caucaia,Região Metropolitana,Loja Física,Boleto,3,943.2,0.0
PED02369,2026-03-17,Monitor,Eletrônicos,Fortaleza,Fortaleza,Marketplace,Cartão de Débito,1,1500.61,0.0
PED09923,2026-03-17,Teclado,Acessórios,Juazeiro do Norte,Interior,Marketplace,PIX,1,110.44,0.1
PED03232,2026-03-17,Fone Bluetooth,Áudio,Itapipoca,Interior,Marketplace,PIX,2,473.0,0.05
PED05888,2026-03-17,Caixa de Som,Áudio,Maracanaú,Região Metropolitana,Loja Física,Boleto,2,664.27,0.0
PED08938,2026-03-17,Impressora,Informática,Fortaleza,Fortaleza,Loja Física,Cartão de Crédito,1,1143.54,0.1
PED03379,2026-03-17,Impressora,Informática,Fortaleza,Fortaleza,Marketplace,Cartão de Débito,1,1633.15,0.15
PED00319,2026-03-17,Roteador,Informática,Fortaleza,Fortaleza,Marketplace,Cartão de Crédito,2,292.19,0.0
PED08184,2026-03-17,Mouse,Acessórios,Juazeiro do Norte,Interior,Site,PIX,1,72.7,0.0
PED00614,2026-03-17,SSD 1TB,Informática,Juazeiro do Norte,Interior,Site,Cartão de Crédito,1,574.8,0.0
PED02836,2026-03-17,Mesa Escritório,Móveis,Maracanaú,Região Metropolitana,Marketplace,Boleto,1,970.45,0.0
PED05185,2026-03-17,Caixa de Som,Áudio,Fortaleza,Fortaleza,Loja Física,PIX,2,531.29,0.15
PED07094,2026-03-18,Roteador,Informática,Fortaleza,Fortaleza,Loja Física,Boleto,1,266.44,0.0
PED00124,2026-03-18,Notebook,Eletrônicos,Fortaleza,Fortaleza,Loja Física,Cartão de Crédito,1,4952.85,0.0
PED00563,2026-03-18,Monitor,Eletrônicos,Juazeiro do Norte,Interior,Marketplace,Boleto,1,1112.97,0.0
PED07970,2026-03-18,Smartphone,Eletrônicos,Maracanaú,Região Metropolitana,Marketplace,PIX,1,2278.49,0.0
PED04403,2026-03-18,Notebook,Eletrônicos,Fortaleza,Fortaleza,Site,Cartão de Débito,1,4704.51,0.05
PED09346,2026-03-18,Fone Bluetooth,Áudio,Sobral,Interior,Loja Física,PIX,1,257.78,0.1
PED09634,2026-03-18,Fone Bluetooth,Áudio,Caucaia,Região Metropolitana,Loja Física,PIX,2,218.92,0.0
PED08919,2026-03-18,Roteador,Informática,Maracanaú,Região Metropolitana,Site,Boleto,1,483.38,0.0
PED05083,2026-03-18,Impressora,Informática,Fortaleza,Fortaleza,Site,Cartão de Crédito,1,738.96,0.15
PED01410,2026-03-18,Smartphone,Eletrônicos,Fortaleza,Fortaleza,Site,Cartão de Débito,1,3713.55,0.05
PED02451,2026-03-18,Roteador,Informática,Sobral,Interior,Loja Física,Cartão de Débito,1,215.65,0.1
PED06430,2026-03-18,Mesa Escritório,Móveis,Fortaleza,Fortaleza,Site,Cartão de Crédito,1,507.49,0.1
PED09652,2026-03-18,Fone Bluetooth,Áudio,Maracanaú,Região Metropolitana,Marketplace,Cartão de Débito,1,161.57,0.0
PED04093,2026-03-18,Mouse,Acessórios,Caucaia,Região Metropolitana,Marketplace,Boleto,3,285.37,0.0
PED05743,2026-03-18,Fone Bluetooth,Áudio,Caucaia,Região Metropolitana,Site,Boleto,3,386.62,0.15
PED07404,2026-03-18,Impressora,Informática,Maracanaú,Região Metropolitana,Loja Física,Cartão de Crédito,1,861.41,0.05
PED05893,2026-03-18,Notebook,Eletrônicos,Caucaia,Região Metropolitana,Loja Física,PIX,1,5259.98,0.05
PED06242,2026-03-18,Teclado,Acessórios,Maracanaú,Região Metropolitana,Marketplace,Boleto,2,275.77,0.0
PED04736,2026-03-18,Webcam,Acessórios,Fortaleza,Fortaleza,Marketplace,PIX,1,514.4,0.05
PED09406,2026-03-18,Impressora,Informática,Fortaleza,Fortaleza,Marketplace,Cartão de Débito,1,706.75,0.05
PED04065,2026-03-19,Memória RAM,Informática,Itapipoca,Interior,Marketplace,Cartão de Crédito,1,507.0,0.0
PED01637,2026-03-19,Headset,Acessórios,Caucaia,Região Metropolitana,Loja Física,Boleto,2,354.38,0.05
PED09924,2026-03-19,Caixa de Som,Áudio,Caucaia,Região Metropolitana,Marketplace,Boleto,1,356.75,0.15
PED01691,2026-03-19,Roteador,Informática,Sobral,Interior,Marketplace,PIX,1,255.06,0.0
PED04685,2026-03-19,Cadeira Gamer,Móveis,Maracanaú,Região Metropolitana,Loja Física,Cartão de Débito,1,1984.1,0.1
PED04675,2026-03-19,Webcam,Acessórios,Sobral,Interior,Loja Física,PIX,1,262.54,0.0
PED04674,2026-03-19,Memória RAM,Informática,Caucaia,Região Metropolitana,Marketplace,Cartão de Débito,2,163.88,0.05
PED01886,2026-03-19,Headset,Acessórios,Juazeiro do Norte,Interior,Loja Física,Cartão de Débito,2,449.09,0.0
PED05067,2026-03-19,Monitor,Eletrônicos,Sobral,Interior,Site,Boleto,2,1194.28,0.1
PED08525,2026-03-19,Memória RAM,Informática,Juazeiro do Norte,Interior,Site,Cartão de Crédito,2,353.03,0.0
PED00334,2026-03-19,SSD 1TB,Informática,Fortaleza,Fortaleza,Site,PIX,1,552.83,0.0
PED07920,2026-03-19,SSD 1TB,Informática,Fortaleza,Fortaleza,Loja Física,Boleto,1,565.72,0.0
PED04223,2026-03-19,Monitor,Eletrônicos,Itapipoca,Interior,Marketplace,Cartão de Crédito,1,1505.32,0.0
PED00103,2026-03-19,Memória RAM,Informática,Caucaia,Região Metropolitana,Marketplace,Cartão de Débito,1,391.49,0.05
PED01075,2026-03-19,Fone Bluetooth,Áudio,Sobral,Interior,Marketplace,Boleto,1,170.51,0.0
PED03562,2026-03-19,Headset,Acessórios,Fortaleza,Fortaleza,Loja Física,Cartão de Débito,1,239.75,0.1
PED06560,2026-03-19,Monitor,Eletrônicos,Fortaleza,Fortaleza,Marketplace,PIX,1,712.31,0.0
PED07382,2026-03-20,Webcam,Acessórios,Caucaia,Região Metropolitana,Site,Cartão de Crédito,2,571.6,0.0
PED06132,2026-03-20,Impressora,Informática,Fortaleza,Fortaleza,Marketplace,Boleto,1,1599.81,0.15
PED03203,2026-03-20,Headset,Acessórios,Fortaleza,Fortaleza,Marketplace,Cartão de Crédito,1,268.73,0.05
PED05337,2026-03-20,Mouse,Acessórios,Fortaleza,Fortaleza,Site,Cartão de Débito,2,42.48,0.0
PED06749,2026-03-20,Notebook,Eletrônicos,Juazeiro do Norte,Interior,Marketplace,Boleto,1,3737.6,0.05
PED09601,2026-03-20,SSD 1TB,Informática,Juazeiro do Norte,Interior,Loja Física,Cartão de Débito,2,462.42,0.0
PED03756,2026-03-20,Roteador,Informática,Fortaleza,Fortaleza,Site,Cartão de Débito,2,517.03,0.0
PED08266,2026-03-20,Smartphone,Eletrônicos,Caucaia,Região Metropolitana,Loja Física,Cartão de Débito,2,4148.07,0.1
PED03502,2026-03-20,Smartphone,Eletrônicos,Caucaia,Região Metropolitana,Marketplace,PIX,2,1206.01,0.05
PED01278,2026-03-20,Monitor,Eletrônicos,Itapipoca,Interior,Loja Física,Boleto,3,1060.9,0.1
PED08649,2026-03-20,Notebook,Eletrônicos,Caucaia,Região Metropolitana,Loja Física,Boleto,1,3435.35,0.0
PED09236,2026-03-20,Mouse,Acessórios,Itapipoca,Interior,Site,Boleto,1,279.01,0.05
PED08154,2026-03-20,Fone Bluetooth,Áudio,Fortaleza,Fortaleza,Marketplace,PIX,1,541.97,0.0
PED04387,2026-03-21,Teclado,Acessórios,Itapipoca,Interior,Site,Cartão de Crédito,2,238.09,0.1
PED01687,2026-03-21,Mesa Escritório,Móveis,Caucaia,Região Metropolitana,Marketplace,Cartão de Débito,1,569.56,0.0
PED09829,2026-03-21,Monitor,Eletrônicos,Maracanaú,Região Metropolitana,Marketplace,PIX,2,1346.11,0.0
PED08162,2026-03-21,Smartphone,Eletrônicos,Caucaia,Região Metropolitana,Loja Física,Cartão de Débito,1,1861.98,0.0
PED03166,2026-03-21,Mesa Escritório,Móveis,Juazeiro do Norte,Interior,Marketplace,Cartão de Débito,1,1216.96,0.1
PED07657,2026-03-21,Caixa de Som,Áudio,Caucaia,Região Metropolitana,Site,Cartão de Crédito,1,583.25,0.0
PED01203,2026-03-21,Caixa de Som,Áudio,Fortaleza,Fortaleza,Site,Cartão de Débito,4,297.56,0.05
PED01531,2026-03-21,Caixa de Som,Áudio,Maracanaú,Região Metropolitana,Site,Cartão de Débito,1,245.21,0.05
PED06776,2026-03-21,Webcam,Acessórios,Caucaia,Região Metropolitana,Loja Física,PIX,4,640.99,0.0
PED08457,2026-03-21,Memória RAM,Informática,Maracanaú,Região Metropolitana,Loja Física,Cartão de Crédito,1,352.5,0.0
PED06871,2026-03-21,Caixa de Som,Áudio,Fortaleza,Fortaleza,Site,Cartão de Crédito,1,394.57,0.05
PED03863,2026-03-21,Impressora,Informática,Maracanaú,Região Metropolitana,Site,PIX,1,1595.75,0.1
PED09014,2026-03-21,Mesa Escritório,Móveis,Maracanaú,Região Metropolitana,Loja Física,Cartão de Débito,1,1250.92,0.05
PED01198,2026-03-21,SSD 1TB,Informática,Maracanaú,Região Metropolitana,Loja Física,Cartão de Débito,1,606.92,0.0
PED07722,2026-03-21,Memória RAM,Informática,Juazeiro do Norte,Interior,Site,Cartão de Crédito,1,194.22,0.1
PED02243,2026-03-22,Webcam,Acessórios,Fortaleza,Fortaleza,Loja Física,Cartão de Débito,2,428.38,0.0
PED00760,2026-03-22,Cadeira Gamer,Móveis,Fortaleza,Fortaleza,Loja Física,Cartão de Débito,1,2087.19,0.0
PED04598,2026-03-22,Mouse,Acessórios,Sobral,Interior,Loja Física,PIX,1,236.47,0.0
PED08504,2026-03-22,Memória RAM,Informática,Juazeiro do Norte,Interior,Loja Física,PIX,1,539.37,0.1
PED06796,2026-03-22,Memória RAM,Informática,Fortaleza,Fortaleza,Marketplace,PIX,1,211.98,0.0
PED09768,2026-03-22,Monitor,Eletrônicos,Fortaleza,Fortaleza,Site,Cartão de Débito,1,785.61,0.05
PED05306,2026-03-22,Fone Bluetooth,Áudio,Fortaleza,Fortaleza,Loja Física,Cartão de Crédito,1,541.39,0.1
PED05539,2026-03-22,Notebook,Eletrônicos,Sobral,Interior,Site,Boleto,1,4899.82,0.1
PED00526,2026-03-22,Webcam,Acessórios,Sobral,Interior,Marketplace,PIX,1,553.2,0.1
PED04161,2026-03-22,Memória RAM,Informática,Sobral,Interior,Site,PIX,1,279.28,0.05
PED03868,2026-03-22,Cadeira Gamer,Móveis,Maracanaú,Região Metropolitana,Marketplace,PIX,2,2001.77,0.05
PED06928,2026-03-22,Mesa Escritório,Móveis,Sobral,Interior,Marketplace,Cartão de Crédito,1,861.64,0.0
PED05998,2026-03-22,Impressora,Informática,Fortaleza,Fortaleza,Loja Física,PIX,1,987.68,0.05
PED00742,2026-03-22,Webcam,Acessórios,Maracanaú,Região Metropolitana,Marketplace,Cartão de Crédito,2,504.24,0.0
PED05614,2026-03-22,Monitor,Eletrônicos,Itapipoca,Interior,Loja Física,Boleto,2,1357.14,0.05
PED04183,2026-03-22,Mesa Escritório,Móveis,Caucaia,Região Metropolitana,Marketplace,Cartão de Débito,1,743.18,0.0
PED09408,2026-03-22,Roteador,Informática,Fortaleza,Fortaleza,Site,Boleto,1,231.34,0.0
PED00573,2026-03-22,Notebook,Eletrônicos,Sobral,Interior,Loja Física,PIX,2,4068.2,0.0
PED07859,2026-03-22,Notebook,Eletrônicos,Fortaleza,Fortaleza,Marketplace,Boleto,1,4611.95,0.0
PED02884,2026-03-22,Mesa Escritório,Móveis,Maracanaú,Região Metropolitana,Site,Cartão de Crédito,1,1529.49,0.0
PED02803,2026-03-22,Cadeira Gamer,Móveis,Fortaleza,Fortaleza,Marketplace,Cartão de Débito,1,1846.14,0.1
PED07874,2026-03-23,Webcam,Acessórios,Fortaleza,Fortaleza,Loja Física,Cartão de Débito,1,544.93,0.0
PED00540,2026-03-23,Headset,Acessórios,Fortaleza,Fortaleza,Site,Cartão de Débito,1,151.78,0.05
PED08316,2026-03-23,Headset,Acessórios,Sobral,Interior,Loja Física,PIX,1,428.93,0.15
PED09194,2026-03-23,Teclado,Acessórios,Sobral,Interior,Site,Cartão de Débito,1,97.33,0.0
PED08626,2026-03-23,Teclado,Acessórios,Itapipoca,Interior,Site,Cartão de Crédito,1,386.66,0.0
PED00170,2026-03-23,Fone Bluetooth,Áudio,Fortaleza,Fortaleza,Marketplace,Boleto,1,378.66,0.0
PED08300,2026-03-23,Smartphone,Eletrônicos,Juazeiro do Norte,Interior,Loja Física,Boleto,1,3319.48,0.1
PED08674,2026-03-23,Mouse,Acessórios,Maracanaú,Região Metropolitana,Marketplace,Cartão de Crédito,1,254.9,0.0
PED10000,2026-03-23,Memória RAM,Informática,Fortaleza,Fortaleza,Site,Cartão de Crédito,2,359.31,0.1
PED03686,2026-03-23,Memória RAM,Informática,Caucaia,Região Metropolitana,Loja Física,PIX,2,305.11,0.0
PED05772,2026-03-23,Mesa Escritório,Móveis,Fortaleza,Fortaleza,Marketplace,PIX,3,1473.07,0.0
PED03199,2026-03-23,Fone Bluetooth,Áudio,Itapipoca,Interior,Site,Cartão de Débito,2,359.79,0.05
PED01920,2026-03-23,Memória RAM,Informática,Juazeiro do Norte,Interior,Site,Cartão de Crédito,1,241.64,0.0
PED02589,2026-03-23,Webcam,Acessórios,Caucaia,Região Metropolitana,Loja Física,Cartão de Crédito,1,222.84,0.1
PED03492,2026-03-23,Headset,Acessórios,Fortaleza,Fortaleza,Marketplace,Cartão de Débito,3,426.56,0.0
PED05019,2026-03-23,Monitor,Eletrônicos,Fortaleza,Fortaleza,Marketplace,Cartão de Crédito,1,1276.34,0.0
PED03601,2026-03-23,Webcam,Acessórios,Fortaleza,Fortaleza,Site,PIX,1,474.6,0.1
PED02098,2026-03-23,Headset,Acessórios,Fortaleza,Fortaleza,Marketplace,PIX,1,313.28,0.05
PED02156,2026-03-23,Memória RAM,Informática,Caucaia,Região Metropolitana,Marketplace,Boleto,1,437.42,0.1
PED01372,2026-03-24,Impressora,Informática,Caucaia,Região Metropolitana,Loja Física,Cartão de Crédito,1,1208.21,0.1
PED09714,2026-03-24,Cadeira Gamer,Móveis,Fortaleza,Fortaleza,Marketplace,Cartão de Débito,1,1825.42,0.1
PED05217,2026-03-24,Cadeira Gamer,Móveis,Fortaleza,Fortaleza,Marketplace,Cartão de Crédito,1,1999.16,0.0
PED02246,2026-03-24,Mesa Escritório,Móveis,Juazeiro do Norte,Interior,Site,Boleto,1,1396.67,0.0
PED01565,2026-03-24,Notebook,Eletrônicos,Fortaleza,Fortaleza,Site,Cartão de Crédito,1,4113.62,0.1
PED03221,2026-03-24,Memória RAM,Informática,Maracanaú,Região Metropolitana,Site,PIX,3,405.82,0.0
PED07057,2026-03-24,SSD 1TB,Informática,Fortaleza,Fortaleza,Site,Cartão de Débito,2,530.4,0.15
PED04977,2026-03-24,Smartphone,Eletrônicos,Caucaia,Região Metropolitana,Marketplace,Cartão de Crédito,2,1232.56,0.05
PED07215,2026-03-24,SSD 1TB,Informática,Maracanaú,Região Metropolitana,Loja Física,Boleto,1,509.46,0.0
PED08437,2026-03-24,Caixa de Som,Áudio,Caucaia,Região Metropolitana,Loja Física,Cartão de Crédito,1,759.35,0.05
PED03992,2026-03-24,Mouse,Acessórios,Fortaleza,Fortaleza,Loja Física,Cartão de Crédito,1,107.19,0.05
PED03649,2026-03-24,Impressora,Informática,Itapipoca,Interior,Site,Cartão de Crédito,2,1037.29,0.1
PED02779,2026-03-25,Fone Bluetooth,Áudio,Fortaleza,Fortaleza,Site,Cartão de Crédito,1,272.49,0.0
PED09086,2026-03-25,Monitor,Eletrônicos,Caucaia,Região Metropolitana,Loja Física,Boleto,1,1180.15,0.0
PED05244,2026-03-25,Smartphone,Eletrônicos,Fortaleza,Fortaleza,Loja Física,Boleto,2,1658.72,0.0
PED01086,2026-03-25,Smartphone,Eletrônicos,Fortaleza,Fortaleza,Loja Física,Boleto,2,3853.54,0.05
PED07574,2026-03-25,Roteador,Informática,Fortaleza,Fortaleza,Loja Física,Boleto,1,557.7,0.05
PED06107,2026-03-25,SSD 1TB,Informática,Fortaleza,Fortaleza,Marketplace,Boleto,1,387.47,0.0
PED04548,2026-03-25,Fone Bluetooth,Áudio,Sobral,Interior,Site,PIX,1,204.11,0.0
PED03129,2026-03-25,Roteador,Informática,Caucaia,Região Metropolitana,Site,Cartão de Crédito,1,552.09,0.15
PED04951,2026-03-25,Monitor,Eletrônicos,Caucaia,Região Metropolitana,Site,PIX,4,1096.9,0.0
PED04041,2026-03-25,Roteador,Informática,Fortaleza,Fortaleza,Loja Física,PIX,1,450.06,0.1
PED00212,2026-03-25,Mesa Escritório,Móveis,Itapipoca,Interior,Loja Física,Cartão de Crédito,1,527.32,0.0
PED04582,2026-03-25,Impressora,Informática,Fortaleza,Fortaleza,Marketplace,Cartão de Crédito,1,1485.33,0.1
PED04979,2026-03-25,Headset,Acessórios,Fortaleza,Fortaleza,Site,PIX,3,405.2,0.0
PED01397,2026-03-25,Impressora,Informática,Maracanaú,Região Metropolitana,Marketplace,Cartão de Débito,1,831.87,0.0
PED00331,2026-03-25,Mesa Escritório,Móveis,Fortaleza,Fortaleza,Marketplace,Boleto,1,816.75,0.0
PED02342,2026-03-25,Mouse,Acessórios,Juazeiro do Norte,Interior,Loja Física,Cartão de Débito,3,45.08,0.05
PED05146,2026-03-25,Teclado,Acessórios,Maracanaú,Região Metropolitana,Marketplace,PIX,1,167.57,0.05
PED00905,2026-03-26,Mesa Escritório,Móveis,Fortaleza,Fortaleza,Marketplace,Cartão de Débito,1,1461.39,0.1
PED04491,2026-03-26,Webcam,Acessórios,Itapipoca,Interior,Marketplace,PIX,2,506.85,0.05
PED01031,2026-03-26,Caixa de Som,Áudio,Fortaleza,Fortaleza,Loja Física,Boleto,2,505.25,0.15
PED07765,2026-03-26,Teclado,Acessórios,Caucaia,Região Metropolitana,Loja Física,Cartão de Crédito,1,370.96,0.0
PED09062,2026-03-26,Monitor,Eletrônicos,Itapipoca,Interior,Marketplace,Cartão de Débito,2,658.02,0.0
PED06645,2026-03-26,SSD 1TB,Informática,Sobral,Interior,Marketplace,Cartão de Crédito,1,324.68,0.0
PED09246,2026-03-26,Memória RAM,Informática,Fortaleza,Fortaleza,Marketplace,Cartão de Débito,1,325.17,0.0
PED08150,2026-03-26,Memória RAM,Informática,Itapipoca,Interior,Site,Cartão de Crédito,2,218.29,0.0
PED07355,2026-03-26,Mesa Escritório,Móveis,Caucaia,Região Metropolitana,Loja Física,Boleto,1,1451.41,0.1
PED07223,2026-03-26,Caixa de Som,Áudio,Maracanaú,Região Metropolitana,Loja Física,Cartão de Crédito,1,779.67,0.05
PED06331,2026-03-26,Webcam,Acessórios,Fortaleza,Fortaleza,Loja Física,Cartão de Débito,1,139.46,0.15
PED08390,2026-03-26,Mouse,Acessórios,Juazeiro do Norte,Interior,Loja Física,Boleto,2,157.54,0.1
PED04268,2026-03-26,Teclado,Acessórios,Sobral,Interior,Loja Física,Cartão de Débito,1,241.18,0.05
PED03480,2026-03-26,Caixa de Som,Áudio,Itapipoca,Interior,Site,Cartão de Débito,1,591.09,0.05
PED09894,2026-03-26,Notebook,Eletrônicos,Fortaleza,Fortaleza,Site,Cartão de Débito,1,5456.04,0.1
PED05558,2026-03-26,Impressora,Informática,Sobral,Interior,Loja Física,Cartão de Crédito,2,1072.84,0.1
PED08238,2026-03-26,Headset,Acessórios,Fortaleza,Fortaleza,Site,PIX,1,173.74,0.0
PED06112,2026-03-26,Caixa de Som,Áudio,Fortaleza,Fortaleza,Loja Física,Cartão de Crédito,3,581.4,0.05
PED05894,2026-03-27,Mesa Escritório,Móveis,Itapipoca,Interior,Loja Física,Cartão de Débito,2,724.16,0.0
PED01421,2026-03-27,Cadeira Gamer,Móveis,Sobral,Interior,Marketplace,Boleto,1,2127.22,0.15
PED06682,2026-03-27,Headset,Acessórios,Fortaleza,Fortaleza,Marketplace,Cartão de Crédito,1,457.77,0.1
PED06675,2026-03-27,Teclado,Acessórios,Fortaleza,Fortaleza,Marketplace,Cartão de Débito,1,83.73,0.0
PED06395,2026-03-27,Impressora,Informática,Itapipoca,Interior,Loja Física,PIX,4,1667.28,0.0
PED05970,2026-03-27,Impressora,Informática,Sobral,Interior,Site,Cartão de Débito,1,1436.53,0.0
PED01643,2026-03-27,Fone Bluetooth,Áudio,Fortaleza,Fortaleza,Loja Física,Boleto,1,94.49,0.0
PED02753,2026-03-27,Fone Bluetooth,Áudio,Fortaleza,Fortaleza,Site,Cartão de Crédito,1,565.71,0.0
PED07039,2026-03-27,Memória RAM,Informática,Caucaia,Região Metropolitana,Loja Física,Cartão de Crédito,2,314.22,0.1
PED09869,2026-03-27,Notebook,Eletrônicos,Fortaleza,Fortaleza,Site,Cartão de Débito,2,4345.67,0.0
PED07282,2026-03-27,Cadeira Gamer,Móveis,Itapipoca,Interior,Site,Boleto,1,802.68,0.0
PED00899,2026-03-27,Teclado,Acessórios,Fortaleza,Fortaleza,Site,Cartão de Débito,1,397.9,0.15
PED00687,2026-03-27,Memória RAM,Informática,Itapipoca,Interior,Site,Cartão de Débito,3,459.47,0.0
PED09662,2026-03-27,Memória RAM,Informática,Fortaleza,Fortaleza,Marketplace,Cartão de Débito,1,358.21,0.0
PED04781,2026-03-27,SSD 1TB,Informática,Fortaleza,Fortaleza,Marketplace,Boleto,1,617.57,0.0
PED08913,2026-03-27,Mesa Escritório,Móveis,Maracanaú,Região Metropolitana,Marketplace,Boleto,1,1355.02,0.1
PED09478,2026-03-27,Impressora,Informática,Fortaleza,Fortaleza,Site,Boleto,1,1768.77,0.05
PED04080,2026-03-27,Caixa de Som,Áudio,Itapipoca,Interior,Loja Física,Cartão de Crédito,4,631.78,0.0
PED04274,2026-03-27,Memória RAM,Informática,Fortaleza,Fortaleza,Loja Física,Boleto,1,254.57,0.0
PED09298,2026-03-27,Caixa de Som,Áudio,Fortaleza,Fortaleza,Site,Cartão de Crédito,1,436.98,0.0
PED04333,2026-03-28,Memória RAM,Informática,Fortaleza,Fortaleza,Marketplace,Cartão de Débito,1,354.92,0.05
PED09093,2026-03-28,Monitor,Eletrônicos,Itapipoca,Interior,Site,PIX,2,1396.94,0.05
PED08310,2026-03-28,Notebook,Eletrônicos,Fortaleza,Fortaleza,Site,Cartão de Crédito,1,3585.33,0.0
PED07833,2026-03-28,Webcam,Acessórios,Fortaleza,Fortaleza,Site,Cartão de Débito,2,536.94,0.0
PED09556,2026-03-28,Webcam,Acessórios,Maracanaú,Região Metropolitana,Site,Boleto,1,402.4,0.1
PED05157,2026-03-28,Teclado,Acessórios,Fortaleza,Fortaleza,Site,Boleto,1,335.25,0.0
PED03359,2026-03-28,Smartphone,Eletrônicos,Juazeiro do Norte,Interior,Loja Física,Boleto,3,2086.78,0.0
PED07337,2026-03-28,Roteador,Informática,Fortaleza,Fortaleza,Site,Cartão de Débito,1,451.78,0.0
PED07286,2026-03-28,Headset,Acessórios,Fortaleza,Fortaleza,Marketplace,Cartão de Débito,2,130.35,0.0
PED06562,2026-03-28,Mouse,Acessórios,Maracanaú,Região Metropolitana,Site,PIX,1,132.47,0.15
PED02888,2026-03-28,SSD 1TB,Informática,Fortaleza,Fortaleza,Loja Física,PIX,1,589.28,0.0
PED01751,2026-03-28,Impressora,Informática,Fortaleza,Fortaleza,Loja Física,Cartão de Crédito,2,1302.08,0.0
PED07694,2026-03-28,Fone Bluetooth,Áudio,Caucaia,Região Metropolitana,Site,Cartão de Crédito,1,300.33,0.0
PED07383,2026-03-28,Mouse,Acessórios,Juazeiro do Norte,Interior,Marketplace,Cartão de Débito,2,255.1,0.1
PED04702,2026-03-28,Impressora,Informática,Fortaleza,Fortaleza,Site,PIX,1,1096.96,0.0
PED09325,2026-03-28,SSD 1TB,Informática,Sobral,Interior,Loja Física,Cartão de Débito,2,507.97,0.1
PED02153,2026-03-28,Memória RAM,Informática,Caucaia,Região Metropolitana,Loja Física,Cartão de Débito,2,519.46,0.1
PED08904,2026-03-29,Webcam,Acessórios,Fortaleza,Fortaleza,Site,PIX,1,392.71,0.0
PED08228,2026-03-29,Memória RAM,Informática,Fortaleza,Fortaleza,Loja Física,PIX,1,255.85,0.05
PED08082,2026-03-29,Roteador,Informática,Juazeiro do Norte,Interior,Loja Física,Cartão de Débito,1,340.44,0.1
PED02759,2026-03-29,Caixa de Som,Áudio,Fortaleza,Fortaleza,Site,Boleto,4,457.45,0.15
PED05227,2026-03-29,Headset,Acessórios,Juazeiro do Norte,Interior,Site,Cartão de Crédito,2,252.74,0.05
PED04709,2026-03-29,Fone Bluetooth,Áudio,Fortaleza,Fortaleza,Site,Cartão de Crédito,1,403.39,0.0
PED04776,2026-03-29,Cadeira Gamer,Móveis,Juazeiro do Norte,Interior,Loja Física,Boleto,1,1643.92,0.1
PED01089,2026-03-29,Teclado,Acessórios,Itapipoca,Interior,Marketplace,PIX,3,387.87,0.0
PED01155,2026-03-29,Cadeira Gamer,Móveis,Fortaleza,Fortaleza,Marketplace,Boleto,2,1101.18,0.05
PED09468,2026-03-29,Impressora,Informática,Juazeiro do Norte,Interior,Loja Física,Cartão de Crédito,2,1645.36,0.1
PED03912,2026-03-29,Mouse,Acessórios,Itapipoca,Interior,Site,Cartão de Débito,1,239.43,0.15
PED03014,2026-03-29,Mouse,Acessórios,Fortaleza,Fortaleza,Marketplace,Cartão de Débito,1,54.72,0.0
PED09019,2026-03-29,Webcam,Acessórios,Fortaleza,Fortaleza,Loja Física,Cartão de Débito,3,487.89,0.0
PED01228,2026-03-29,Mouse,Acessórios,Sobral,Interior,Loja Física,Cartão de Débito,1,109.89,0.05
PED05213,2026-03-29,Cadeira Gamer,Móveis,Fortaleza,Fortaleza,Site,Cartão de Crédito,1,1555.28,0.0
PED00127,2026-03-29,SSD 1TB,Informática,Juazeiro do Norte,Interior,Site,Cartão de Débito,2,516.41,0.0
PED09763,2026-03-29,Webcam,Acessórios,Fortaleza,Fortaleza,Marketplace,Cartão de Crédito,3,123.17,0.0
PED07249,2026-03-29,Mouse,Acessórios,Maracanaú,Região Metropolitana,Loja Física,Cartão de Débito,3,298.03,0.0
PED00109,2026-03-29,Teclado,Acessórios,Caucaia,Região Metropolitana,Loja Física,Cartão de Crédito,1,171.48,0.0
PED05085,2026-03-30,Notebook,Eletrônicos,Fortaleza,Fortaleza,Loja Física,Cartão de Débito,1,3343.75,0.0
PED03661,2026-03-30,Mouse,Acessórios,Juazeiro do Norte,Interior,Loja Física,Cartão de Crédito,3,276.97,0.0
PED00972,2026-03-30,Caixa de Som,Áudio,Caucaia,Região Metropolitana,Loja Física,PIX,2,602.34,0.15
PED02123,2026-03-30,Monitor,Eletrônicos,Sobral,Interior,Marketplace,Boleto,1,1433.72,0.1
PED09661,2026-03-30,Notebook,Eletrônicos,Fortaleza,Fortaleza,Loja Física,PIX,3,4083.44,0.0
PED09978,2026-03-30,Roteador,Informática,Fortaleza,Fortaleza,Site,Cartão de Crédito,1,410.39,0.0
PED01615,2026-03-30,Smartphone,Eletrônicos,Itapipoca,Interior,Site,Cartão de Crédito,2,1596.94,0.0
PED07344,2026-03-30,Cadeira Gamer,Móveis,Fortaleza,Fortaleza,Loja Física,Cartão de Débito,3,1474.94,0.0
PED05958,2026-03-30,Memória RAM,Informática,Fortaleza,Fortaleza,Marketplace,Cartão de Crédito,4,263.75,0.0
PED03220,2026-03-30,Mesa Escritório,Móveis,Fortaleza,Fortaleza,Loja Física,Cartão de Crédito,1,1331.06,0.1
PED03034,2026-03-30,Webcam,Acessórios,Juazeiro do Norte,Interior,Loja Física,Cartão de Crédito,2,443.94,0.0
PED00645,2026-03-30,Memória RAM,Informática,Caucaia,Região Metropolitana,Site,Cartão de Débito,1,370.03,0.0
PED05464,2026-03-30,Smartphone,Eletrônicos,Itapipoca,Interior,Loja Física,PIX,1,3825.4,0.0
PED06502,2026-03-30,Mesa Escritório,Móveis,Caucaia,Região Metropolitana,Marketplace,Boleto,1,1205.97,0.1
PED09359,2026-03-30,SSD 1TB,Informática,Caucaia,Região Metropolitana,Loja Física,Cartão de Crédito,2,556.23,0.1
PED09579,2026-03-31,Memória RAM,Informática,Fortaleza,Fortaleza,Loja Física,Cartão de Crédito,3,392.22,0.0
PED09949,2026-03-31,Mesa Escritório,Móveis,Maracanaú,Região Metropolitana,Marketplace,Cartão de Débito,1,734.27,0.0
PED01135,2026-03-31,Headset,Acessórios,Sobral,Interior,Loja Física,Boleto,3,274.08,0.05
PED02831,2026-03-31,Caixa de Som,Áudio,Sobral,Interior,Site,Cartão de Crédito,1,741.12,0.0
PED02874,2026-03-31,Roteador,Informática,Itapipoca,Interior,Loja Física,Cartão de Crédito,1,340.36,0.0
PED04924,2026-03-31,Teclado,Acessórios,Caucaia,Região Metropolitana,Loja Física,Cartão de Débito,3,364.25,0.0
PED02408,2026-03-31,Monitor,Eletrônicos,Sobral,Interior,Loja Física,Cartão de Crédito,1,1420.33,0.0
PED03732,2026-03-31,Mesa Escritório,Móveis,Fortaleza,Fortaleza,Loja Física,Cartão de Débito,1,1141.77,0.0
PED08917,2026-03-31,Cadeira Gamer,Móveis,Juazeiro do Norte,Interior,Marketplace,PIX,1,1590.44,0.0
PED03107,2026-03-31,Mesa Escritório,Móveis,Fortaleza,Fortaleza,Loja Física,Cartão de Débito,1,1171.95,0.0
PED09319,2026-03-31,Teclado,Acessórios,Fortaleza,Fortaleza,Marketplace,Cartão de Débito,1,317.1,0.0
PED00210,2026-03-31,Mouse,Acessórios,Caucaia,Região Metropolitana,Site,Boleto,2,51.01,0.0
PED08536,2026-03-31,Notebook,Eletrônicos,Fortaleza,Fortaleza,Marketplace,PIX,2,4337.56,0.15
PED05487,2026-03-31,Fone Bluetooth,Áudio,Fortaleza,Fortaleza,Loja Física,Cartão de Débito,1,161.5,0.1
PED00716,2026-03-31,Headset,Acessórios,Sobral,Interior,Marketplace,PIX,2,457.55,0.1
PED03700,2026-03-31,Teclado,Acessórios,Caucaia,Região Metropolitana,Loja Física,PIX,1,90.97,0.1
PED00187,2026-03-31,Notebook,Eletrônicos,Caucaia,Região Metropolitana,Marketplace,Cartão de Débito,2,5682.89,0.0
PED06734,2026-03-31,Mesa Escritório,Móveis,Fortaleza,Fortaleza,Site,PIX,1,615.0,0.0
PED03599,2026-03-31,Webcam,Acessórios,Itapipoca,Interior,Site,PIX,4,606.64,0.0
PED08692,2026-04-01,SSD 1TB,Informática,Maracanaú,Região Metropolitana,Site,PIX,1,632.68,0.05
PED08833,2026-04-01,Fone Bluetooth,Áudio,Sobral,Interior,Loja Física,Cartão de Débito,2,473.07,0.0
PED04187,2026-04-01,Roteador,Informática,Caucaia,Região Metropolitana,Site,Cartão de Crédito,2,518.73,0.0
PED05520,2026-04-01,Monitor,Eletrônicos,Caucaia,Região Metropolitana,Loja Física,Cartão de Débito,1,1043.42,0.1
PED01874,2026-04-01,Caixa de Som,Áudio,Itapipoca,Interior,Marketplace,PIX,2,171.08,0.0
PED06879,2026-04-01,Mouse,Acessórios,Sobral,Interior,Site,Cartão de Débito,1,143.52,0.05
PED07315,2026-04-01,Headset,Acessórios,Itapipoca,Interior,Site,Boleto,1,248.47,0.0
PED01387,2026-04-01,Notebook,Eletrônicos,Maracanaú,Região Metropolitana,Loja Física,Cartão de Débito,1,6377.23,0.05
PED03634,2026-04-01,SSD 1TB,Informática,Fortaleza,Fortaleza,Marketplace,PIX,1,374.16,0.05
PED02882,2026-04-01,Teclado,Acessórios,Caucaia,Região Metropolitana,Site,Cartão de Crédito,1,395.81,0.0
PED03957,2026-04-01,Monitor,Eletrônicos,Sobral,Interior,Marketplace,Cartão de Débito,1,877.29,0.05
PED00796,2026-04-01,Notebook,Eletrônicos,Caucaia,Região Metropolitana,Marketplace,Cartão de Débito,1,4582.92,0.1
PED09677,2026-04-01,Headset,Acessórios,Sobral,Interior,Loja Física,PIX,1,247.81,0.0
PED03229,2026-04-01,Smartphone,Eletrônicos,Fortaleza,Fortaleza,Site,Cartão de Crédito,2,3859.27,0.05
PED03088,2026-04-01,Roteador,Informática,Fortaleza,Fortaleza,Site,Boleto,1,298.14,0.05
PED01869,2026-04-01,Roteador,Informática,Sobral,Interior,Loja Física,Cartão de Crédito,2,363.8,0.15
PED01017,2026-04-01,Impressora,Informática,Maracanaú,Região Metropolitana,Marketplace,PIX,1,991.24,0.1
PED03054,2026-04-01,Impressora,Informática,Caucaia,Região Metropolitana,Loja Física,Cartão de Crédito,4,1043.71,0.1
PED09506,2026-04-01,SSD 1TB,Informática,Sobral,Interior,Loja Física,PIX,2,564.91,0.0
PED09762,2026-04-01,Monitor,Eletrônicos,Sobral,Interior,Loja Física,Cartão de Crédito,1,1364.7,0.05
PED00953,2026-04-01,Webcam,Acessórios,Fortaleza,Fortaleza,Site,Boleto,1,131.38,0.0
PED07413,2026-04-01,Caixa de Som,Áudio,Juazeiro do Norte,Interior,Loja Física,PIX,1,455.82,0.05
PED00217,2026-04-01,Monitor,Eletrônicos,Sobral,Interior,Loja Física,Cartão de Débito,1,1484.8,0.1
PED01037,2026-04-01,Monitor,Eletrônicos,Maracanaú,Região Metropolitana,Loja Física,Cartão de Crédito,1,822.09,0.0
PED08502,2026-04-01,Smartphone,Eletrônicos,Itapipoca,Interior,Marketplace,Cartão de Crédito,2,3887.99,0.1
PED08286,2026-04-01,Mouse,Acessórios,Itapipoca,Interior,Loja Física,Cartão de Crédito,1,86.48,0.0
PED05467,2026-04-01,Smartphone,Eletrônicos,Itapipoca,Interior,Loja Física,Boleto,2,1667.07,0.15
PED08428,2026-04-02,Fone Bluetooth,Áudio,Fortaleza,Fortaleza,Loja Física,PIX,1,460.57,0.0
PED08553,2026-04-02,Monitor,Eletrônicos,Fortaleza,Fortaleza,Loja Física,Cartão de Débito,1,738.14,0.05
PED04716,2026-04-02,Memória RAM,Informática,Fortaleza,Fortaleza,Marketplace,Cartão de Débito,1,417.46,0.1
PED06154,2026-04-02,Caixa de Som,Áudio,Fortaleza,Fortaleza,Site,Cartão de Crédito,2,725.19,0.0
PED08482,2026-04-02,Fone Bluetooth,Áudio,Sobral,Interior,Site,PIX,1,617.26,0.0
PED06178,2026-04-02,Fone Bluetooth,Áudio,Caucaia,Região Metropolitana,Marketplace,Cartão de Crédito,1,482.24,0.1
PED01229,2026-04-02,Roteador,Informática,Maracanaú,Região Metropolitana,Loja Física,Boleto,2,322.2,0.0
PED00832,2026-04-02,Smartphone,Eletrônicos,Fortaleza,Fortaleza,Site,PIX,1,2074.92,0.1
PED02735,2026-04-02,Smartphone,Eletrônicos,Juazeiro do Norte,Interior,Loja Física,PIX,2,2784.21,0.0
PED07430,2026-04-02,Cadeira Gamer,Móveis,Itapipoca,Interior,Site,Cartão de Débito,3,1166.06,0.0
PED05656,2026-04-02,Cadeira Gamer,Móveis,Maracanaú,Região Metropolitana,Marketplace,PIX,1,1079.39,0.0
PED06099,2026-04-02,Mouse,Acessórios,Juazeiro do Norte,Interior,Site,PIX,1,244.35,0.05
PED00976,2026-04-02,Fone Bluetooth,Áudio,Caucaia,Região Metropolitana,Marketplace,Cartão de Crédito,3,585.92,0.05
PED05051,2026-04-02,Webcam,Acessórios,Maracanaú,Região Metropolitana,Marketplace,Cartão de Débito,2,415.06,0.15
PED00694,2026-04-02,Cadeira Gamer,Móveis,Fortaleza,Fortaleza,Site,Cartão de Crédito,1,832.21,0.05
PED04416,2026-04-03,Mesa Escritório,Móveis,Juazeiro do Norte,Interior,Loja Física,Cartão de Crédito,2,500.29,0.0
PED05182,2026-04-03,Mouse,Acessórios,Fortaleza,Fortaleza,Marketplace,Boleto,1,138.0,0.05
PED01644,2026-04-03,Caixa de Som,Áudio,Itapipoca,Interior,Site,Boleto,2,239.05,0.0
PED02345,2026-04-03,Fone Bluetooth,Áudio,Juazeiro do Norte,Interior,Marketplace,Cartão de Débito,1,137.33,0.0
PED07855,2026-04-03,Cadeira Gamer,Móveis,Fortaleza,Fortaleza,Loja Física,Boleto,3,916.5,0.0
PED09383,2026-04-03,Impressora,Informática,Fortaleza,Fortaleza,Loja Física,PIX,4,1379.51,0.05
PED05118,2026-04-03,Monitor,Eletrônicos,Fortaleza,Fortaleza,Site,Boleto,2,1632.31,0.05
PED00268,2026-04-03,Impressora,Informática,Itapipoca,Interior,Marketplace,Cartão de Débito,2,647.63,0.0
PED06801,2026-04-03,Mesa Escritório,Móveis,Sobral,Interior,Site,Cartão de Crédito,1,689.9,0.05
PED08972,2026-04-03,Roteador,Informática,Itapipoca,Interior,Site,Cartão de Crédito,2,536.9,0.1
PED02774,2026-04-03,Teclado,Acessórios,Fortaleza,Fortaleza,Marketplace,PIX,4,100.47,0.0
PED07118,2026-04-03,Memória RAM,Informática,Fortaleza,Fortaleza,Loja Física,PIX,1,495.8,0.0
PED05853,2026-04-03,Teclado,Acessórios,Maracanaú,Região Metropolitana,Site,Cartão de Débito,2,433.27,0.0
PED07499,2026-04-03,Teclado,Acessórios,Juazeiro do Norte,Interior,Marketplace,Boleto,1,109.52,0.1
PED03584,2026-04-03,Notebook,Eletrônicos,Juazeiro do Norte,Interior,Loja Física,PIX,1,3907.25,0.05
PED06425,2026-04-03,Memória RAM,Informática,Fortaleza,Fortaleza,Marketplace,Cartão de Crédito,2,430.32,0.0
PED02460,2026-04-03,Monitor,Eletrônicos,Juazeiro do Norte,Interior,Loja Física,Cartão de Débito,1,1047.92,0.05
PED04641,2026-04-04,Monitor,Eletrônicos,Juazeiro do Norte,Interior,Marketplace,Cartão de Crédito,1,1466.4,0.0
PED02378,2026-04-04,Mouse,Acessórios,Juazeiro do Norte,Interior,Loja Física,Cartão de Crédito,1,297.33,0.05
PED04906,2026-04-04,Monitor,Eletrônicos,Itapipoca,Interior,Marketplace,Cartão de Débito,2,1168.19,0.0
PED04179,2026-04-04,Caixa de Som,Áudio,Itapipoca,Interior,Marketplace,Cartão de Crédito,1,565.13,0.0
PED07797,2026-04-04,Smartphone,Eletrônicos,Itapipoca,Interior,Marketplace,Boleto,1,2591.53,0.1
PED06771,2026-04-04,Mesa Escritório,Móveis,Caucaia,Região Metropolitana,Loja Física,Boleto,1,1561.78,0.0
PED07273,2026-04-04,Webcam,Acessórios,Fortaleza,Fortaleza,Loja Física,PIX,1,453.63,0.0
PED04382,2026-04-04,Notebook,Eletrônicos,Maracanaú,Região Metropolitana,Marketplace,Cartão de Crédito,3,6314.0,0.0
PED08241,2026-04-04,Memória RAM,Informática,Maracanaú,Região Metropolitana,Loja Física,Cartão de Crédito,3,410.78,0.05
PED03040,2026-04-04,Mesa Escritório,Móveis,Fortaleza,Fortaleza,Site,Cartão de Débito,1,1134.26,0.0
PED05144,2026-04-04,Teclado,Acessórios,Fortaleza,Fortaleza,Marketplace,Boleto,3,259.13,0.0
PED07766,2026-04-04,Smartphone,Eletrônicos,Itapipoca,Interior,Site,Cartão de Débito,1,3820.82,0.05
PED03722,2026-04-04,Cadeira Gamer,Móveis,Fortaleza,Fortaleza,Site,Cartão de Débito,1,914.76,0.0
PED07867,2026-04-04,Caixa de Som,Áudio,Maracanaú,Região Metropolitana,Marketplace,Boleto,2,249.08,0.05
PED07752,2026-04-04,Notebook,Eletrônicos,Caucaia,Região Metropolitana,Site,Cartão de Débito,2,5370.38,0.0
PED04946,2026-04-04,Cadeira Gamer,Móveis,Itapipoca,Interior,Marketplace,PIX,2,929.56,0.05
PED03536,2026-04-04,Smartphone,Eletrônicos,Itapipoca,Interior,Site,Boleto,1,2434.99,0.0
PED02133,2026-04-04,Roteador,Informática,Juazeiro do Norte,Interior,Loja Física,Cartão de Débito,1,295.12,0.0
PED02261,2026-04-05,Mesa Escritório,Móveis,Maracanaú,Região Metropolitana,Loja Física,PIX,1,546.03,0.0
PED06012,2026-04-05,Headset,Acessórios,Fortaleza,Fortaleza,Loja Física,Cartão de Débito,2,409.43,0.0
PED04349,2026-04-05,Notebook,Eletrônicos,Juazeiro do Norte,Interior,Loja Física,Cartão de Débito,1,4663.43,0.0
PED08485,2026-04-05,Roteador,Informática,Itapipoca,Interior,Loja Física,Cartão de Débito,2,463.22,0.0
PED08511,2026-04-05,SSD 1TB,Informática,Itapipoca,Interior,Loja Física,Cartão de Crédito,2,643.71,0.05
PED05389,2026-04-05,Monitor,Eletrônicos,Sobral,Interior,Marketplace,Cartão de Débito,1,808.72,0.1
PED05830,2026-04-05,Fone Bluetooth,Áudio,Fortaleza,Fortaleza,Site,Cartão de Débito,3,262.03,0.0
PED02535,2026-04-05,Roteador,Informática,Juazeiro do Norte,Interior,Site,Cartão de Crédito,1,247.55,0.0
PED05813,2026-04-05,Mouse,Acessórios,Caucaia,Região Metropolitana,Marketplace,Boleto,1,222.69,0.0
PED06750,2026-04-05,Mesa Escritório,Móveis,Juazeiro do Norte,Interior,Site,PIX,1,1227.51,0.0
PED02856,2026-04-05,Monitor,Eletrônicos,Itapipoca,Interior,Loja Física,PIX,3,655.64,0.0
PED05756,2026-04-05,Mouse,Acessórios,Itapipoca,Interior,Marketplace,PIX,1,131.26,0.0
PED07024,2026-04-06,Webcam,Acessórios,Fortaleza,Fortaleza,Marketplace,Boleto,1,141.62,0.1
PED00780,2026-04-06,Memória RAM,Informática,Maracanaú,Região Metropolitana,Loja Física,PIX,1,285.71,0.15
PED00874,2026-04-06,Notebook,Eletrônicos,Juazeiro do Norte,Interior,Site,Boleto,3,4660.44,0.0
PED08840,2026-04-06,Notebook,Eletrônicos,Sobral,Interior,Loja Física,PIX,2,4673.79,0.05
PED05084,2026-04-06,Monitor,Eletrônicos,Fortaleza,Fortaleza,Loja Física,PIX,2,1875.28,0.0
PED01620,2026-04-06,Mouse,Acessórios,Fortaleza,Fortaleza,Site,Boleto,1,186.45,0.05
PED01887,2026-04-06,Notebook,Eletrônicos,Fortaleza,Fortaleza,Marketplace,Cartão de Crédito,2,5670.41,0.0
PED04668,2026-04-06,Cadeira Gamer,Móveis,Fortaleza,Fortaleza,Site,Cartão de Débito,1,1915.45,0.0
PED01783,2026-04-06,Memória RAM,Informática,Fortaleza,Fortaleza,Marketplace,PIX,1,472.19,0.0
PED01579,2026-04-06,Webcam,Acessórios,Caucaia,Região Metropolitana,Loja Física,Cartão de Crédito,1,352.03,0.1
PED05038,2026-04-06,Headset,Acessórios,Caucaia,Região Metropolitana,Loja Física,Cartão de Crédito,1,267.12,0.05
PED09289,2026-04-07,Teclado,Acessórios,Fortaleza,Fortaleza,Marketplace,PIX,2,290.16,0.1
PED05031,2026-04-07,Mesa Escritório,Móveis,Fortaleza,Fortaleza,Loja Física,Boleto,2,558.21,0.05
PED03301,2026-04-07,Headset,Acessórios,Fortaleza,Fortaleza,Marketplace,Cartão de Débito,1,106.6,0.0
PED09239,2026-04-07,Cadeira Gamer,Móveis,Juazeiro do Norte,Interior,Marketplace,Cartão de Débito,1,776.14,0.1
PED07232,2026-04-07,Cadeira Gamer,Móveis,Caucaia,Região Metropolitana,Loja Física,Boleto,1,1306.45,0.0
PED06354,2026-04-07,Webcam,Acessórios,Sobral,Interior,Loja Física,Cartão de Débito,2,350.25,0.0
PED06344,2026-04-07,Fone Bluetooth,Áudio,Itapipoca,Interior,Loja Física,PIX,1,147.31,0.1
PED04107,2026-04-07,Impressora,Informática,Sobral,Interior,Loja Física,Cartão de Crédito,1,873.3,0.05
PED09464,2026-04-07,Monitor,Eletrônicos,Caucaia,Região Metropolitana,Loja Física,Boleto,1,682.57,0.0
PED02529,2026-04-07,Webcam,Acessórios,Fortaleza,Fortaleza,Marketplace,Boleto,1,412.57,0.0
PED09492,2026-04-07,Headset,Acessórios,Fortaleza,Fortaleza,Loja Física,Cartão de Crédito,1,245.48,0.05
PED04367,2026-04-07,Roteador,Informática,Fortaleza,Fortaleza,Site,Boleto,3,275.94,0.15
PED08022,2026-04-07,Teclado,Acessórios,Fortaleza,Fortaleza,Site,Cartão de Débito,1,345.93,0.05
PED04261,2026-04-07,Caixa de Som,Áudio,Fortaleza,Fortaleza,Loja Física,Boleto,1,689.4,0.05
PED01594,2026-04-07,Mesa Escritório,Móveis,Fortaleza,Fortaleza,Marketplace,Cartão de Débito,1,1103.47,0.0
PED08526,2026-04-07,Headset,Acessórios,Fortaleza,Fortaleza,Loja Física,Cartão de Débito,1,212.2,0.0
PED01853,2026-04-07,Fone Bluetooth,Áudio,Fortaleza,Fortaleza,Marketplace,Cartão de Crédito,3,587.15,0.05
PED06452,2026-04-08,Roteador,Informática,Maracanaú,Região Metropolitana,Marketplace,Cartão de Crédito,1,390.28,0.0
PED03208,2026-04-08,Roteador,Informática,Juazeiro do Norte,Interior,Site,Boleto,2,251.61,0.0
PED01713,2026-04-08,Mesa Escritório,Móveis,Juazeiro do Norte,Interior,Site,Cartão de Débito,4,830.11,0.0
PED03447,2026-04-08,Fone Bluetooth,Áudio,Itapipoca,Interior,Loja Física,Cartão de Crédito,1,372.73,0.0
PED04336,2026-04-08,Memória RAM,Informática,Fortaleza,Fortaleza,Marketplace,Cartão de Crédito,1,466.74,0.0
PED02706,2026-04-08,SSD 1TB,Informática,Fortaleza,Fortaleza,Loja Física,Cartão de Crédito,2,314.6,0.0
PED08941,2026-04-08,Notebook,Eletrônicos,Fortaleza,Fortaleza,Site,Cartão de Débito,2,5565.58,0.0
PED05837,2026-04-08,Cadeira Gamer,Móveis,Juazeiro do Norte,Interior,Site,Boleto,2,1165.22,0.1
PED05909,2026-04-08,Memória RAM,Informática,Sobral,Interior,Site,PIX,1,467.87,0.0
PED05814,2026-04-08,SSD 1TB,Informática,Juazeiro do Norte,Interior,Site,Boleto,2,289.37,0.0
PED02304,2026-04-08,Monitor,Eletrônicos,Fortaleza,Fortaleza,Site,Boleto,1,1517.44,0.0
PED06128,2026-04-08,Roteador,Informática,Itapipoca,Interior,Marketplace,PIX,1,597.33,0.1
PED07093,2026-04-08,Teclado,Acessórios,Caucaia,Região Metropolitana,Site,Boleto,1,211.28,0.0
PED05251,2026-04-08,Memória RAM,Informática,Fortaleza,Fortaleza,Loja Física,Boleto,1,511.5,0.0
PED01283,2026-04-08,Smartphone,Eletrônicos,Fortaleza,Fortaleza,Site,Cartão de Crédito,1,3310.72,0.1
PED09598,2026-04-08,Headset,Acessórios,Sobral,Interior,Site,Cartão de Débito,3,371.19,0.0
PED03369,2026-04-08,Fone Bluetooth,Áudio,Fortaleza,Fortaleza,Site,Cartão de Crédito,2,347.66,0.0
PED07933,2026-04-08,Headset,Acessórios,Itapipoca,Interior,Site,PIX,1,226.58,0.0
PED03410,2026-04-08,Webcam,Acessórios,Juazeiro do Norte,Interior,Loja Física,Cartão de Crédito,3,415.36,0.1
PED07813,2026-04-08,Mesa Escritório,Móveis,Fortaleza,Fortaleza,Marketplace,PIX,1,714.37,0.1
PED06945,2026-04-09,Mouse,Acessórios,Fortaleza,Fortaleza,Site,PIX,1,67.83,0.0
PED09697,2026-04-09,Mesa Escritório,Móveis,Fortaleza,Fortaleza,Site,Cartão de Crédito,1,989.19,0.1
PED00806,2026-04-09,Webcam,Acessórios,Caucaia,Região Metropolitana,Site,Cartão de Crédito,2,168.19,0.1
PED09737,2026-04-09,SSD 1TB,Informática,Fortaleza,Fortaleza,Marketplace,PIX,1,467.87,0.0
PED06598,2026-04-09,Smartphone,Eletrônicos,Sobral,Interior,Loja Física,Cartão de Débito,1,1634.08,0.0
PED06592,2026-04-09,Memória RAM,Informática,Fortaleza,Fortaleza,Marketplace,Boleto,2,512.96,0.1
PED08240,2026-04-09,Caixa de Som,Áudio,Fortaleza,Fortaleza,Loja Física,PIX,1,230.07,0.15
PED03234,2026-04-09,Notebook,Eletrônicos,Fortaleza,Fortaleza,Site,Cartão de Débito,1,4665.37,0.0
PED01356,2026-04-09,Mesa Escritório,Móveis,Fortaleza,Fortaleza,Site,Cartão de Débito,1,1588.26,0.05
PED04031,2026-04-09,Webcam,Acessórios,Fortaleza,Fortaleza,Site,PIX,3,152.44,0.0
PED03130,2026-04-09,SSD 1TB,Informática,Fortaleza,Fortaleza,Marketplace,PIX,2,401.14,0.0
PED09911,2026-04-09,Caixa de Som,Áudio,Fortaleza,Fortaleza,Marketplace,Boleto,1,685.08,0.05
PED05341,2026-04-09,Memória RAM,Informática,Caucaia,Região Metropolitana,Marketplace,Boleto,2,171.41,0.05
PED04949,2026-04-09,Notebook,Eletrônicos,Fortaleza,Fortaleza,Site,PIX,2,5156.62,0.0
PED07528,2026-04-09,Impressora,Informática,Fortaleza,Fortaleza,Site,PIX,2,922.71,0.05
PED03218,2026-04-09,Mouse,Acessórios,Fortaleza,Fortaleza,Marketplace,PIX,2,99.32,0.05
PED09029,2026-04-09,Fone Bluetooth,Áudio,Juazeiro do Norte,Interior,Site,Cartão de Crédito,2,283.18,0.05
PED05497,2026-04-09,Impressora,Informática,Maracanaú,Região Metropolitana,Loja Física,Cartão de Débito,1,1327.7,0.0
PED04821,2026-04-09,Mesa Escritório,Móveis,Fortaleza,Fortaleza,Marketplace,Cartão de Débito,1,638.52,0.05
PED00934,2026-04-09,Notebook,Eletrônicos,Fortaleza,Fortaleza,Site,Cartão de Crédito,1,3897.51,0.05
PED01763,2026-04-09,Mouse,Acessórios,Fortaleza,Fortaleza,Site,Boleto,1,53.23,0.0
PED05942,2026-04-10,Memória RAM,Informática,Juazeiro do Norte,Interior,Site,Boleto,3,539.67,0.1
PED04863,2026-04-10,Mouse,Acessórios,Maracanaú,Região Metropolitana,Loja Física,PIX,1,85.31,0.1
PED02439,2026-04-10,Headset,Acessórios,Fortaleza,Fortaleza,Loja Física,Cartão de Crédito,1,479.39,0.0
PED04419,2026-04-10,Headset,Acessórios,Caucaia,Região Metropolitana,Site,Cartão de Débito,1,245.65,0.0
PED00008,2026-04-10,Smartphone,Eletrônicos,Sobral,Interior,Marketplace,Cartão de Débito,2,1485.55,0.0
PED01819,2026-04-10,Smartphone,Eletrônicos,Juazeiro do Norte,Interior,Site,Cartão de Crédito,1,3011.33,0.0
PED04835,2026-04-10,Headset,Acessórios,Fortaleza,Fortaleza,Marketplace,Cartão de Débito,1,107.51,0.0
PED02196,2026-04-10,Notebook,Eletrônicos,Fortaleza,Fortaleza,Site,Cartão de Crédito,1,5607.54,0.0
PED06900,2026-04-10,Memória RAM,Informática,Fortaleza,Fortaleza,Marketplace,Boleto,1,324.82,0.0
PED02172,2026-04-10,Headset,Acessórios,Fortaleza,Fortaleza,Loja Física,Cartão de Débito,1,470.7,0.0
PED03753,2026-04-10,Cadeira Gamer,Móveis,Juazeiro do Norte,Interior,Site,PIX,1,1990.23,0.0
PED05290,2026-04-10,Teclado,Acessórios,Caucaia,Região Metropolitana,Loja Física,Cartão de Débito,1,356.68,0.0
PED06467,2026-04-10,Mesa Escritório,Móveis,Fortaleza,Fortaleza,Loja Física,Cartão de Débito,4,1390.18,0.1
PED00549,2026-04-11,Memória RAM,Informática,Juazeiro do Norte,Interior,Loja Física,PIX,1,542.24,0.0
PED01363,2026-04-11,Memória RAM,Informática,Itapipoca,Interior,Marketplace,Cartão de Débito,2,265.36,0.0
PED02684,2026-04-11,Memória RAM,Informática,Itapipoca,Interior,Site,Cartão de Débito,1,451.76,0.05
PED06076,2026-04-11,Mesa Escritório,Móveis,Caucaia,Região Metropolitana,Site,Cartão de Débito,3,697.86,0.1
PED03823,2026-04-11,Impressora,Informática,Juazeiro do Norte,Interior,Marketplace,Cartão de Débito,1,584.15,0.1
PED05928,2026-04-11,Impressora,Informática,Caucaia,Região Metropolitana,Site,Boleto,1,1290.71,0.05
PED06899,2026-04-11,Fone Bluetooth,Áudio,Sobral,Interior,Loja Física,Cartão de Crédito,1,194.14,0.0
PED01681,2026-04-11,SSD 1TB,Informática,Fortaleza,Fortaleza,Loja Física,PIX,1,605.68,0.05
PED00870,2026-04-11,Webcam,Acessórios,Juazeiro do Norte,Interior,Loja Física,PIX,1,265.4,0.0
PED09263,2026-04-11,SSD 1TB,Informática,Itapipoca,Interior,Marketplace,Cartão de Crédito,1,452.11,0.1
PED07914,2026-04-11,Headset,Acessórios,Caucaia,Região Metropolitana,Loja Física,PIX,1,247.47,0.15
PED01331,2026-04-11,Mesa Escritório,Móveis,Fortaleza,Fortaleza,Site,PIX,1,1419.54,0.0
PED07923,2026-04-11,Webcam,Acessórios,Maracanaú,Região Metropolitana,Marketplace,Cartão de Crédito,1,244.52,0.0
PED02352,2026-04-11,Monitor,Eletrônicos,Caucaia,Região Metropolitana,Marketplace,Cartão de Crédito,2,1125.18,0.15
PED01256,2026-04-11,Notebook,Eletrônicos,Fortaleza,Fortaleza,Marketplace,Cartão de Débito,1,6233.2,0.15
PED02989,2026-04-11,Smartphone,Eletrônicos,Fortaleza,Fortaleza,Marketplace,Cartão de Crédito,2,1428.26,0.0
PED05801,2026-04-11,Mouse,Acessórios,Fortaleza,Fortaleza,Site,PIX,2,80.18,0.1
PED00946,2026-04-11,Webcam,Acessórios,Sobral,Interior,Marketplace,Boleto,1,481.81,0.05
PED08724,2026-04-11,Caixa de Som,Áudio,Fortaleza,Fortaleza,Site,Cartão de Débito,2,117.2,0.0
PED00143,2026-04-11,Mouse,Acessórios,Fortaleza,Fortaleza,Loja Física,Cartão de Crédito,1,206.84,0.1
PED03687,2026-04-11,Teclado,Acessórios,Fortaleza,Fortaleza,Marketplace,Cartão de Crédito,3,390.25,0.05
PED06358,2026-04-11,Smartphone,Eletrônicos,Fortaleza,Fortaleza,Loja Física,PIX,1,2359.52,0.0
PED04562,2026-04-12,Mesa Escritório,Móveis,Fortaleza,Fortaleza,Loja Física,PIX,3,1514.4,0.05
PED08618,2026-04-12,Mesa Escritório,Móveis,Sobral,Interior,Site,PIX,3,1427.66,0.0
PED00727,2026-04-12,Smartphone,Eletrônicos,Sobral,Interior,Site,Boleto,3,2593.97,0.0
PED08529,2026-04-12,Memória RAM,Informática,Fortaleza,Fortaleza,Marketplace,Cartão de Débito,2,447.97,0.05
PED09607,2026-04-12,Headset,Acessórios,Itapipoca,Interior,Marketplace,Cartão de Débito,2,201.34,0.0
PED06341,2026-04-12,Fone Bluetooth,Áudio,Fortaleza,Fortaleza,Site,Cartão de Crédito,1,174.6,0.05
PED00745,2026-04-12,Monitor,Eletrônicos,Fortaleza,Fortaleza,Marketplace,Boleto,1,1429.06,0.0
PED00618,2026-04-12,Caixa de Som,Áudio,Fortaleza,Fortaleza,Marketplace,Boleto,1,290.49,0.0
PED01292,2026-04-12,Memória RAM,Informática,Sobral,Interior,Site,Boleto,1,290.69,0.0
PED09508,2026-04-12,Webcam,Acessórios,Fortaleza,Fortaleza,Site,Boleto,1,208.6,0.0
PED09457,2026-04-12,Headset,Acessórios,Itapipoca,Interior,Loja Física,PIX,1,402.28,0.0
PED07207,2026-04-12,Webcam,Acessórios,Fortaleza,Fortaleza,Loja Física,PIX,2,140.03,0.0
PED08911,2026-04-13,Memória RAM,Informática,Juazeiro do Norte,Interior,Marketplace,PIX,1,469.86,0.05
PED07821,2026-04-13,Impressora,Informática,Fortaleza,Fortaleza,Loja Física,PIX,1,771.91,0.0
PED05550,2026-04-13,Monitor,Eletrônicos,Maracanaú,Região Metropolitana,Marketplace,Boleto,1,660.49,0.05
PED06641,2026-04-13,Smartphone,Eletrônicos,Sobral,Interior,Site,PIX,1,1257.48,0.0
PED07768,2026-04-13,SSD 1TB,Informática,Itapipoca,Interior,Marketplace,PIX,1,537.51,0.1
PED03428,2026-04-13,Smartphone,Eletrônicos,Sobral,Interior,Loja Física,Boleto,3,1769.2,0.1
PED02720,2026-04-13,Notebook,Eletrônicos,Juazeiro do Norte,Interior,Site,PIX,1,4886.87,0.0
PED06215,2026-04-13,Mesa Escritório,Móveis,Caucaia,Região Metropolitana,Loja Física,Boleto,1,1349.36,0.0
PED08372,2026-04-13,Mouse,Acessórios,Fortaleza,Fortaleza,Loja Física,Cartão de Débito,1,127.87,0.0
PED04614,2026-04-13,Mouse,Acessórios,Fortaleza,Fortaleza,Loja Física,Cartão de Crédito,2,226.02,0.1
PED00448,2026-04-13,Fone Bluetooth,Áudio,Sobral,Interior,Loja Física,Cartão de Débito,2,481.64,0.0
PED04605,2026-04-13,Cadeira Gamer,Móveis,Juazeiro do Norte,Interior,Marketplace,PIX,2,918.62,0.0
PED06687,2026-04-13,Fone Bluetooth,Áudio,Fortaleza,Fortaleza,Marketplace,Cartão de Débito,1,344.1,0.0
PED02409,2026-04-13,Notebook,Eletrônicos,Fortaleza,Fortaleza,Site,Boleto,2,4266.82,0.15
PED09522,2026-04-14,Monitor,Eletrônicos,Fortaleza,Fortaleza,Marketplace,Cartão de Crédito,1,1603.65,0.0
PED09372,2026-04-14,Notebook,Eletrônicos,Fortaleza,Fortaleza,Site,Cartão de Crédito,1,3896.45,0.05
PED09938,2026-04-14,Impressora,Informática,Juazeiro do Norte,Interior,Site,Cartão de Crédito,1,667.05,0.0
PED08161,2026-04-14,SSD 1TB,Informática,Fortaleza,Fortaleza,Loja Física,Boleto,1,529.73,0.15
PED00234,2026-04-14,Mouse,Acessórios,Caucaia,Região Metropolitana,Loja Física,Cartão de Crédito,1,191.67,0.0
PED08056,2026-04-14,Memória RAM,Informática,Fortaleza,Fortaleza,Site,Cartão de Débito,1,254.74,0.0
PED06818,2026-04-14,Caixa de Som,Áudio,Caucaia,Região Metropolitana,Site,Cartão de Débito,1,439.29,0.0
PED00197,2026-04-14,Teclado,Acessórios,Fortaleza,Fortaleza,Loja Física,PIX,1,387.94,0.0
PED08480,2026-04-14,Webcam,Acessórios,Itapipoca,Interior,Loja Física,PIX,1,339.16,0.0
PED01838,2026-04-14,Teclado,Acessórios,Caucaia,Região Metropolitana,Site,Cartão de Crédito,2,419.91,0.05
PED09247,2026-04-14,Notebook,Eletrônicos,Juazeiro do Norte,Interior,Loja Física,Cartão de Débito,1,4013.52,0.0
PED09784,2026-04-14,Mesa Escritório,Móveis,Juazeiro do Norte,Interior,Marketplace,Cartão de Débito,1,1078.98,0.0
PED03439,2026-04-14,Notebook,Eletrônicos,Fortaleza,Fortaleza,Site,PIX,2,5457.85,0.0
PED04047,2026-04-14,Notebook,Eletrônicos,Juazeiro do Norte,Interior,Site,Cartão de Crédito,1,4276.06,0.0
PED05492,2026-04-14,Mesa Escritório,Móveis,Caucaia,Região Metropolitana,Site,PIX,1,1266.91,0.05
PED06528,2026-04-14,Monitor,Eletrônicos,Juazeiro do Norte,Interior,Marketplace,Boleto,2,1190.88,0.0
PED08182,2026-04-15,Roteador,Informática,Caucaia,Região Metropolitana,Marketplace,Cartão de Crédito,2,496.87,0.0
PED02757,2026-04-15,Headset,Acessórios,Itapipoca,Interior,Marketplace,Cartão de Crédito,2,271.35,0.0
PED03241,2026-04-15,Webcam,Acessórios,Maracanaú,Região Metropolitana,Site,PIX,1,342.82,0.0
PED08681,2026-04-15,Memória RAM,Informática,Fortaleza,Fortaleza,Loja Física,PIX,4,386.41,0.0
PED09724,2026-04-15,Roteador,Informática,Caucaia,Região Metropolitana,Loja Física,Cartão de Crédito,1,308.78,0.1
PED08575,2026-04-15,Mesa Escritório,Móveis,Itapipoca,Interior,Loja Física,PIX,1,996.91,0.05
PED09128,2026-04-15,Mouse,Acessórios,Fortaleza,Fortaleza,Loja Física,Boleto,3,263.07,0.0
PED07884,2026-04-15,Notebook,Eletrônicos,Caucaia,Região Metropolitana,Site,Boleto,1,6380.37,0.0
PED06096,2026-04-15,Mesa Escritório,Móveis,Fortaleza,Fortaleza,Marketplace,PIX,1,1308.22,0.1
PED03325,2026-04-15,Mesa Escritório,Móveis,Fortaleza,Fortaleza,Loja Física,Cartão de Débito,4,1247.27,0.05
PED08232,2026-04-15,Memória RAM,Informática,Fortaleza,Fortaleza,Loja Física,Cartão de Crédito,2,227.14,0.0
PED01076,2026-04-15,Roteador,Informática,Juazeiro do Norte,Interior,Site,Cartão de Crédito,1,163.28,0.0
PED00582,2026-04-15,Webcam,Acessórios,Maracanaú,Região Metropolitana,Marketplace,Boleto,2,639.98,0.1
PED09347,2026-04-15,Mouse,Acessórios,Caucaia,Região Metropolitana,Site,PIX,1,189.6,0.05
PED05722,2026-04-16,Fone Bluetooth,Áudio,Fortaleza,Fortaleza,Marketplace,Cartão de Crédito,4,511.91,0.1
PED03419,2026-04-16,Cadeira Gamer,Móveis,Sobral,Interior,Marketplace,Cartão de Débito,1,1111.28,0.05
PED04516,2026-04-16,Impressora,Informática,Fortaleza,Fortaleza,Marketplace,Boleto,2,1194.97,0.0
PED03733,2026-04-16,Notebook,Eletrônicos,Juazeiro do Norte,Interior,Site,PIX,1,6483.23,0.1
PED09543,2026-04-16,Mesa Escritório,Móveis,Maracanaú,Região Metropolitana,Loja Física,Cartão de Crédito,1,1065.65,0.0
PED04453,2026-04-16,Caixa de Som,Áudio,Juazeiro do Norte,Interior,Site,Cartão de Crédito,2,346.19,0.15
PED05491,2026-04-16,Cadeira Gamer,Móveis,Fortaleza,Fortaleza,Loja Física,Cartão de Débito,1,708.53,0.0
PED03853,2026-04-16,Headset,Acessórios,Caucaia,Região Metropolitana,Loja Física,Cartão de Débito,1,452.38,0.1
PED02348,2026-04-16,Cadeira Gamer,Móveis,Maracanaú,Região Metropolitana,Loja Física,Cartão de Crédito,1,1486.9,0.0
PED06969,2026-04-16,Mouse,Acessórios,Itapipoca,Interior,Site,Cartão de Crédito,2,46.15,0.0
PED00808,2026-04-16,Smartphone,Eletrônicos,Fortaleza,Fortaleza,Marketplace,PIX,2,4415.11,0.0
PED06313,2026-04-16,Notebook,Eletrônicos,Caucaia,Região Metropolitana,Marketplace,PIX,1,3422.75,0.05
PED00082,2026-04-16,Webcam,Acessórios,Sobral,Interior,Marketplace,Cartão de Crédito,1,372.58,0.15
PED00710,2026-04-17,Mesa Escritório,Móveis,Fortaleza,Fortaleza,Marketplace,Cartão de Débito,1,981.84,0.0
PED06322,2026-04-17,SSD 1TB,Informática,Maracanaú,Região Metropolitana,Marketplace,PIX,1,456.19,0.0
PED04399,2026-04-17,Impressora,Informática,Sobral,Interior,Marketplace,Boleto,3,1252.03,0.15
PED05690,2026-04-17,Fone Bluetooth,Áudio,Itapipoca,Interior,Site,PIX,1,116.2,0.0
PED03100,2026-04-17,Teclado,Acessórios,Itapipoca,Interior,Marketplace,Boleto,1,397.66,0.0
PED02354,2026-04-17,Headset,Acessórios,Fortaleza,Fortaleza,Site,Boleto,1,223.76,0.15
PED07218,2026-04-17,Teclado,Acessórios,Fortaleza,Fortaleza,Marketplace,Cartão de Crédito,1,342.98,0.1
PED01194,2026-04-17,Fone Bluetooth,Áudio,Maracanaú,Região Metropolitana,Site,Cartão de Débito,1,281.72,0.0
PED03075,2026-04-17,SSD 1TB,Informática,Maracanaú,Região Metropolitana,Site,Cartão de Débito,1,633.6,0.0
PED03553,2026-04-17,Memória RAM,Informática,Sobral,Interior,Site,Cartão de Crédito,4,236.05,0.0
PED00294,2026-04-17,Caixa de Som,Áudio,Caucaia,Região Metropolitana,Loja Física,Cartão de Débito,2,218.49,0.05
PED07979,2026-04-17,Cadeira Gamer,Móveis,Caucaia,Região Metropolitana,Site,PIX,1,1589.8,0.0
PED08223,2026-04-17,Fone Bluetooth,Áudio,Fortaleza,Fortaleza,Site,PIX,2,402.6,0.1
PED06030,2026-04-17,Notebook,Eletrônicos,Sobral,Interior,Site,Cartão de Crédito,2,4450.76,0.0
PED03001,2026-04-17,Mouse,Acessórios,Fortaleza,Fortaleza,Site,Boleto,2,220.99,0.1
PED08214,2026-04-17,Notebook,Eletrônicos,Fortaleza,Fortaleza,Site,PIX,2,4469.18,0.0
PED02258,2026-04-17,Impressora,Informática,Fortaleza,Fortaleza,Marketplace,Cartão de Crédito,1,682.11,0.0
PED07811,2026-04-17,Memória RAM,Informática,Juazeiro do Norte,Interior,Site,PIX,1,284.54,0.0
PED05164,2026-04-17,Roteador,Informática,Fortaleza,Fortaleza,Site,PIX,2,307.24,0.0
PED08545,2026-04-17,Teclado,Acessórios,Fortaleza,Fortaleza,Loja Física,Boleto,1,388.74,0.0
PED05215,2026-04-17,Cadeira Gamer,Móveis,Sobral,Interior,Marketplace,PIX,2,2172.44,0.1
PED00994,2026-04-17,Caixa de Som,Áudio,Maracanaú,Região Metropolitana,Site,Boleto,2,204.29,0.0
PED05929,2026-04-18,Fone Bluetooth,Áudio,Fortaleza,Fortaleza,Marketplace,Cartão de Débito,2,440.94,0.0
PED08195,2026-04-18,Teclado,Acessórios,Fortaleza,Fortaleza,Loja Física,PIX,1,145.56,0.05
PED01343,2026-04-18,Mouse,Acessórios,Juazeiro do Norte,Interior,Loja Física,PIX,1,102.55,0.0
PED04259,2026-04-18,Mesa Escritório,Móveis,Sobral,Interior,Site,Cartão de Débito,1,1521.31,0.0
PED09366,2026-04-18,Memória RAM,Informática,Itapipoca,Interior,Site,PIX,1,259.12,0.0
PED04147,2026-04-18,Notebook,Eletrônicos,Maracanaú,Região Metropolitana,Site,PIX,2,5617.05,0.0
PED02335,2026-04-18,Fone Bluetooth,Áudio,Fortaleza,Fortaleza,Site,Boleto,1,145.33,0.0
PED03694,2026-04-18,Headset,Acessórios,Fortaleza,Fortaleza,Loja Física,Boleto,2,159.78,0.0
PED08407,2026-04-18,Memória RAM,Informática,Maracanaú,Região Metropolitana,Loja Física,Cartão de Débito,1,393.02,0.0
PED01586,2026-04-18,Impressora,Informática,Maracanaú,Região Metropolitana,Marketplace,PIX,4,1554.61,0.1
PED08443,2026-04-18,Headset,Acessórios,Maracanaú,Região Metropolitana,Marketplace,PIX,1,477.97,0.05
PED03811,2026-04-18,Caixa de Som,Áudio,Fortaleza,Fortaleza,Loja Física,Boleto,2,153.77,0.0
PED01328,2026-04-18,Impressora,Informática,Sobral,Interior,Site,Cartão de Crédito,1,1602.05,0.0
PED08896,2026-04-18,Fone Bluetooth,Áudio,Fortaleza,Fortaleza,Loja Física,PIX,1,612.85,0.1
PED09959,2026-04-18,Notebook,Eletrônicos,Itapipoca,Interior,Loja Física,Cartão de Crédito,2,6276.74,0.0
PED02860,2026-04-18,Notebook,Eletrônicos,Caucaia,Região Metropolitana,Marketplace,Cartão de Crédito,1,4061.06,0.1
PED07005,2026-04-18,SSD 1TB,Informática,Fortaleza,Fortaleza,Loja Física,PIX,3,572.63,0.0
PED09050,2026-04-18,Teclado,Acessórios,Maracanaú,Região Metropolitana,Loja Física,Cartão de Crédito,1,186.31,0.1
PED02677,2026-04-18,Impressora,Informática,Caucaia,Região Metropolitana,Site,Cartão de Crédito,1,968.45,0.0
PED01084,2026-04-18,SSD 1TB,Informática,Fortaleza,Fortaleza,Site,Cartão de Débito,1,556.0,0.05
PED07774,2026-04-19,Headset,Acessórios,Itapipoca,Interior,Loja Física,Cartão de Débito,1,228.04,0.0
PED07878,2026-04-19,Teclado,Acessórios,Maracanaú,Região Metropolitana,Site,Boleto,1,212.97,0.0
PED07328,2026-04-19,Webcam,Acessórios,Maracanaú,Região Metropolitana,Site,Boleto,2,302.38,0.0
PED07031,2026-04-19,Headset,Acessórios,Sobral,Interior,Marketplace,PIX,2,398.94,0.05
PED01567,2026-04-19,Notebook,Eletrônicos,Sobral,Interior,Marketplace,Cartão de Débito,2,3520.59,0.0
PED08250,2026-04-19,Impressora,Informática,Caucaia,Região Metropolitana,Site,Boleto,2,622.44,0.0
PED01587,2026-04-19,Caixa de Som,Áudio,Fortaleza,Fortaleza,Marketplace,PIX,3,104.82,0.0
PED06624,2026-04-19,Memória RAM,Informática,Caucaia,Região Metropolitana,Site,Cartão de Débito,1,357.23,0.05
PED06029,2026-04-19,Roteador,Informática,Maracanaú,Região Metropolitana,Marketplace,PIX,1,195.63,0.15
PED05911,2026-04-19,Webcam,Acessórios,Sobral,Interior,Site,Cartão de Crédito,1,456.99,0.0
PED08085,2026-04-19,Notebook,Eletrônicos,Juazeiro do Norte,Interior,Site,PIX,1,4484.09,0.0
PED09931,2026-04-19,Monitor,Eletrônicos,Caucaia,Região Metropolitana,Site,Boleto,2,1647.38,0.0
PED03738,2026-04-19,Mouse,Acessórios,Fortaleza,Fortaleza,Marketplace,Boleto,3,82.85,0.1
PED03951,2026-04-19,SSD 1TB,Informática,Sobral,Interior,Loja Física,PIX,1,633.79,0.05
PED00803,2026-04-19,Memória RAM,Informática,Caucaia,Região Metropolitana,Site,PIX,4,442.01,0.05
PED00840,2026-04-19,Webcam,Acessórios,Maracanaú,Região Metropolitana,Marketplace,Cartão de Crédito,1,235.57,0.0
PED01923,2026-04-19,Smartphone,Eletrônicos,Fortaleza,Fortaleza,Marketplace,Cartão de Débito,2,3503.55,0.0
PED09482,2026-04-19,Roteador,Informática,Fortaleza,Fortaleza,Loja Física,Cartão de Débito,2,550.59,0.0
PED01525,2026-04-20,Smartphone,Eletrônicos,Fortaleza,Fortaleza,Loja Física,PIX,1,4204.84,0.05
PED08579,2026-04-20,Roteador,Informática,Fortaleza,Fortaleza,Loja Física,Cartão de Débito,1,369.8,0.0
PED08134,2026-04-20,Mesa Escritório,Móveis,Fortaleza,Fortaleza,Site,Cartão de Débito,4,1462.65,0.0
PED05029,2026-04-20,SSD 1TB,Informática,Fortaleza,Fortaleza,Loja Física,Cartão de Débito,2,561.51,0.0
PED01427,2026-04-20,Fone Bluetooth,Áudio,Itapipoca,Interior,Site,Cartão de Débito,2,172.65,0.15
PED02417,2026-04-20,Smartphone,Eletrônicos,Itapipoca,Interior,Marketplace,Boleto,3,1502.93,0.05
PED01836,2026-04-20,Impressora,Informática,Fortaleza,Fortaleza,Loja Física,Cartão de Crédito,1,1258.56,0.0
PED04756,2026-04-20,Impressora,Informática,Maracanaú,Região Metropolitana,Site,Cartão de Débito,4,1603.62,0.05
PED08741,2026-04-20,Roteador,Informática,Fortaleza,Fortaleza,Loja Física,Boleto,1,224.6,0.0
PED03003,2026-04-20,Cadeira Gamer,Móveis,Caucaia,Região Metropolitana,Site,Boleto,1,2098.39,0.1
PED09669,2026-04-20,Mouse,Acessórios,Caucaia,Região Metropolitana,Marketplace,PIX,1,73.38,0.0
PED06563,2026-04-20,Caixa de Som,Áudio,Juazeiro do Norte,Interior,Site,Cartão de Débito,1,174.72,0.0
PED08856,2026-04-20,SSD 1TB,Informática,Fortaleza,Fortaleza,Site,PIX,1,448.21,0.0
PED02568,2026-04-20,Impressora,Informática,Itapipoca,Interior,Marketplace,Cartão de Crédito,1,1357.19,0.0
PED09487,2026-04-20,Teclado,Acessórios,Sobral,Interior,Loja Física,Cartão de Crédito,1,303.15,0.0
PED03879,2026-04-20,Memória RAM,Informática,Caucaia,Região Metropolitana,Site,PIX,3,191.36,0.0
PED08114,2026-04-20,Cadeira Gamer,Móveis,Maracanaú,Região Metropolitana,Marketplace,Boleto,1,1160.17,0.05
PED02412,2026-04-20,Headset,Acessórios,Caucaia,Região Metropolitana,Loja Física,Cartão de Crédito,1,90.5,0.0
PED06991,2026-04-20,Monitor,Eletrônicos,Caucaia,Região Metropolitana,Marketplace,Cartão de Débito,1,1738.53,0.05
PED09397,2026-04-21,Smartphone,Eletrônicos,Maracanaú,Região Metropolitana,Marketplace,Boleto,2,4178.47,0.05
PED04666,2026-04-21,Caixa de Som,Áudio,Sobral,Interior,Marketplace,Boleto,1,373.41,0.05
PED00065,2026-04-21,Teclado,Acessórios,Juazeiro do Norte,Interior,Marketplace,Cartão de Débito,1,431.02,0.0
PED07615,2026-04-21,Mouse,Acessórios,Itapipoca,Interior,Site,PIX,1,236.61,0.0
PED02748,2026-04-21,Caixa de Som,Áudio,Juazeiro do Norte,Interior,Marketplace,Cartão de Crédito,1,253.34,0.0
PED04859,2026-04-21,Impressora,Informática,Caucaia,Região Metropolitana,Loja Física,Cartão de Crédito,1,1020.65,0.1
PED07996,2026-04-21,Headset,Acessórios,Fortaleza,Fortaleza,Loja Física,Cartão de Crédito,2,118.66,0.1
PED06483,2026-04-21,Notebook,Eletrônicos,Itapipoca,Interior,Site,PIX,1,6034.45,0.0
PED05302,2026-04-21,Headset,Acessórios,Fortaleza,Fortaleza,Loja Física,PIX,2,426.6,0.0
PED06596,2026-04-21,Impressora,Informática,Itapipoca,Interior,Site,Cartão de Crédito,1,820.45,0.05
PED08127,2026-04-21,Caixa de Som,Áudio,Juazeiro do Norte,Interior,Loja Física,PIX,1,174.43,0.1
PED04546,2026-04-21,Roteador,Informática,Juazeiro do Norte,Interior,Loja Física,PIX,1,375.21,0.1
PED06001,2026-04-21,Headset,Acessórios,Maracanaú,Região Metropolitana,Marketplace,PIX,1,216.43,0.0
PED05621,2026-04-21,Fone Bluetooth,Áudio,Fortaleza,Fortaleza,Site,Cartão de Débito,2,439.36,0.05
PED09277,2026-04-21,Mesa Escritório,Móveis,Fortaleza,Fortaleza,Loja Física,Cartão de Crédito,2,580.58,0.0
PED09936,2026-04-21,SSD 1TB,Informática,Caucaia,Região Metropolitana,Loja Física,PIX,1,467.19,0.0
PED01298,2026-04-21,Caixa de Som,Áudio,Caucaia,Região Metropolitana,Site,Boleto,1,105.32,0.15
PED09063,2026-04-21,Fone Bluetooth,Áudio,Sobral,Interior,Loja Física,PIX,2,464.48,0.0
PED00385,2026-04-22,Mesa Escritório,Móveis,Caucaia,Região Metropolitana,Site,Cartão de Débito,1,826.4,0.0
PED07726,2026-04-22,Smartphone,Eletrônicos,Sobral,Interior,Loja Física,Cartão de Débito,2,3826.46,0.05
PED08092,2026-04-22,Headset,Acessórios,Maracanaú,Região Metropolitana,Loja Física,Cartão de Crédito,2,180.03,0.0
PED06515,2026-04-22,Monitor,Eletrônicos,Fortaleza,Fortaleza,Loja Física,Cartão de Crédito,1,1262.09,0.0
PED00059,2026-04-22,Teclado,Acessórios,Caucaia,Região Metropolitana,Site,Boleto,1,326.74,0.05
PED07119,2026-04-22,Mouse,Acessórios,Caucaia,Região Metropolitana,Site,PIX,1,239.93,0.0
PED07770,2026-04-22,Notebook,Eletrônicos,Itapipoca,Interior,Marketplace,Cartão de Crédito,1,3885.72,0.0
PED04448,2026-04-22,Caixa de Som,Áudio,Sobral,Interior,Site,Boleto,2,649.43,0.0
PED08409,2026-04-22,Teclado,Acessórios,Caucaia,Região Metropolitana,Site,PIX,3,136.81,0.0
PED06586,2026-04-22,Notebook,Eletrônicos,Itapipoca,Interior,Marketplace,PIX,1,5522.37,0.1
PED07904,2026-04-22,Teclado,Acessórios,Fortaleza,Fortaleza,Marketplace,Cartão de Débito,1,378.66,0.0
PED07543,2026-04-22,Mesa Escritório,Móveis,Maracanaú,Região Metropolitana,Loja Física,Boleto,2,738.86,0.1
PED04759,2026-04-22,Cadeira Gamer,Móveis,Caucaia,Região Metropolitana,Marketplace,PIX,1,2041.76,0.0
PED07054,2026-04-22,Roteador,Informática,Fortaleza,Fortaleza,Site,Cartão de Débito,2,345.0,0.0
PED06077,2026-04-22,Smartphone,Eletrônicos,Juazeiro do Norte,Interior,Loja Física,PIX,1,2311.6,0.0
PED07452,2026-04-22,SSD 1TB,Informática,Itapipoca,Interior,Site,Boleto,2,320.55,0.0
PED04012,2026-04-22,Teclado,Acessórios,Sobral,Interior,Loja Física,Boleto,1,197.41,0.15
PED02954,2026-04-23,Notebook,Eletrônicos,Fortaleza,Fortaleza,Site,Cartão de Crédito,1,5972.25,0.0
PED07475,2026-04-23,Roteador,Informática,Fortaleza,Fortaleza,Marketplace,Cartão de Crédito,1,171.44,0.1
PED03141,2026-04-23,Mouse,Acessórios,Itapipoca,Interior,Marketplace,Cartão de Débito,1,95.55,0.0
PED01277,2026-04-23,Teclado,Acessórios,Fortaleza,Fortaleza,Site,Boleto,1,111.47,0.0
PED08113,2026-04-23,Roteador,Informática,Fortaleza,Fortaleza,Marketplace,Boleto,1,465.02,0.1
PED06211,2026-04-23,Impressora,Informática,Sobral,Interior,Marketplace,Cartão de Crédito,1,1236.39,0.0
PED04299,2026-04-23,Impressora,Informática,Fortaleza,Fortaleza,Marketplace,Boleto,2,807.0,0.0
PED03931,2026-04-23,SSD 1TB,Informática,Maracanaú,Região Metropolitana,Site,Boleto,1,314.75,0.05
PED01513,2026-04-23,Webcam,Acessórios,Maracanaú,Região Metropolitana,Marketplace,Cartão de Débito,1,542.53,0.1
PED07165,2026-04-23,Memória RAM,Informática,Sobral,Interior,Site,Cartão de Crédito,2,256.63,0.05
PED09057,2026-04-23,Notebook,Eletrônicos,Itapipoca,Interior,Loja Física,Boleto,1,6068.11,0.0
PED08076,2026-04-23,Impressora,Informática,Caucaia,Região Metropolitana,Marketplace,Boleto,2,1719.54,0.15
PED06463,2026-04-23,Smartphone,Eletrônicos,Sobral,Interior,Loja Física,Cartão de Crédito,2,3342.68,0.0
PED02778,2026-04-23,Mouse,Acessórios,Fortaleza,Fortaleza,Marketplace,Cartão de Débito,1,265.51,0.1
PED03921,2026-04-24,Smartphone,Eletrônicos,Caucaia,Região Metropolitana,Site,Cartão de Crédito,2,1084.14,0.1
PED04802,2026-04-24,Caixa de Som,Áudio,Fortaleza,Fortaleza,Site,Cartão de Débito,1,722.59,0.0
PED05626,2026-04-24,Webcam,Acessórios,Juazeiro do Norte,Interior,Marketplace,Cartão de Crédito,1,531.17,0.05
PED04317,2026-04-24,Webcam,Acessórios,Fortaleza,Fortaleza,Site,Boleto,3,274.56,0.1
PED09967,2026-04-24,SSD 1TB,Informática,Caucaia,Região Metropolitana,Marketplace,Cartão de Débito,1,293.69,0.0
PED07177,2026-04-24,Teclado,Acessórios,Sobral,Interior,Site,PIX,1,422.11,0.0
PED01138,2026-04-24,Smartphone,Eletrônicos,Fortaleza,Fortaleza,Loja Física,Boleto,2,4338.18,0.0
PED09873,2026-04-24,Impressora,Informática,Maracanaú,Região Metropolitana,Site,Cartão de Crédito,3,1782.28,0.05
PED02865,2026-04-24,Headset,Acessórios,Sobral,Interior,Marketplace,Cartão de Débito,3,531.62,0.0
PED06860,2026-04-24,Caixa de Som,Áudio,Fortaleza,Fortaleza,Loja Física,Boleto,1,398.44,0.15
PED02249,2026-04-24,Mesa Escritório,Móveis,Fortaleza,Fortaleza,Loja Física,Cartão de Débito,1,492.95,0.0
PED02597,2026-04-24,Caixa de Som,Áudio,Fortaleza,Fortaleza,Marketplace,Boleto,2,769.57,0.05
PED07935,2026-04-24,Notebook,Eletrônicos,Itapipoca,Interior,Loja Física,PIX,4,6250.53,0.15
PED04395,2026-04-24,Memória RAM,Informática,Caucaia,Região Metropolitana,Loja Física,Cartão de Crédito,1,344.39,0.0
PED02893,2026-04-24,Mesa Escritório,Móveis,Fortaleza,Fortaleza,Loja Física,Cartão de Crédito,1,1043.08,0.0
PED08384,2026-04-24,Memória RAM,Informática,Fortaleza,Fortaleza,Site,Cartão de Crédito,1,258.04,0.1
PED01041,2026-04-24,Teclado,Acessórios,Sobral,Interior,Marketplace,Cartão de Débito,1,393.76,0.05
PED08958,2026-04-24,Cadeira Gamer,Móveis,Fortaleza,Fortaleza,Loja Física,Cartão de Crédito,1,2082.15,0.0
PED06723,2026-04-24,Mesa Escritório,Móveis,Caucaia,Região Metropolitana,Marketplace,Cartão de Débito,2,852.1,0.05
PED09706,2026-04-24,Webcam,Acessórios,Juazeiro do Norte,Interior,Loja Física,Boleto,3,480.56,0.0
PED01851,2026-04-24,Impressora,Informática,Fortaleza,Fortaleza,Site,Cartão de Débito,1,734.54,0.0
PED02315,2026-04-24,Webcam,Acessórios,Fortaleza,Fortaleza,Site,Cartão de Crédito,2,624.52,0.0
PED08639,2026-04-24,Fone Bluetooth,Áudio,Fortaleza,Fortaleza,Loja Física,Cartão de Crédito,4,402.69,0.0
PED05603,2026-04-24,Teclado,Acessórios,Fortaleza,Fortaleza,Marketplace,PIX,3,265.36,0.0
PED08037,2026-04-24,Mouse,Acessórios,Maracanaú,Região Metropolitana,Site,Cartão de Débito,1,135.83,0.0
PED05231,2026-04-24,Smartphone,Eletrônicos,Fortaleza,Fortaleza,Marketplace,Cartão de Débito,1,2987.47,0.0
PED01503,2026-04-25,Smartphone,Eletrônicos,Caucaia,Região Metropolitana,Marketplace,Cartão de Crédito,1,1140.38,0.0
PED07927,2026-04-25,Headset,Acessórios,Juazeiro do Norte,Interior,Loja Física,PIX,1,162.53,0.05
PED02206,2026-04-25,Monitor,Eletrônicos,Fortaleza,Fortaleza,Marketplace,Boleto,1,1548.46,0.1
PED07244,2026-04-25,Caixa de Som,Áudio,Fortaleza,Fortaleza,Site,PIX,1,108.78,0.0
PED05522,2026-04-25,Fone Bluetooth,Áudio,Fortaleza,Fortaleza,Loja Física,PIX,1,536.56,0.0
PED05058,2026-04-25,Monitor,Eletrônicos,Sobral,Interior,Loja Física,Boleto,1,1187.47,0.05
PED01766,2026-04-25,Roteador,Informática,Sobral,Interior,Loja Física,Cartão de Crédito,1,495.55,0.0
PED00015,2026-04-25,Webcam,Acessórios,Maracanaú,Região Metropolitana,Marketplace,Cartão de Débito,1,683.23,0.05
PED01373,2026-04-25,Cadeira Gamer,Móveis,Fortaleza,Fortaleza,Site,Boleto,3,1373.16,0.05
PED07685,2026-04-25,Mouse,Acessórios,Fortaleza,Fortaleza,Site,Boleto,1,62.73,0.0
PED06173,2026-04-25,Caixa de Som,Áudio,Fortaleza,Fortaleza,Marketplace,Cartão de Débito,1,409.95,0.0
PED09753,2026-04-25,Notebook,Eletrônicos,Itapipoca,Interior,Marketplace,Boleto,1,3627.0,0.15
PED08796,2026-04-25,Memória RAM,Informática,Fortaleza,Fortaleza,Site,Cartão de Crédito,2,267.78,0.1
PED07783,2026-04-26,Mesa Escritório,Móveis,Caucaia,Região Metropolitana,Marketplace,PIX,1,1583.09,0.1
PED09882,2026-04-26,Monitor,Eletrônicos,Fortaleza,Fortaleza,Marketplace,Cartão de Crédito,2,1102.04,0.0
PED02548,2026-04-26,Teclado,Acessórios,Caucaia,Região Metropolitana,Marketplace,Cartão de Crédito,3,199.0,0.0
PED08483,2026-04-26,SSD 1TB,Informática,Itapipoca,Interior,Marketplace,PIX,1,434.17,0.05
PED01946,2026-04-26,Mesa Escritório,Móveis,Juazeiro do Norte,Interior,Site,Cartão de Débito,1,1176.25,0.15
PED02346,2026-04-26,Roteador,Informática,Sobral,Interior,Loja Física,PIX,3,321.61,0.0
PED07915,2026-04-26,Webcam,Acessórios,Itapipoca,Interior,Marketplace,Cartão de Crédito,1,427.06,0.05
PED06966,2026-04-26,Teclado,Acessórios,Maracanaú,Região Metropolitana,Loja Física,Boleto,4,298.61,0.05
PED00195,2026-04-26,Fone Bluetooth,Áudio,Sobral,Interior,Site,PIX,2,596.34,0.0
PED04577,2026-04-26,Cadeira Gamer,Móveis,Sobral,Interior,Site,PIX,1,2157.38,0.0
PED00856,2026-04-26,Smartphone,Eletrônicos,Fortaleza,Fortaleza,Loja Física,Cartão de Débito,2,1055.81,0.05
PED05648,2026-04-26,Roteador,Informática,Fortaleza,Fortaleza,Site,Boleto,1,456.88,0.0
PED04457,2026-04-26,Mouse,Acessórios,Fortaleza,Fortaleza,Loja Física,Cartão de Crédito,1,131.17,0.0
PED05206,2026-04-26,SSD 1TB,Informática,Sobral,Interior,Site,Cartão de Crédito,1,494.99,0.0
PED04520,2026-04-26,Mouse,Acessórios,Itapipoca,Interior,Marketplace,PIX,2,168.86,0.0
PED05668,2026-04-26,Mouse,Acessórios,Fortaleza,Fortaleza,Loja Física,PIX,1,128.99,0.1
PED00919,2026-04-26,Headset,Acessórios,Maracanaú,Região Metropolitana,Loja Física,Cartão de Débito,1,538.22,0.0
PED03274,2026-04-26,Headset,Acessórios,Itapipoca,Interior,Site,Cartão de Débito,1,333.31,0.1
PED05651,2026-04-26,Impressora,Informática,Itapipoca,Interior,Site,Cartão de Crédito,1,869.96,0.0
PED02476,2026-04-26,Webcam,Acessórios,Caucaia,Região Metropolitana,Site,PIX,1,646.29,0.15
PED01915,2026-04-26,Teclado,Acessórios,Itapipoca,Interior,Loja Física,Cartão de Crédito,3,315.28,0.0
PED05344,2026-04-26,Headset,Acessórios,Juazeiro do Norte,Interior,Loja Física,Boleto,2,439.17,0.1
PED00613,2026-04-26,Memória RAM,Informática,Sobral,Interior,Marketplace,PIX,2,425.11,0.0
PED00188,2026-04-26,Mesa Escritório,Móveis,Caucaia,Região Metropolitana,Loja Física,Cartão de Débito,1,1230.05,0.0
PED05713,2026-04-26,Mouse,Acessórios,Itapipoca,Interior,Marketplace,Boleto,1,125.66,0.05
PED05747,2026-04-26,Mesa Escritório,Móveis,Fortaleza,Fortaleza,Loja Física,Boleto,3,1528.31,0.1
PED01810,2026-04-27,Roteador,Informática,Fortaleza,Fortaleza,Loja Física,Cartão de Débito,2,384.82,0.0
PED02362,2026-04-27,Notebook,Eletrônicos,Caucaia,Região Metropolitana,Loja Física,Cartão de Crédito,1,6234.49,0.0
PED02972,2026-04-27,Smartphone,Eletrônicos,Juazeiro do Norte,Interior,Site,Cartão de Débito,3,1174.38,0.05
PED08191,2026-04-27,Mouse,Acessórios,Juazeiro do Norte,Interior,Marketplace,Cartão de Crédito,2,254.04,0.05
PED06366,2026-04-27,Teclado,Acessórios,Itapipoca,Interior,Loja Física,Cartão de Crédito,2,282.92,0.0
PED06080,2026-04-27,Mouse,Acessórios,Fortaleza,Fortaleza,Marketplace,Boleto,1,264.89,0.0
PED01450,2026-04-27,Smartphone,Eletrônicos,Caucaia,Região Metropolitana,Marketplace,PIX,2,1355.03,0.05
PED06032,2026-04-27,Mouse,Acessórios,Fortaleza,Fortaleza,Site,Cartão de Crédito,1,292.01,0.1
PED06794,2026-04-27,SSD 1TB,Informática,Sobral,Interior,Marketplace,Boleto,2,536.7,0.15
PED01624,2026-04-27,Smartphone,Eletrônicos,Fortaleza,Fortaleza,Loja Física,Boleto,1,3376.08,0.05
PED04032,2026-04-27,Headset,Acessórios,Fortaleza,Fortaleza,Loja Física,PIX,1,523.1,0.05
PED00235,2026-04-27,Notebook,Eletrônicos,Fortaleza,Fortaleza,Site,PIX,1,5995.67,0.1
PED04173,2026-04-27,Webcam,Acessórios,Sobral,Interior,Loja Física,Boleto,2,245.98,0.0
PED05431,2026-04-27,Mesa Escritório,Móveis,Fortaleza,Fortaleza,Loja Física,Cartão de Crédito,1,996.02,0.0
PED04363,2026-04-27,Mouse,Acessórios,Itapipoca,Interior,Marketplace,PIX,2,44.43,0.0
PED04000,2026-04-27,Monitor,Eletrônicos,Juazeiro do Norte,Interior,Marketplace,Cartão de Débito,2,1411.06,0.1
PED05267,2026-04-27,Fone Bluetooth,Áudio,Fortaleza,Fortaleza,Loja Física,Boleto,2,221.05,0.0
PED03736,2026-04-27,Impressora,Informática,Maracanaú,Região Metropolitana,Marketplace,Boleto,4,844.54,0.1
PED05514,2026-04-27,Webcam,Acessórios,Fortaleza,Fortaleza,Site,PIX,2,285.08,0.05
PED01588,2026-04-27,Notebook,Eletrônicos,Itapipoca,Interior,Site,PIX,1,5784.04,0.0
PED00805,2026-04-27,Fone Bluetooth,Áudio,Fortaleza,Fortaleza,Marketplace,PIX,4,322.65,0.0
PED07908,2026-04-28,Roteador,Informática,Fortaleza,Fortaleza,Loja Física,PIX,1,359.09,0.1
PED09202,2026-04-28,Cadeira Gamer,Móveis,Fortaleza,Fortaleza,Loja Física,Cartão de Crédito,1,1447.96,0.0
PED08449,2026-04-28,Cadeira Gamer,Móveis,Maracanaú,Região Metropolitana,Marketplace,Cartão de Débito,1,1733.28,0.05
PED02635,2026-04-28,Roteador,Informática,Fortaleza,Fortaleza,Loja Física,Cartão de Débito,1,441.0,0.0
PED05829,2026-04-28,Teclado,Acessórios,Fortaleza,Fortaleza,Site,Cartão de Débito,1,139.01,0.0
PED01488,2026-04-28,Notebook,Eletrônicos,Fortaleza,Fortaleza,Site,Cartão de Débito,1,4617.46,0.0
PED00798,2026-04-28,Webcam,Acessórios,Sobral,Interior,Marketplace,Boleto,1,151.52,0.0
PED05066,2026-04-28,Smartphone,Eletrônicos,Fortaleza,Fortaleza,Loja Física,PIX,1,4014.49,0.05
PED00267,2026-04-28,Cadeira Gamer,Móveis,Juazeiro do Norte,Interior,Marketplace,Cartão de Crédito,1,1830.88,0.05
PED09100,2026-04-28,Mesa Escritório,Móveis,Fortaleza,Fortaleza,Site,Boleto,1,1439.15,0.1
PED06201,2026-04-28,Webcam,Acessórios,Fortaleza,Fortaleza,Loja Física,Cartão de Débito,1,319.84,0.0
PED09745,2026-04-28,Fone Bluetooth,Áudio,Fortaleza,Fortaleza,Marketplace,Cartão de Crédito,1,431.04,0.15
PED00371,2026-04-28,Caixa de Som,Áudio,Maracanaú,Região Metropolitana,Loja Física,PIX,1,511.15,0.05
PED09272,2026-04-28,Monitor,Eletrônicos,Fortaleza,Fortaleza,Marketplace,Cartão de Crédito,1,1739.46,0.05
PED08219,2026-04-28,SSD 1TB,Informática,Juazeiro do Norte,Interior,Site,Cartão de Débito,2,572.42,0.05
PED09888,2026-04-28,Mesa Escritório,Móveis,Fortaleza,Fortaleza,Loja Física,Boleto,1,1171.44,0.05
PED06566,2026-04-28,Monitor,Eletrônicos,Fortaleza,Fortaleza,Site,PIX,1,680.63,0.0
PED03883,2026-04-29,Caixa de Som,Áudio,Sobral,Interior,Marketplace,Cartão de Crédito,2,158.26,0.0
PED04545,2026-04-29,Cadeira Gamer,Móveis,Caucaia,Região Metropolitana,Loja Física,Cartão de Crédito,1,1702.47,0.0
PED04136,2026-04-29,Mesa Escritório,Móveis,Itapipoca,Interior,Loja Física,PIX,2,964.07,0.0
PED03061,2026-04-29,Mouse,Acessórios,Sobral,Interior,Site,PIX,1,77.37,0.1
PED09378,2026-04-29,Notebook,Eletrônicos,Juazeiro do Norte,Interior,Site,Boleto,3,4802.88,0.1
PED07885,2026-04-29,Cadeira Gamer,Móveis,Fortaleza,Fortaleza,Loja Física,Cartão de Crédito,3,1151.62,0.05
PED04707,2026-04-29,Teclado,Acessórios,Maracanaú,Região Metropolitana,Marketplace,Cartão de Débito,1,261.61,0.0
PED07936,2026-04-29,Notebook,Eletrônicos,Fortaleza,Fortaleza,Marketplace,PIX,2,6365.2,0.0
PED09005,2026-04-29,Roteador,Informática,Fortaleza,Fortaleza,Site,Boleto,1,493.77,0.0
PED06674,2026-04-29,Impressora,Informática,Itapipoca,Interior,Site,Cartão de Débito,1,678.62,0.0
PED02349,2026-04-29,Memória RAM,Informática,Maracanaú,Região Metropolitana,Marketplace,Boleto,3,462.64,0.05
PED09445,2026-04-29,Caixa de Som,Áudio,Caucaia,Região Metropolitana,Marketplace,PIX,1,114.28,0.0
PED04947,2026-04-29,Mesa Escritório,Móveis,Fortaleza,Fortaleza,Loja Física,Cartão de Débito,1,1523.42,0.1
PED08662,2026-04-29,Teclado,Acessórios,Fortaleza,Fortaleza,Loja Física,Cartão de Débito,1,280.6,0.1
PED05101,2026-04-29,Fone Bluetooth,Áudio,Fortaleza,Fortaleza,Loja Física,Cartão de Débito,1,589.21,0.0
PED02630,2026-04-29,Smartphone,Eletrônicos,Juazeiro do Norte,Interior,Loja Física,Cartão de Crédito,1,3179.91,0.05
PED00273,2026-04-29,Smartphone,Eletrônicos,Caucaia,Região Metropolitana,Loja Física,Cartão de Débito,1,2371.92,0.1
PED06781,2026-04-29,Cadeira Gamer,Móveis,Fortaleza,Fortaleza,Site,Cartão de Crédito,1,1253.77,0.15
PED07665,2026-04-29,Cadeira Gamer,Móveis,Fortaleza,Fortaleza,Marketplace,Cartão de Débito,1,1582.99,0.0
PED05313,2026-04-29,Webcam,Acessórios,Juazeiro do Norte,Interior,Site,Cartão de Crédito,1,329.68,0.0
PED07043,2026-04-29,SSD 1TB,Informática,Sobral,Interior,Marketplace,PIX,2,491.97,0.0
PED08867,2026-04-30,Fone Bluetooth,Áudio,Itapipoca,Interior,Loja Física,Cartão de Débito,1,641.56,0.0
PED09705,2026-04-30,Teclado,Acessórios,Fortaleza,Fortaleza,Marketplace,Cartão de Débito,1,126.05,0.1
PED08002,2026-04-30,Mesa Escritório,Móveis,Fortaleza,Fortaleza,Site,Cartão de Crédito,3,1324.1,0.1
PED03693,2026-04-30,Webcam,Acessórios,Sobral,Interior,Site,Cartão de Débito,1,631.05,0.0
PED06660,2026-04-30,Roteador,Informática,Maracanaú,Região Metropolitana,Site,Cartão de Débito,1,512.09,0.1
PED04642,2026-04-30,SSD 1TB,Informática,Caucaia,Região Metropolitana,Loja Física,PIX,3,637.8,0.0
PED01030,2026-04-30,Impressora,Informática,Juazeiro do Norte,Interior,Loja Física,Cartão de Débito,2,1590.65,0.0
PED06013,2026-04-30,Mesa Escritório,Móveis,Caucaia,Região Metropolitana,Marketplace,Boleto,1,1482.17,0.0
PED07109,2026-04-30,SSD 1TB,Informática,Fortaleza,Fortaleza,Site,PIX,1,590.22,0.0
PED01864,2026-04-30,Notebook,Eletrônicos,Caucaia,Região Metropolitana,Site,PIX,1,4594.92,0.0
PED06707,2026-04-30,Notebook,Eletrônicos,Fortaleza,Fortaleza,Site,Boleto,1,5990.34,0.0
PED00117,2026-04-30,Teclado,Acessórios,Sobral,Interior,Marketplace,Boleto,1,216.71,0.0
PED04324,2026-04-30,Headset,Acessórios,Caucaia,Região Metropolitana,Marketplace,Cartão de Crédito,2,483.31,0.0
PED08245,2026-04-30,Fone Bluetooth,Áudio,Fortaleza,Fortaleza,Site,Boleto,1,196.93,0.1
PED01963,2026-04-30,Notebook,Eletrônicos,Fortaleza,Fortaleza,Site,Cartão de Débito,1,6340.63,0.0
PED05429,2026-04-30,Memória RAM,Informática,Fortaleza,Fortaleza,Site,Boleto,1,234.21,0.0
PED03982,2026-04-30,Impressora,Informática,Fortaleza,Fortaleza,Site,Boleto,3,1393.05,0.0
PED06907,2026-04-30,Fone Bluetooth,Áudio,Caucaia,Região Metropolitana,Loja Física,Cartão de Crédito,1,367.68,0.0
PED08254,2026-04-30,Mouse,Acessórios,Juazeiro do Norte,Interior,Marketplace,PIX,4,206.44,0.0
PED00284,2026-04-30,Webcam,Acessórios,Fortaleza,Fortaleza,Loja Física,Cartão de Crédito,1,294.43,0.1
PED01507,2026-04-30,Mesa Escritório,Móveis,Sobral,Interior,Loja Física,Cartão de Crédito,1,453.07,0.15
PED05493,2026-04-30,Memória RAM,Informática,Sobral,Interior,Marketplace,Cartão de Débito,1,221.61,0.0
PED06299,2026-04-30,Cadeira Gamer,Móveis,Fortaleza,Fortaleza,Marketplace,Boleto,1,1728.54,0.05
PED00026,2026-04-30,SSD 1TB,Informática,Fortaleza,Fortaleza,Loja Física,Boleto,1,578.77,0.15
PED03037,2026-04-30,SSD 1TB,Informática,Fortaleza,Fortaleza,Site,Cartão de Crédito,2,438.37,0.1
PED01130,2026-04-30,Memória RAM,Informática,Juazeiro do Norte,Interior,Site,Boleto,2,284.62,0.15
PED02489,2026-04-30,Mouse,Acessórios,Maracanaú,Região Metropolitana,Marketplace,Cartão de Débito,1,140.39,0.1
PED08320,2026-05-01,SSD 1TB,Informática,Fortaleza,Fortaleza,Loja Física,PIX,1,649.32,0.0
PED04475,2026-05-01,Cadeira Gamer,Móveis,Fortaleza,Fortaleza,Site,Cartão de Crédito,1,1190.65,0.1
PED07523,2026-05-01,Notebook,Eletrônicos,Fortaleza,Fortaleza,Marketplace,PIX,2,3581.4,0.1
PED03822,2026-05-01,Mesa Escritório,Móveis,Fortaleza,Fortaleza,Loja Física,Cartão de Crédito,3,976.38,0.0
PED02042,2026-05-01,Webcam,Acessórios,Fortaleza,Fortaleza,Site,PIX,1,219.4,0.1
PED07580,2026-05-01,Monitor,Eletrônicos,Caucaia,Região Metropolitana,Loja Física,Cartão de Crédito,1,1075.11,0.15
PED03174,2026-05-01,Smartphone,Eletrônicos,Fortaleza,Fortaleza,Loja Física,Boleto,1,1112.15,0.1
PED05165,2026-05-01,Mouse,Acessórios,Caucaia,Região Metropolitana,Loja Física,Cartão de Crédito,1,220.28,0.1
PED01381,2026-05-01,Fone Bluetooth,Áudio,Fortaleza,Fortaleza,Loja Física,Boleto,1,302.71,0.0
PED03020,2026-05-01,Monitor,Eletrônicos,Juazeiro do Norte,Interior,Marketplace,PIX,4,1327.58,0.05
PED08714,2026-05-01,Memória RAM,Informática,Fortaleza,Fortaleza,Marketplace,Boleto,1,306.7,0.05
PED02293,2026-05-01,Webcam,Acessórios,Sobral,Interior,Loja Física,Boleto,1,516.0,0.0
PED05789,2026-05-01,Teclado,Acessórios,Fortaleza,Fortaleza,Marketplace,PIX,1,223.75,0.05
PED04319,2026-05-01,Monitor,Eletrônicos,Juazeiro do Norte,Interior,Site,PIX,1,1069.59,0.1
PED04110,2026-05-01,Impressora,Informática,Fortaleza,Fortaleza,Site,PIX,1,569.49,0.1
PED05128,2026-05-01,Smartphone,Eletrônicos,Sobral,Interior,Marketplace,Cartão de Débito,2,2381.43,0.05
PED07161,2026-05-01,Mouse,Acessórios,Fortaleza,Fortaleza,Marketplace,PIX,2,170.51,0.0
PED05370,2026-05-01,Memória RAM,Informática,Itapipoca,Interior,Loja Física,Cartão de Débito,3,232.88,0.1
PED06393,2026-05-01,Headset,Acessórios,Fortaleza,Fortaleza,Loja Física,PIX,2,227.27,0.0
PED08693,2026-05-01,Mesa Escritório,Móveis,Itapipoca,Interior,Marketplace,Boleto,1,500.17,0.0
PED06298,2026-05-01,Roteador,Informática,Fortaleza,Fortaleza,Loja Física,Cartão de Crédito,1,348.07,0.0
PED03588,2026-05-01,Roteador,Informática,Fortaleza,Fortaleza,Loja Física,PIX,1,520.83,0.05
PED00830,2026-05-01,Memória RAM,Informática,Juazeiro do Norte,Interior,Site,Cartão de Crédito,1,469.83,0.05
PED02307,2026-05-01,Notebook,Eletrônicos,Itapipoca,Interior,Marketplace,Boleto,4,4787.96,0.0
PED04002,2026-05-01,Smartphone,Eletrônicos,Caucaia,Região Metropolitana,Loja Física,PIX,1,1844.1,0.0
PED02813,2026-05-02,Monitor,Eletrônicos,Fortaleza,Fortaleza,Marketplace,PIX,1,1158.05,0.05
PED08030,2026-05-02,SSD 1TB,Informática,Fortaleza,Fortaleza,Loja Física,Boleto,1,540.43,0.05
PED00304,2026-05-02,Fone Bluetooth,Áudio,Fortaleza,Fortaleza,Site,PIX,1,606.77,0.1
PED02603,2026-05-02,Roteador,Informática,Sobral,Interior,Loja Física,Boleto,1,346.14,0.0
PED06843,2026-05-02,SSD 1TB,Informática,Juazeiro do Norte,Interior,Loja Física,Cartão de Débito,1,393.49,0.0
PED07503,2026-05-02,Mouse,Acessórios,Itapipoca,Interior,Marketplace,Boleto,1,298.47,0.0
PED05309,2026-05-02,Memória RAM,Informática,Juazeiro do Norte,Interior,Loja Física,Boleto,1,198.43,0.0
PED00434,2026-05-02,Caixa de Som,Áudio,Fortaleza,Fortaleza,Marketplace,Cartão de Crédito,1,433.38,0.15
PED01070,2026-05-02,Teclado,Acessórios,Juazeiro do Norte,Interior,Loja Física,Cartão de Débito,1,286.42,0.0
PED05769,2026-05-02,Fone Bluetooth,Áudio,Caucaia,Região Metropolitana,Site,Boleto,1,417.71,0.05
PED02281,2026-05-02,Caixa de Som,Áudio,Fortaleza,Fortaleza,Marketplace,Boleto,1,726.11,0.0
PED02775,2026-05-02,Mesa Escritório,Móveis,Fortaleza,Fortaleza,Loja Física,Cartão de Crédito,3,572.98,0.0
PED09536,2026-05-02,Smartphone,Eletrônicos,Fortaleza,Fortaleza,Marketplace,PIX,1,2356.66,0.0
PED06543,2026-05-02,Impressora,Informática,Fortaleza,Fortaleza,Loja Física,Cartão de Crédito,2,836.98,0.0
PED04141,2026-05-02,Fone Bluetooth,Áudio,Itapipoca,Interior,Site,Cartão de Débito,1,542.88,0.0
PED02499,2026-05-02,Headset,Acessórios,Itapipoca,Interior,Marketplace,Boleto,3,252.11,0.0
PED07390,2026-05-02,SSD 1TB,Informática,Fortaleza,Fortaleza,Marketplace,Boleto,1,315.7,0.15
PED05979,2026-05-02,Fone Bluetooth,Áudio,Itapipoca,Interior,Loja Física,Cartão de Crédito,2,585.39,0.0
PED09606,2026-05-02,Mouse,Acessórios,Fortaleza,Fortaleza,Marketplace,Cartão de Débito,1,98.43,0.0
PED05556,2026-05-03,Webcam,Acessórios,Fortaleza,Fortaleza,Marketplace,Cartão de Débito,1,249.09,0.05
PED02990,2026-05-03,Headset,Acessórios,Fortaleza,Fortaleza,Site,Cartão de Débito,3,257.14,0.05
PED01279,2026-05-03,Headset,Acessórios,Fortaleza,Fortaleza,Loja Física,Cartão de Débito,1,299.11,0.0
PED04621,2026-05-03,Caixa de Som,Áudio,Juazeiro do Norte,Interior,Loja Física,Cartão de Débito,1,758.94,0.0
PED01755,2026-05-03,Mesa Escritório,Móveis,Maracanaú,Região Metropolitana,Marketplace,Boleto,1,774.84,0.0
PED08706,2026-05-03,Mouse,Acessórios,Maracanaú,Região Metropolitana,Site,Cartão de Débito,1,117.06,0.0
PED01136,2026-05-03,Roteador,Informática,Sobral,Interior,Marketplace,PIX,1,483.08,0.15
PED08566,2026-05-03,Roteador,Informática,Fortaleza,Fortaleza,Marketplace,Boleto,3,519.53,0.0
PED04322,2026-05-03,Mouse,Acessórios,Juazeiro do Norte,Interior,Marketplace,Boleto,1,92.57,0.1
PED01393,2026-05-03,Cadeira Gamer,Móveis,Fortaleza,Fortaleza,Site,Cartão de Crédito,1,2171.06,0.0
PED03620,2026-05-03,Impressora,Informática,Itapipoca,Interior,Site,Boleto,1,1106.18,0.05
PED09947,2026-05-03,Headset,Acessórios,Fortaleza,Fortaleza,Site,Cartão de Crédito,1,156.44,0.0
PED00759,2026-05-03,Smartphone,Eletrônicos,Fortaleza,Fortaleza,Marketplace,Cartão de Crédito,1,2267.28,0.0
PED04550,2026-05-03,Impressora,Informática,Maracanaú,Região Metropolitana,Loja Física,PIX,1,893.64,0.0
PED08024,2026-05-04,Mouse,Acessórios,Caucaia,Região Metropolitana,Loja Física,Cartão de Crédito,1,97.1,0.1
PED03450,2026-05-04,Cadeira Gamer,Móveis,Sobral,Interior,Site,Boleto,2,1617.64,0.05
PED09905,2026-05-04,Teclado,Acessórios,Caucaia,Região Metropolitana,Site,PIX,3,251.83,0.0
PED02269,2026-05-04,Mesa Escritório,Móveis,Fortaleza,Fortaleza,Marketplace,PIX,3,757.2,0.05
PED07504,2026-05-04,Mesa Escritório,Móveis,Fortaleza,Fortaleza,Marketplace,Boleto,1,476.85,0.0
PED09276,2026-05-04,Cadeira Gamer,Móveis,Juazeiro do Norte,Interior,Loja Física,PIX,1,758.08,0.1
PED05640,2026-05-04,SSD 1TB,Informática,Sobral,Interior,Site,Cartão de Débito,2,310.93,0.05
PED05692,2026-05-04,Caixa de Som,Áudio,Juazeiro do Norte,Interior,Site,Boleto,1,695.83,0.15
PED06848,2026-05-04,Mouse,Acessórios,Caucaia,Região Metropolitana,Loja Física,Boleto,1,67.13,0.0
PED02886,2026-05-04,SSD 1TB,Informática,Caucaia,Região Metropolitana,Site,PIX,3,436.14,0.0
PED05417,2026-05-04,SSD 1TB,Informática,Itapipoca,Interior,Site,Cartão de Débito,1,595.87,0.05
PED07501,2026-05-04,Headset,Acessórios,Fortaleza,Fortaleza,Marketplace,PIX,1,285.89,0.05
PED02516,2026-05-04,Notebook,Eletrônicos,Maracanaú,Região Metropolitana,Marketplace,Cartão de Crédito,1,6461.48,0.0
PED05667,2026-05-04,Impressora,Informática,Caucaia,Região Metropolitana,Site,Cartão de Crédito,2,1594.07,0.0
PED07416,2026-05-05,Headset,Acessórios,Sobral,Interior,Loja Física,PIX,1,491.71,0.0
PED03436,2026-05-05,SSD 1TB,Informática,Fortaleza,Fortaleza,Marketplace,Cartão de Débito,1,584.57,0.1
PED05235,2026-05-05,Notebook,Eletrônicos,Juazeiro do Norte,Interior,Loja Física,Boleto,1,6084.66,0.0
PED01863,2026-05-05,Headset,Acessórios,Fortaleza,Fortaleza,Marketplace,PIX,1,402.39,0.05
PED05188,2026-05-05,Notebook,Eletrônicos,Fortaleza,Fortaleza,Marketplace,Boleto,1,3740.69,0.0
PED05563,2026-05-05,Cadeira Gamer,Móveis,Sobral,Interior,Site,Boleto,1,859.04,0.1
PED00486,2026-05-05,Webcam,Acessórios,Caucaia,Região Metropolitana,Site,Cartão de Crédito,1,185.57,0.1
PED02867,2026-05-05,Memória RAM,Informática,Fortaleza,Fortaleza,Loja Física,Boleto,2,465.41,0.05
PED05865,2026-05-05,SSD 1TB,Informática,Sobral,Interior,Marketplace,Cartão de Débito,3,566.08,0.15
PED06152,2026-05-05,Caixa de Som,Áudio,Juazeiro do Norte,Interior,Site,Boleto,1,332.99,0.0
PED01149,2026-05-05,Cadeira Gamer,Móveis,Fortaleza,Fortaleza,Marketplace,Cartão de Crédito,4,1417.29,0.05
PED09318,2026-05-05,Impressora,Informática,Caucaia,Região Metropolitana,Marketplace,Cartão de Crédito,2,1656.47,0.0
PED02292,2026-05-05,Roteador,Informática,Fortaleza,Fortaleza,Site,Cartão de Crédito,1,466.68,0.0
PED04074,2026-05-06,Fone Bluetooth,Áudio,Maracanaú,Região Metropolitana,Site,PIX,1,263.0,0.1
PED05866,2026-05-06,Mesa Escritório,Móveis,Fortaleza,Fortaleza,Site,PIX,1,1046.59,0.1
PED00831,2026-05-06,Cadeira Gamer,Móveis,Juazeiro do Norte,Interior,Loja Física,Cartão de Crédito,1,1700.91,0.05
PED01409,2026-05-06,Roteador,Informática,Itapipoca,Interior,Loja Física,Cartão de Débito,3,478.27,0.1
PED05194,2026-05-06,Webcam,Acessórios,Fortaleza,Fortaleza,Site,Boleto,1,396.5,0.0
PED08685,2026-05-06,Headset,Acessórios,Caucaia,Região Metropolitana,Marketplace,Cartão de Crédito,1,474.56,0.05
PED00252,2026-05-06,Cadeira Gamer,Móveis,Fortaleza,Fortaleza,Loja Física,Cartão de Crédito,3,1933.33,0.05
PED03870,2026-05-06,Roteador,Informática,Itapipoca,Interior,Loja Física,Cartão de Débito,1,299.6,0.05
PED03965,2026-05-06,Mesa Escritório,Móveis,Itapipoca,Interior,Site,Boleto,1,1341.75,0.0
PED09520,2026-05-06,SSD 1TB,Informática,Caucaia,Região Metropolitana,Site,Cartão de Débito,2,332.84,0.0
PED09544,2026-05-06,Notebook,Eletrônicos,Juazeiro do Norte,Interior,Marketplace,PIX,1,4132.04,0.0
PED01936,2026-05-06,Mouse,Acessórios,Fortaleza,Fortaleza,Loja Física,Cartão de Débito,1,126.18,0.0
PED06381,2026-05-06,Impressora,Informática,Maracanaú,Região Metropolitana,Loja Física,PIX,1,1190.05,0.0
PED03350,2026-05-06,Mesa Escritório,Móveis,Itapipoca,Interior,Marketplace,PIX,1,1035.45,0.0
PED06984,2026-05-06,Mouse,Acessórios,Itapipoca,Interior,Loja Física,Cartão de Crédito,1,84.36,0.0
PED00203,2026-05-06,Caixa de Som,Áudio,Maracanaú,Região Metropolitana,Marketplace,Cartão de Crédito,2,668.05,0.05
PED02485,2026-05-06,Fone Bluetooth,Áudio,Fortaleza,Fortaleza,Loja Física,PIX,2,567.4,0.05
PED05850,2026-05-06,Cadeira Gamer,Móveis,Juazeiro do Norte,Interior,Loja Física,Boleto,1,773.33,0.05
PED02230,2026-05-06,Fone Bluetooth,Áudio,Fortaleza,Fortaleza,Loja Física,Boleto,1,238.42,0.05
PED00852,2026-05-07,Fone Bluetooth,Áudio,Fortaleza,Fortaleza,Site,Cartão de Débito,2,473.9,0.1
PED01797,2026-05-07,Cadeira Gamer,Móveis,Sobral,Interior,Site,Boleto,1,1115.38,0.05
PED03449,2026-05-07,Mesa Escritório,Móveis,Juazeiro do Norte,Interior,Site,Boleto,1,1054.69,0.0
PED01029,2026-05-07,Headset,Acessórios,Fortaleza,Fortaleza,Site,PIX,1,362.56,0.0
PED06243,2026-05-07,Monitor,Eletrônicos,Fortaleza,Fortaleza,Loja Física,PIX,1,768.0,0.0
PED05912,2026-05-07,Impressora,Informática,Fortaleza,Fortaleza,Site,Cartão de Crédito,1,1317.35,0.0
PED03504,2026-05-07,Cadeira Gamer,Móveis,Juazeiro do Norte,Interior,Site,Boleto,1,1319.81,0.0
PED01235,2026-05-07,Caixa de Som,Áudio,Fortaleza,Fortaleza,Marketplace,Boleto,2,670.83,0.0
PED05050,2026-05-07,Headset,Acessórios,Fortaleza,Fortaleza,Marketplace,Cartão de Crédito,2,463.73,0.1
PED07336,2026-05-07,Roteador,Informática,Fortaleza,Fortaleza,Loja Física,Cartão de Crédito,1,249.31,0.05
PED05949,2026-05-07,Cadeira Gamer,Móveis,Fortaleza,Fortaleza,Marketplace,PIX,2,804.77,0.0
PED00933,2026-05-07,Monitor,Eletrônicos,Fortaleza,Fortaleza,Site,Cartão de Débito,1,1392.76,0.05
PED08986,2026-05-07,Notebook,Eletrônicos,Sobral,Interior,Site,Boleto,1,5027.16,0.0
PED02577,2026-05-07,Memória RAM,Informática,Juazeiro do Norte,Interior,Loja Física,Cartão de Débito,1,358.31,0.05
PED05760,2026-05-07,Webcam,Acessórios,Fortaleza,Fortaleza,Site,Cartão de Débito,1,388.85,0.0
PED06220,2026-05-07,Memória RAM,Informática,Caucaia,Região Metropolitana,Site,Cartão de Crédito,1,524.28,0.05
PED09439,2026-05-07,Headset,Acessórios,Caucaia,Região Metropolitana,Marketplace,Cartão de Crédito,2,384.19,0.1
PED04026,2026-05-08,Memória RAM,Informática,Caucaia,Região Metropolitana,Marketplace,Boleto,1,204.47,0.1
PED02185,2026-05-08,Caixa de Som,Áudio,Fortaleza,Fortaleza,Loja Física,Cartão de Crédito,1,543.39,0.0
PED07521,2026-05-08,Headset,Acessórios,Juazeiro do Norte,Interior,Loja Física,Boleto,4,487.58,0.0
PED08731,2026-05-08,Monitor,Eletrônicos,Maracanaú,Região Metropolitana,Loja Física,Cartão de Crédito,1,846.55,0.0
PED04095,2026-05-08,SSD 1TB,Informática,Fortaleza,Fortaleza,Site,PIX,3,325.08,0.05
PED00951,2026-05-08,Notebook,Eletrônicos,Itapipoca,Interior,Marketplace,Cartão de Crédito,1,5344.14,0.0
PED07011,2026-05-08,Fone Bluetooth,Áudio,Itapipoca,Interior,Loja Física,Cartão de Débito,1,475.49,0.1
PED09648,2026-05-08,Mouse,Acessórios,Fortaleza,Fortaleza,Site,Cartão de Crédito,3,116.18,0.1
PED06748,2026-05-08,Impressora,Informática,Fortaleza,Fortaleza,Loja Física,Cartão de Débito,1,988.63,0.0
PED04849,2026-05-08,Notebook,Eletrônicos,Fortaleza,Fortaleza,Loja Física,Boleto,2,3359.29,0.05
PED06949,2026-05-08,Teclado,Acessórios,Fortaleza,Fortaleza,Marketplace,Boleto,1,251.93,0.05
PED00844,2026-05-08,SSD 1TB,Informática,Juazeiro do Norte,Interior,Marketplace,Boleto,1,601.29,0.05
PED04818,2026-05-08,Notebook,Eletrônicos,Fortaleza,Fortaleza,Loja Física,Boleto,1,5804.37,0.0
PED03621,2026-05-08,Headset,Acessórios,Fortaleza,Fortaleza,Loja Física,Cartão de Débito,1,240.03,0.1
PED07357,2026-05-08,Fone Bluetooth,Áudio,Fortaleza,Fortaleza,Site,Cartão de Crédito,1,266.81,0.15
PED07879,2026-05-09,Mesa Escritório,Móveis,Itapipoca,Interior,Loja Física,Cartão de Débito,2,1337.63,0.0
PED00732,2026-05-09,Webcam,Acessórios,Fortaleza,Fortaleza,Site,PIX,1,317.61,0.0
PED06600,2026-05-09,Mouse,Acessórios,Sobral,Interior,Loja Física,Cartão de Débito,1,58.46,0.15
PED03308,2026-05-09,Webcam,Acessórios,Caucaia,Região Metropolitana,Site,PIX,1,158.59,0.0
PED01010,2026-05-09,Roteador,Informática,Fortaleza,Fortaleza,Site,Cartão de Débito,4,529.37,0.0
PED04199,2026-05-09,Notebook,Eletrônicos,Itapipoca,Interior,Loja Física,PIX,1,3549.56,0.05
PED00564,2026-05-09,Notebook,Eletrônicos,Itapipoca,Interior,Site,Cartão de Débito,1,5143.86,0.15
PED02595,2026-05-09,Mesa Escritório,Móveis,Itapipoca,Interior,Site,Boleto,2,559.22,0.0
PED04243,2026-05-09,Mesa Escritório,Móveis,Sobral,Interior,Marketplace,Cartão de Crédito,2,1242.55,0.05
PED03186,2026-05-09,Mouse,Acessórios,Fortaleza,Fortaleza,Marketplace,Cartão de Crédito,3,288.82,0.0
PED07577,2026-05-09,Smartphone,Eletrônicos,Sobral,Interior,Site,PIX,1,2135.87,0.1
PED05783,2026-05-09,Mouse,Acessórios,Fortaleza,Fortaleza,Marketplace,PIX,1,249.25,0.0
PED05785,2026-05-09,Monitor,Eletrônicos,Fortaleza,Fortaleza,Loja Física,Cartão de Débito,1,1040.04,0.0
PED07175,2026-05-09,Headset,Acessórios,Maracanaú,Região Metropolitana,Loja Física,PIX,3,108.05,0.0
PED03663,2026-05-10,Notebook,Eletrônicos,Itapipoca,Interior,Site,PIX,1,6405.37,0.0
PED07231,2026-05-10,Notebook,Eletrônicos,Itapipoca,Interior,Site,Cartão de Débito,2,4830.53,0.05
PED07948,2026-05-10,Notebook,Eletrônicos,Fortaleza,Fortaleza,Site,PIX,2,3331.53,0.1
PED05349,2026-05-10,Mesa Escritório,Móveis,Maracanaú,Região Metropolitana,Marketplace,Cartão de Crédito,1,1027.52,0.05
PED04925,2026-05-10,Memória RAM,Informática,Fortaleza,Fortaleza,Loja Física,Boleto,3,406.24,0.0
PED07565,2026-05-10,Teclado,Acessórios,Fortaleza,Fortaleza,Site,Boleto,1,152.72,0.05
PED06589,2026-05-10,Roteador,Informática,Caucaia,Região Metropolitana,Site,Cartão de Crédito,1,313.75,0.1
PED02165,2026-05-10,Fone Bluetooth,Áudio,Fortaleza,Fortaleza,Loja Física,Cartão de Débito,1,301.77,0.0
PED02863,2026-05-10,Cadeira Gamer,Móveis,Juazeiro do Norte,Interior,Site,PIX,1,1318.7,0.1
PED04204,2026-05-10,Smartphone,Eletrônicos,Caucaia,Região Metropolitana,Loja Física,PIX,2,3211.24,0.0
PED08489,2026-05-10,Teclado,Acessórios,Itapipoca,Interior,Loja Física,Cartão de Débito,1,143.44,0.1
PED00297,2026-05-10,Monitor,Eletrônicos,Fortaleza,Fortaleza,Marketplace,Boleto,1,669.66,0.0
PED05683,2026-05-10,Cadeira Gamer,Móveis,Fortaleza,Fortaleza,Marketplace,Boleto,2,1155.14,0.05
PED03728,2026-05-10,Headset,Acessórios,Fortaleza,Fortaleza,Marketplace,Cartão de Crédito,1,102.75,0.0
PED03050,2026-05-10,Monitor,Eletrônicos,Fortaleza,Fortaleza,Loja Física,Cartão de Débito,1,1471.58,0.0
PED01948,2026-05-10,Mesa Escritório,Móveis,Juazeiro do Norte,Interior,Site,Cartão de Débito,1,1530.93,0.0
PED09049,2026-05-10,Caixa de Som,Áudio,Fortaleza,Fortaleza,Marketplace,Cartão de Crédito,1,770.16,0.15
PED04028,2026-05-10,Notebook,Eletrônicos,Itapipoca,Interior,Site,Cartão de Crédito,1,5942.83,0.0
PED08523,2026-05-10,Mesa Escritório,Móveis,Itapipoca,Interior,Site,Boleto,4,1060.61,0.0
PED08682,2026-05-11,Teclado,Acessórios,Itapipoca,Interior,Site,Cartão de Débito,1,262.7,0.05
PED09201,2026-05-11,Fone Bluetooth,Áudio,Fortaleza,Fortaleza,Site,Cartão de Crédito,1,606.78,0.0
PED09453,2026-05-11,Notebook,Eletrônicos,Juazeiro do Norte,Interior,Marketplace,Cartão de Débito,2,4183.74,0.05
PED07889,2026-05-11,Mouse,Acessórios,Fortaleza,Fortaleza,Marketplace,Boleto,2,268.91,0.0
PED07396,2026-05-11,Webcam,Acessórios,Maracanaú,Região Metropolitana,Marketplace,Cartão de Crédito,1,451.59,0.1
PED09795,2026-05-11,Memória RAM,Informática,Fortaleza,Fortaleza,Loja Física,Boleto,1,354.41,0.05
PED02285,2026-05-11,Mesa Escritório,Móveis,Maracanaú,Região Metropolitana,Marketplace,PIX,1,1338.26,0.0
PED05280,2026-05-11,Mouse,Acessórios,Sobral,Interior,Marketplace,PIX,2,133.46,0.0
PED03627,2026-05-11,Smartphone,Eletrônicos,Sobral,Interior,Loja Física,Cartão de Crédito,2,2168.63,0.05
PED09779,2026-05-11,Headset,Acessórios,Caucaia,Região Metropolitana,Site,PIX,4,193.14,0.05
PED01358,2026-05-11,Mesa Escritório,Móveis,Maracanaú,Região Metropolitana,Loja Física,Cartão de Débito,2,1238.65,0.1
PED03408,2026-05-11,Impressora,Informática,Maracanaú,Região Metropolitana,Site,PIX,1,1397.75,0.15
PED05408,2026-05-11,Mouse,Acessórios,Fortaleza,Fortaleza,Marketplace,Boleto,1,268.3,0.0
PED06304,2026-05-11,Smartphone,Eletrônicos,Fortaleza,Fortaleza,Loja Física,Cartão de Débito,3,1412.6,0.1
PED01006,2026-05-11,Mouse,Acessórios,Fortaleza,Fortaleza,Loja Física,Boleto,1,204.72,0.0
PED01483,2026-05-12,Mesa Escritório,Móveis,Juazeiro do Norte,Interior,Loja Física,Cartão de Crédito,1,775.55,0.0
PED06074,2026-05-12,Roteador,Informática,Fortaleza,Fortaleza,Site,Cartão de Crédito,1,418.89,0.05
PED03067,2026-05-12,Webcam,Acessórios,Maracanaú,Região Metropolitana,Marketplace,Boleto,2,198.26,0.0
PED06047,2026-05-12,Cadeira Gamer,Móveis,Fortaleza,Fortaleza,Site,Cartão de Crédito,3,1937.14,0.0
PED01814,2026-05-12,SSD 1TB,Informática,Maracanaú,Região Metropolitana,Site,Cartão de Crédito,2,584.93,0.15
PED07226,2026-05-12,Mouse,Acessórios,Fortaleza,Fortaleza,Marketplace,Cartão de Débito,1,163.97,0.0
PED01600,2026-05-12,Memória RAM,Informática,Fortaleza,Fortaleza,Marketplace,Cartão de Crédito,1,498.31,0.1
PED06429,2026-05-12,Notebook,Eletrônicos,Juazeiro do Norte,Interior,Marketplace,Boleto,1,6472.99,0.05
PED03041,2026-05-12,Impressora,Informática,Maracanaú,Região Metropolitana,Marketplace,Cartão de Débito,1,1602.64,0.1
PED02604,2026-05-12,Mouse,Acessórios,Fortaleza,Fortaleza,Loja Física,PIX,1,183.84,0.05
PED01908,2026-05-13,Smartphone,Eletrônicos,Maracanaú,Região Metropolitana,Loja Física,PIX,1,1786.29,0.15
PED06477,2026-05-13,Roteador,Informática,Fortaleza,Fortaleza,Marketplace,PIX,2,301.49,0.05
PED08152,2026-05-13,Mouse,Acessórios,Juazeiro do Norte,Interior,Site,Cartão de Crédito,1,140.58,0.05
PED02993,2026-05-13,Roteador,Informática,Fortaleza,Fortaleza,Site,Boleto,1,218.2,0.0
PED00893,2026-05-13,Teclado,Acessórios,Fortaleza,Fortaleza,Marketplace,Boleto,2,230.37,0.0
PED08298,2026-05-13,Headset,Acessórios,Sobral,Interior,Loja Física,Cartão de Crédito,1,342.0,0.0
PED09583,2026-05-13,Monitor,Eletrônicos,Juazeiro do Norte,Interior,Marketplace,Cartão de Crédito,1,1242.77,0.0
PED03833,2026-05-13,SSD 1TB,Informática,Sobral,Interior,Loja Física,Boleto,1,395.88,0.0
PED04831,2026-05-13,Mouse,Acessórios,Itapipoca,Interior,Site,PIX,3,247.27,0.0
PED08394,2026-05-13,Notebook,Eletrônicos,Fortaleza,Fortaleza,Marketplace,Cartão de Débito,1,4715.06,0.0
PED08802,2026-05-13,Notebook,Eletrônicos,Fortaleza,Fortaleza,Site,PIX,1,5583.53,0.0
PED05745,2026-05-13,Notebook,Eletrônicos,Fortaleza,Fortaleza,Loja Física,PIX,3,5933.74,0.05
PED03608,2026-05-13,Teclado,Acessórios,Fortaleza,Fortaleza,Loja Física,Cartão de Débito,3,193.99,0.0
PED02879,2026-05-13,Webcam,Acessórios,Juazeiro do Norte,Interior,Marketplace,PIX,3,305.82,0.0
PED08853,2026-05-13,Notebook,Eletrônicos,Sobral,Interior,Loja Física,Boleto,1,5302.17,0.05
PED05259,2026-05-13,Monitor,Eletrônicos,Sobral,Interior,Site,PIX,2,1038.74,0.0
PED01872,2026-05-13,Impressora,Informática,Fortaleza,Fortaleza,Loja Física,PIX,2,1034.13,0.0
PED05047,2026-05-13,Webcam,Acessórios,Fortaleza,Fortaleza,Loja Física,Boleto,2,423.95,0.0
PED05049,2026-05-13,Fone Bluetooth,Áudio,Fortaleza,Fortaleza,Marketplace,Cartão de Crédito,1,590.79,0.15
PED08955,2026-05-13,Monitor,Eletrônicos,Juazeiro do Norte,Interior,Loja Física,Cartão de Débito,2,983.78,0.0
PED03849,2026-05-13,Mouse,Acessórios,Maracanaú,Região Metropolitana,Loja Física,Cartão de Crédito,1,195.82,0.0
PED00184,2026-05-13,Notebook,Eletrônicos,Fortaleza,Fortaleza,Loja Física,Cartão de Crédito,1,6499.92,0.0
PED00949,2026-05-14,Monitor,Eletrônicos,Maracanaú,Região Metropolitana,Site,Cartão de Débito,1,1513.33,0.0
PED01803,2026-05-14,Caixa de Som,Áudio,Juazeiro do Norte,Interior,Marketplace,Boleto,1,403.0,0.0
PED01933,2026-05-14,Monitor,Eletrônicos,Fortaleza,Fortaleza,Site,Boleto,1,1541.11,0.0
PED00416,2026-05-14,Headset,Acessórios,Fortaleza,Fortaleza,Marketplace,Cartão de Débito,1,170.13,0.15
PED07143,2026-05-14,Webcam,Acessórios,Fortaleza,Fortaleza,Loja Física,Cartão de Crédito,1,394.33,0.0
PED00734,2026-05-14,Impressora,Informática,Fortaleza,Fortaleza,Loja Física,Boleto,3,956.72,0.05
PED01931,2026-05-14,Webcam,Acessórios,Fortaleza,Fortaleza,Loja Física,PIX,1,245.03,0.0
PED08927,2026-05-14,Smartphone,Eletrônicos,Itapipoca,Interior,Site,Boleto,1,3269.99,0.0
PED03119,2026-05-14,Impressora,Informática,Maracanaú,Região Metropolitana,Site,PIX,1,1080.87,0.05
PED07266,2026-05-14,Memória RAM,Informática,Maracanaú,Região Metropolitana,Marketplace,Cartão de Débito,2,493.49,0.0
PED05883,2026-05-14,Smartphone,Eletrônicos,Caucaia,Região Metropolitana,Loja Física,Cartão de Crédito,1,3198.39,0.05
PED02398,2026-05-14,Headset,Acessórios,Fortaleza,Fortaleza,Marketplace,PIX,1,386.3,0.0
PED05870,2026-05-14,Mouse,Acessórios,Caucaia,Região Metropolitana,Site,PIX,1,242.21,0.1
PED01683,2026-05-14,SSD 1TB,Informática,Caucaia,Região Metropolitana,Site,Cartão de Crédito,1,473.45,0.05
PED07500,2026-05-14,Monitor,Eletrônicos,Caucaia,Região Metropolitana,Site,Cartão de Débito,1,1282.04,0.0
PED04157,2026-05-14,Impressora,Informática,Itapipoca,Interior,Marketplace,PIX,1,886.73,0.0
PED03642,2026-05-14,Impressora,Informática,Fortaleza,Fortaleza,Loja Física,Cartão de Débito,4,1648.99,0.1
PED01125,2026-05-14,Monitor,Eletrônicos,Fortaleza,Fortaleza,Loja Física,PIX,1,1213.33,0.0
PED04730,2026-05-14,Roteador,Informática,Sobral,Interior,Loja Física,Cartão de Crédito,1,419.75,0.0
PED00537,2026-05-14,Smartphone,Eletrônicos,Fortaleza,Fortaleza,Site,Cartão de Débito,1,1361.57,0.0
PED03205,2026-05-14,Fone Bluetooth,Áudio,Fortaleza,Fortaleza,Marketplace,PIX,1,612.52,0.0
PED00729,2026-05-15,Impressora,Informática,Fortaleza,Fortaleza,Loja Física,PIX,2,1144.17,0.0
PED05024,2026-05-15,Caixa de Som,Áudio,Maracanaú,Região Metropolitana,Site,Cartão de Débito,1,209.71,0.0
PED05735,2026-05-15,Memória RAM,Informática,Fortaleza,Fortaleza,Site,PIX,1,187.01,0.05
PED04656,2026-05-15,Notebook,Eletrônicos,Sobral,Interior,Site,Cartão de Débito,2,3850.02,0.0
PED09169,2026-05-15,Mouse,Acessórios,Fortaleza,Fortaleza,Marketplace,Cartão de Débito,1,97.35,0.05
PED07495,2026-05-15,Roteador,Informática,Fortaleza,Fortaleza,Site,Boleto,1,243.33,0.0
PED06927,2026-05-15,Fone Bluetooth,Áudio,Fortaleza,Fortaleza,Loja Física,Cartão de Crédito,2,84.57,0.0
PED06075,2026-05-15,Fone Bluetooth,Áudio,Itapipoca,Interior,Site,Cartão de Débito,1,111.92,0.0
PED00354,2026-05-15,Cadeira Gamer,Móveis,Fortaleza,Fortaleza,Site,PIX,3,1996.81,0.0
PED01318,2026-05-15,Mesa Escritório,Móveis,Maracanaú,Região Metropolitana,Site,Boleto,1,937.3,0.0
PED08906,2026-05-15,Roteador,Informática,Maracanaú,Região Metropolitana,Marketplace,PIX,1,397.91,0.1
PED05455,2026-05-15,Monitor,Eletrônicos,Fortaleza,Fortaleza,Marketplace,Cartão de Crédito,1,1567.25,0.0
PED09103,2026-05-15,Mouse,Acessórios,Maracanaú,Região Metropolitana,Loja Física,Boleto,1,155.05,0.0
PED07421,2026-05-15,Mesa Escritório,Móveis,Maracanaú,Região Metropolitana,Loja Física,Boleto,1,1308.67,0.15
PED05693,2026-05-15,Memória RAM,Informática,Caucaia,Região Metropolitana,Loja Física,Cartão de Crédito,2,544.9,0.0
PED00956,2026-05-15,Webcam,Acessórios,Caucaia,Região Metropolitana,Loja Física,PIX,1,426.42,0.05
PED05798,2026-05-15,SSD 1TB,Informática,Maracanaú,Região Metropolitana,Marketplace,PIX,3,486.56,0.0
PED07534,2026-05-15,Notebook,Eletrônicos,Fortaleza,Fortaleza,Loja Física,Cartão de Débito,1,5812.29,0.0
PED01196,2026-05-15,Smartphone,Eletrônicos,Caucaia,Região Metropolitana,Loja Física,Cartão de Crédito,3,3670.01,0.0
PED07222,2026-05-15,Caixa de Som,Áudio,Juazeiro do Norte,Interior,Loja Física,Cartão de Crédito,1,466.23,0.0
PED07168,2026-05-15,Webcam,Acessórios,Juazeiro do Norte,Interior,Loja Física,PIX,1,289.07,0.0
PED07997,2026-05-15,Cadeira Gamer,Móveis,Juazeiro do Norte,Interior,Loja Física,PIX,2,1844.11,0.0
PED05137,2026-05-16,Roteador,Informática,Fortaleza,Fortaleza,Site,Cartão de Débito,1,207.38,0.0
PED03639,2026-05-16,SSD 1TB,Informática,Maracanaú,Região Metropolitana,Marketplace,Boleto,1,539.27,0.05
PED02209,2026-05-16,Monitor,Eletrônicos,Fortaleza,Fortaleza,Marketplace,Boleto,1,1298.28,0.1
PED04366,2026-05-16,Impressora,Informática,Maracanaú,Região Metropolitana,Loja Física,Cartão de Crédito,2,962.37,0.05
PED06702,2026-05-16,Roteador,Informática,Fortaleza,Fortaleza,Marketplace,Boleto,1,512.05,0.0
PED03643,2026-05-16,Mesa Escritório,Móveis,Fortaleza,Fortaleza,Loja Física,Boleto,1,597.3,0.0
PED04072,2026-05-16,Teclado,Acessórios,Itapipoca,Interior,Loja Física,Cartão de Débito,3,440.04,0.05
PED07596,2026-05-16,Smartphone,Eletrônicos,Itapipoca,Interior,Site,Cartão de Crédito,1,1135.22,0.0
PED04298,2026-05-16,Impressora,Informática,Caucaia,Região Metropolitana,Site,PIX,1,698.18,0.1
PED07937,2026-05-16,Mesa Escritório,Móveis,Itapipoca,Interior,Marketplace,Boleto,2,612.91,0.0
PED09465,2026-05-16,Monitor,Eletrônicos,Maracanaú,Região Metropolitana,Site,PIX,2,1708.54,0.0
PED06709,2026-05-16,Mouse,Acessórios,Caucaia,Região Metropolitana,Loja Física,Cartão de Crédito,1,67.49,0.1
PED09963,2026-05-16,SSD 1TB,Informática,Fortaleza,Fortaleza,Marketplace,PIX,1,324.56,0.0
PED08563,2026-05-16,Caixa de Som,Áudio,Juazeiro do Norte,Interior,Loja Física,Cartão de Crédito,1,662.08,0.1
PED03524,2026-05-16,Memória RAM,Informática,Maracanaú,Região Metropolitana,Site,Cartão de Débito,3,463.42,0.1
PED07898,2026-05-16,Impressora,Informática,Caucaia,Região Metropolitana,Loja Física,Cartão de Crédito,1,688.42,0.15
PED04660,2026-05-16,Memória RAM,Informática,Itapipoca,Interior,Marketplace,Cartão de Débito,1,502.95,0.0
PED06431,2026-05-16,SSD 1TB,Informática,Sobral,Interior,Site,PIX,2,526.83,0.0
PED02019,2026-05-16,Caixa de Som,Áudio,Maracanaú,Região Metropolitana,Site,Boleto,3,134.25,0.0
PED01016,2026-05-16,Notebook,Eletrônicos,Itapipoca,Interior,Site,PIX,1,5798.11,0.1
PED00270,2026-05-16,Caixa de Som,Áudio,Caucaia,Região Metropolitana,Loja Física,Boleto,1,666.08,0.0
PED03517,2026-05-17,Memória RAM,Informática,Sobral,Interior,Site,Cartão de Débito,1,359.67,0.1
PED07779,2026-05-17,Fone Bluetooth,Áudio,Fortaleza,Fortaleza,Site,Boleto,1,211.48,0.1
PED02036,2026-05-17,Memória RAM,Informática,Fortaleza,Fortaleza,Loja Física,Boleto,2,504.99,0.05
PED08552,2026-05-17,Monitor,Eletrônicos,Fortaleza,Fortaleza,Site,PIX,1,778.27,0.1
PED00683,2026-05-17,Smartphone,Eletrônicos,Fortaleza,Fortaleza,Marketplace,Cartão de Débito,3,4020.39,0.0
PED04825,2026-05-17,Headset,Acessórios,Maracanaú,Região Metropolitana,Marketplace,Cartão de Crédito,2,362.8,0.0
PED09477,2026-05-17,SSD 1TB,Informática,Caucaia,Região Metropolitana,Site,Cartão de Crédito,1,624.2,0.05
PED06710,2026-05-17,Monitor,Eletrônicos,Juazeiro do Norte,Interior,Site,Cartão de Débito,3,1676.77,0.0
PED05153,2026-05-17,Headset,Acessórios,Caucaia,Região Metropolitana,Loja Física,Cartão de Débito,2,425.48,0.1
PED04873,2026-05-17,Cadeira Gamer,Móveis,Juazeiro do Norte,Interior,Loja Física,Cartão de Débito,2,2050.73,0.0
PED06546,2026-05-17,Fone Bluetooth,Áudio,Juazeiro do Norte,Interior,Site,Cartão de Crédito,1,208.88,0.05
PED04658,2026-05-17,Caixa de Som,Áudio,Fortaleza,Fortaleza,Site,PIX,1,617.34,0.0
PED06752,2026-05-17,Cadeira Gamer,Móveis,Itapipoca,Interior,Marketplace,PIX,1,652.24,0.1
PED08771,2026-05-17,Mesa Escritório,Móveis,Fortaleza,Fortaleza,Marketplace,Cartão de Débito,3,1097.88,0.15
PED05098,2026-05-18,Fone Bluetooth,Áudio,Sobral,Interior,Marketplace,PIX,2,200.32,0.0
PED05428,2026-05-18,Headset,Acessórios,Fortaleza,Fortaleza,Site,Cartão de Débito,1,519.54,0.05
PED05612,2026-05-18,Mesa Escritório,Móveis,Caucaia,Região Metropolitana,Loja Física,Boleto,1,1040.44,0.0
PED01865,2026-05-18,Roteador,Informática,Maracanaú,Região Metropolitana,Loja Física,Boleto,1,177.02,0.15
PED05518,2026-05-18,Smartphone,Eletrônicos,Juazeiro do Norte,Interior,Site,Cartão de Débito,1,2635.91,0.15
PED01960,2026-05-18,Teclado,Acessórios,Sobral,Interior,Loja Física,Cartão de Débito,3,295.48,0.1
PED08728,2026-05-18,Smartphone,Eletrônicos,Itapipoca,Interior,Site,PIX,1,1099.27,0.05
PED05437,2026-05-18,Mesa Escritório,Móveis,Caucaia,Região Metropolitana,Loja Física,Boleto,1,1592.81,0.0
PED00412,2026-05-18,Mesa Escritório,Móveis,Sobral,Interior,Loja Física,PIX,1,514.59,0.0
PED01574,2026-05-18,Mesa Escritório,Móveis,Fortaleza,Fortaleza,Loja Física,Boleto,4,1509.35,0.05
PED03451,2026-05-18,Notebook,Eletrônicos,Fortaleza,Fortaleza,Loja Física,PIX,3,4121.23,0.0
PED09786,2026-05-18,SSD 1TB,Informática,Fortaleza,Fortaleza,Loja Física,Boleto,1,531.06,0.15
PED03958,2026-05-18,Mesa Escritório,Móveis,Fortaleza,Fortaleza,Marketplace,Boleto,1,1357.68,0.05
PED00876,2026-05-18,Monitor,Eletrônicos,Fortaleza,Fortaleza,Marketplace,Boleto,1,1244.89,0.1
PED03512,2026-05-18,Impressora,Informática,Sobral,Interior,Site,Cartão de Crédito,1,1494.46,0.1
PED02679,2026-05-18,Notebook,Eletrônicos,Fortaleza,Fortaleza,Loja Física,PIX,1,4071.39,0.0
PED07805,2026-05-18,Memória RAM,Informática,Juazeiro do Norte,Interior,Loja Física,PIX,2,537.39,0.0
PED06759,2026-05-18,Teclado,Acessórios,Caucaia,Região Metropolitana,Marketplace,Cartão de Débito,1,368.73,0.15
PED07825,2026-05-18,Teclado,Acessórios,Fortaleza,Fortaleza,Site,Cartão de Débito,1,114.44,0.1
PED01728,2026-05-18,Smartphone,Eletrônicos,Fortaleza,Fortaleza,Loja Física,Boleto,1,1049.73,0.0
PED01756,2026-05-18,Roteador,Informática,Fortaleza,Fortaleza,Marketplace,Cartão de Débito,3,311.86,0.0
PED09928,2026-05-18,Teclado,Acessórios,Itapipoca,Interior,Marketplace,Cartão de Crédito,3,369.31,0.1
PED07159,2026-05-18,Smartphone,Eletrônicos,Fortaleza,Fortaleza,Site,PIX,1,1329.14,0.1
PED00093,2026-05-18,Notebook,Eletrônicos,Maracanaú,Região Metropolitana,Loja Física,PIX,2,5094.41,0.0
PED02486,2026-05-19,Smartphone,Eletrônicos,Caucaia,Região Metropolitana,Site,PIX,1,3879.62,0.05
PED03363,2026-05-19,Impressora,Informática,Fortaleza,Fortaleza,Site,Boleto,3,1790.52,0.05
PED07433,2026-05-19,SSD 1TB,Informática,Juazeiro do Norte,Interior,Marketplace,PIX,2,366.97,0.0
PED08769,2026-05-19,Smartphone,Eletrônicos,Caucaia,Região Metropolitana,Loja Física,Cartão de Crédito,2,3464.71,0.0
PED04122,2026-05-19,Mesa Escritório,Móveis,Caucaia,Região Metropolitana,Marketplace,PIX,1,1208.48,0.0
PED00493,2026-05-19,SSD 1TB,Informática,Sobral,Interior,Site,Cartão de Crédito,2,402.43,0.0
PED01774,2026-05-19,Roteador,Informática,Maracanaú,Região Metropolitana,Marketplace,Cartão de Débito,1,549.67,0.0
PED06703,2026-05-19,Mesa Escritório,Móveis,Sobral,Interior,Site,Cartão de Débito,1,522.0,0.0
PED01830,2026-05-19,Notebook,Eletrônicos,Fortaleza,Fortaleza,Loja Física,Cartão de Débito,1,5516.02,0.0
PED07924,2026-05-19,Mesa Escritório,Móveis,Sobral,Interior,Loja Física,PIX,1,1099.16,0.0
PED01141,2026-05-19,Fone Bluetooth,Áudio,Itapipoca,Interior,Loja Física,Cartão de Débito,2,577.01,0.1
PED09311,2026-05-19,Smartphone,Eletrônicos,Maracanaú,Região Metropolitana,Site,Boleto,1,4469.56,0.0
PED07160,2026-05-19,Teclado,Acessórios,Fortaleza,Fortaleza,Loja Física,Boleto,1,95.1,0.15
PED04015,2026-05-19,Monitor,Eletrônicos,Sobral,Interior,Loja Física,Boleto,3,1444.67,0.05
PED09997,2026-05-20,SSD 1TB,Informática,Fortaleza,Fortaleza,Site,Boleto,2,378.69,0.0
PED00588,2026-05-20,Smartphone,Eletrônicos,Fortaleza,Fortaleza,Marketplace,PIX,1,3651.28,0.15
PED08859,2026-05-20,Fone Bluetooth,Áudio,Fortaleza,Fortaleza,Loja Física,Boleto,2,119.14,0.0
PED04076,2026-05-20,Mesa Escritório,Móveis,Fortaleza,Fortaleza,Loja Física,Cartão de Débito,1,1478.52,0.0
PED09641,2026-05-20,Fone Bluetooth,Áudio,Fortaleza,Fortaleza,Site,Cartão de Débito,2,121.47,0.0
PED00422,2026-05-20,SSD 1TB,Informática,Itapipoca,Interior,Site,Cartão de Débito,3,482.03,0.1
PED07417,2026-05-20,Memória RAM,Informática,Juazeiro do Norte,Interior,Site,Cartão de Débito,3,216.12,0.05
PED09951,2026-05-20,Webcam,Acessórios,Maracanaú,Região Metropolitana,Marketplace,Cartão de Crédito,1,475.62,0.0
PED08288,2026-05-20,Headset,Acessórios,Fortaleza,Fortaleza,Loja Física,Cartão de Crédito,1,303.18,0.05
PED03278,2026-05-20,Mesa Escritório,Móveis,Fortaleza,Fortaleza,Loja Física,Cartão de Crédito,1,1300.65,0.0
PED02391,2026-05-20,Fone Bluetooth,Áudio,Maracanaú,Região Metropolitana,Loja Física,Boleto,1,481.39,0.0
PED08544,2026-05-20,Notebook,Eletrônicos,Fortaleza,Fortaleza,Marketplace,Boleto,2,4312.11,0.1
PED08660,2026-05-20,Smartphone,Eletrônicos,Fortaleza,Fortaleza,Marketplace,Boleto,1,1143.0,0.1
PED01829,2026-05-20,Impressora,Informática,Itapipoca,Interior,Loja Física,Boleto,1,1237.54,0.1
PED05920,2026-05-20,Monitor,Eletrônicos,Juazeiro do Norte,Interior,Site,PIX,3,1659.17,0.0
PED08991,2026-05-20,Notebook,Eletrônicos,Fortaleza,Fortaleza,Marketplace,PIX,1,4304.03,0.0
PED04361,2026-05-20,Mouse,Acessórios,Caucaia,Região Metropolitana,Site,Cartão de Débito,2,189.35,0.05
PED08173,2026-05-21,Notebook,Eletrônicos,Fortaleza,Fortaleza,Site,Boleto,1,5244.7,0.15
PED05134,2026-05-21,Headset,Acessórios,Fortaleza,Fortaleza,Marketplace,Boleto,3,352.29,0.15
PED04508,2026-05-21,Impressora,Informática,Juazeiro do Norte,Interior,Marketplace,Boleto,2,1435.41,0.1
PED02688,2026-05-21,Roteador,Informática,Caucaia,Região Metropolitana,Loja Física,Boleto,1,355.0,0.0
PED01945,2026-05-21,Teclado,Acessórios,Caucaia,Região Metropolitana,Loja Física,PIX,4,324.38,0.1
PED01347,2026-05-21,Teclado,Acessórios,Caucaia,Região Metropolitana,Marketplace,Boleto,1,111.49,0.0
PED03466,2026-05-21,Caixa de Som,Áudio,Juazeiro do Norte,Interior,Site,Cartão de Crédito,3,733.22,0.0
PED08476,2026-05-21,Caixa de Som,Áudio,Fortaleza,Fortaleza,Site,PIX,1,775.88,0.1
PED08396,2026-05-21,Roteador,Informática,Fortaleza,Fortaleza,Marketplace,Cartão de Crédito,1,330.99,0.05
PED03573,2026-05-21,Impressora,Informática,Caucaia,Região Metropolitana,Marketplace,Cartão de Crédito,2,867.61,0.05
PED03589,2026-05-21,Headset,Acessórios,Itapipoca,Interior,Loja Física,Cartão de Débito,1,487.68,0.05
PED08397,2026-05-21,Cadeira Gamer,Móveis,Fortaleza,Fortaleza,Marketplace,PIX,2,1757.59,0.1
PED01326,2026-05-21,Webcam,Acessórios,Fortaleza,Fortaleza,Site,PIX,1,694.35,0.0
PED00481,2026-05-21,Notebook,Eletrônicos,Fortaleza,Fortaleza,Loja Física,PIX,1,5772.44,0.0
PED07292,2026-05-21,Teclado,Acessórios,Fortaleza,Fortaleza,Loja Física,Boleto,4,420.01,0.0
PED09561,2026-05-22,Impressora,Informática,Fortaleza,Fortaleza,Site,PIX,2,553.01,0.05
PED03438,2026-05-22,Mouse,Acessórios,Fortaleza,Fortaleza,Site,Cartão de Crédito,1,229.16,0.0
PED03008,2026-05-22,Roteador,Informática,Sobral,Interior,Loja Física,Cartão de Débito,1,467.74,0.0
PED07463,2026-05-22,Fone Bluetooth,Áudio,Caucaia,Região Metropolitana,Marketplace,Cartão de Crédito,1,245.39,0.0
PED09868,2026-05-22,Mouse,Acessórios,Itapipoca,Interior,Site,PIX,1,191.86,0.0
PED06744,2026-05-22,Impressora,Informática,Maracanaú,Região Metropolitana,Loja Física,Boleto,1,1665.43,0.1
PED05476,2026-05-22,Mesa Escritório,Móveis,Fortaleza,Fortaleza,Site,Boleto,3,929.71,0.1
PED06207,2026-05-22,Mouse,Acessórios,Caucaia,Região Metropolitana,Site,Cartão de Débito,1,171.13,0.1
PED08166,2026-05-22,Caixa de Som,Áudio,Fortaleza,Fortaleza,Loja Física,Cartão de Crédito,1,462.33,0.05
PED00085,2026-05-22,SSD 1TB,Informática,Maracanaú,Região Metropolitana,Site,Cartão de Crédito,2,460.39,0.0
PED05681,2026-05-22,Teclado,Acessórios,Caucaia,Região Metropolitana,Loja Física,PIX,1,245.88,0.1
PED08642,2026-05-22,Webcam,Acessórios,Itapipoca,Interior,Site,Boleto,1,157.24,0.15
PED05592,2026-05-22,Impressora,Informática,Fortaleza,Fortaleza,Site,Cartão de Débito,3,918.64,0.0
PED03482,2026-05-22,Notebook,Eletrônicos,Maracanaú,Região Metropolitana,Site,Cartão de Crédito,1,5249.29,0.0
PED00575,2026-05-22,Roteador,Informática,Fortaleza,Fortaleza,Site,PIX,2,248.75,0.0
PED07409,2026-05-22,Fone Bluetooth,Áudio,Fortaleza,Fortaleza,Loja Física,Cartão de Crédito,3,253.83,0.0
PED04397,2026-05-23,Mouse,Acessórios,Itapipoca,Interior,Marketplace,Cartão de Crédito,4,53.38,0.15
PED04214,2026-05-23,Monitor,Eletrônicos,Fortaleza,Fortaleza,Marketplace,Cartão de Crédito,1,724.46,0.05
PED04181,2026-05-23,Mesa Escritório,Móveis,Sobral,Interior,Loja Física,Boleto,2,786.53,0.05
PED01316,2026-05-23,Smartphone,Eletrônicos,Fortaleza,Fortaleza,Site,Boleto,1,4220.45,0.0
PED00345,2026-05-23,Memória RAM,Informática,Fortaleza,Fortaleza,Marketplace,PIX,2,379.09,0.05
PED06847,2026-05-23,Impressora,Informática,Itapipoca,Interior,Site,PIX,1,1209.65,0.05
PED00955,2026-05-23,Impressora,Informática,Sobral,Interior,Marketplace,Cartão de Débito,1,596.27,0.0
PED08977,2026-05-23,Mesa Escritório,Móveis,Fortaleza,Fortaleza,Site,Cartão de Crédito,3,592.69,0.0
PED03998,2026-05-23,Monitor,Eletrônicos,Maracanaú,Região Metropolitana,Marketplace,Cartão de Crédito,1,660.81,0.0
PED07679,2026-05-23,Monitor,Eletrônicos,Fortaleza,Fortaleza,Marketplace,Cartão de Débito,2,1336.16,0.0
PED09672,2026-05-23,SSD 1TB,Informática,Caucaia,Região Metropolitana,Site,Boleto,1,601.42,0.05
PED09200,2026-05-23,Notebook,Eletrônicos,Sobral,Interior,Site,Boleto,1,4312.9,0.05
PED08778,2026-05-23,Caixa de Som,Áudio,Sobral,Interior,Marketplace,Cartão de Débito,1,622.91,0.0
PED07020,2026-05-23,Caixa de Som,Áudio,Fortaleza,Fortaleza,Marketplace,Cartão de Débito,1,251.83,0.0
PED09154,2026-05-23,Mouse,Acessórios,Fortaleza,Fortaleza,Loja Física,Cartão de Débito,2,63.07,0.0
PED04077,2026-05-23,SSD 1TB,Informática,Itapipoca,Interior,Site,Cartão de Débito,1,557.92,0.1
PED07709,2026-05-23,Memória RAM,Informática,Fortaleza,Fortaleza,Marketplace,Cartão de Crédito,1,329.96,0.05
PED05972,2026-05-23,Impressora,Informática,Fortaleza,Fortaleza,Marketplace,Cartão de Crédito,1,795.63,0.0
PED04084,2026-05-23,Impressora,Informática,Fortaleza,Fortaleza,Loja Física,Cartão de Débito,2,1369.96,0.1
PED04847,2026-05-23,Webcam,Acessórios,Fortaleza,Fortaleza,Loja Física,Boleto,1,203.48,0.0
PED03357,2026-05-23,SSD 1TB,Informática,Caucaia,Região Metropolitana,Site,Cartão de Débito,1,289.23,0.0
PED04130,2026-05-23,Cadeira Gamer,Móveis,Maracanaú,Região Metropolitana,Site,PIX,4,737.58,0.05
PED00941,2026-05-23,SSD 1TB,Informática,Itapipoca,Interior,Marketplace,PIX,1,387.56,0.05
PED01962,2026-05-24,Mouse,Acessórios,Fortaleza,Fortaleza,Marketplace,Cartão de Crédito,2,219.15,0.0
PED08145,2026-05-24,Headset,Acessórios,Sobral,Interior,Loja Física,Cartão de Crédito,2,139.62,0.0
PED03659,2026-05-24,Mesa Escritório,Móveis,Fortaleza,Fortaleza,Loja Física,Cartão de Débito,2,889.3,0.0
PED01898,2026-05-24,Teclado,Acessórios,Maracanaú,Região Metropolitana,Site,Cartão de Crédito,1,218.82,0.0
PED00380,2026-05-24,Smartphone,Eletrônicos,Fortaleza,Fortaleza,Site,Cartão de Débito,4,1099.58,0.05
PED05340,2026-05-24,Mesa Escritório,Móveis,Fortaleza,Fortaleza,Marketplace,PIX,1,1184.82,0.05
PED00130,2026-05-24,Roteador,Informática,Sobral,Interior,Site,Cartão de Crédito,2,427.11,0.15
PED04284,2026-05-24,Webcam,Acessórios,Fortaleza,Fortaleza,Loja Física,Boleto,2,351.85,0.0
PED05422,2026-05-24,Impressora,Informática,Maracanaú,Região Metropolitana,Loja Física,Cartão de Débito,1,1075.58,0.0
PED02252,2026-05-24,Memória RAM,Informática,Fortaleza,Fortaleza,Site,Boleto,1,405.55,0.05
PED07255,2026-05-24,Smartphone,Eletrônicos,Sobral,Interior,Loja Física,PIX,1,2583.83,0.05
PED06943,2026-05-24,Teclado,Acessórios,Juazeiro do Norte,Interior,Loja Física,Boleto,1,181.8,0.0
PED02890,2026-05-24,Teclado,Acessórios,Caucaia,Região Metropolitana,Loja Física,Cartão de Crédito,1,172.09,0.0
PED09668,2026-05-24,SSD 1TB,Informática,Fortaleza,Fortaleza,Marketplace,Boleto,1,365.16,0.05
PED04647,2026-05-24,Cadeira Gamer,Móveis,Fortaleza,Fortaleza,Loja Física,Cartão de Crédito,3,1214.52,0.15
PED02644,2026-05-24,Impressora,Informática,Caucaia,Região Metropolitana,Loja Física,Boleto,1,1103.37,0.1
PED02966,2026-05-24,Roteador,Informática,Fortaleza,Fortaleza,Site,Boleto,1,246.44,0.0
PED05175,2026-05-25,Headset,Acessórios,Juazeiro do Norte,Interior,Loja Física,Cartão de Débito,1,424.05,0.0
PED09698,2026-05-25,SSD 1TB,Informática,Fortaleza,Fortaleza,Site,PIX,1,389.89,0.1
PED05149,2026-05-25,Webcam,Acessórios,Sobral,Interior,Marketplace,Cartão de Débito,4,395.25,0.05
PED06421,2026-05-25,Cadeira Gamer,Móveis,Caucaia,Região Metropolitana,Loja Física,PIX,1,1365.26,0.0
PED01969,2026-05-25,Notebook,Eletrônicos,Sobral,Interior,Site,Boleto,2,5786.29,0.0
PED06006,2026-05-25,Impressora,Informática,Fortaleza,Fortaleza,Site,Cartão de Crédito,1,1755.53,0.0
PED07758,2026-05-25,Notebook,Eletrônicos,Fortaleza,Fortaleza,Site,Boleto,1,4071.86,0.0
PED00784,2026-05-25,Caixa de Som,Áudio,Maracanaú,Região Metropolitana,Marketplace,Cartão de Crédito,2,144.18,0.0
PED02477,2026-05-25,Memória RAM,Informática,Juazeiro do Norte,Interior,Loja Física,Cartão de Crédito,1,481.91,0.0
PED07676,2026-05-25,SSD 1TB,Informática,Fortaleza,Fortaleza,Site,Boleto,1,471.97,0.1
PED01269,2026-05-25,Roteador,Informática,Maracanaú,Região Metropolitana,Loja Física,PIX,3,222.75,0.05
PED07971,2026-05-25,Smartphone,Eletrônicos,Fortaleza,Fortaleza,Loja Física,Cartão de Crédito,2,1421.82,0.0
PED01726,2026-05-25,Impressora,Informática,Fortaleza,Fortaleza,Loja Física,Cartão de Crédito,1,1796.68,0.1
PED04079,2026-05-25,Teclado,Acessórios,Fortaleza,Fortaleza,Marketplace,PIX,1,105.27,0.0
PED04937,2026-05-25,Smartphone,Eletrônicos,Maracanaú,Região Metropolitana,Loja Física,Cartão de Crédito,1,1416.43,0.05
PED07909,2026-05-25,Fone Bluetooth,Áudio,Caucaia,Região Metropolitana,Marketplace,Cartão de Crédito,1,618.56,0.0
PED08601,2026-05-26,Mesa Escritório,Móveis,Juazeiro do Norte,Interior,Marketplace,Cartão de Débito,2,610.65,0.0
PED03112,2026-05-26,Teclado,Acessórios,Juazeiro do Norte,Interior,Marketplace,Cartão de Crédito,1,400.07,0.0
PED03334,2026-05-26,Headset,Acessórios,Fortaleza,Fortaleza,Marketplace,Cartão de Crédito,3,223.45,0.1
PED02000,2026-05-26,Webcam,Acessórios,Juazeiro do Norte,Interior,Site,Cartão de Débito,4,355.99,0.0
PED00931,2026-05-26,Roteador,Informática,Fortaleza,Fortaleza,Marketplace,PIX,3,550.44,0.0
PED07661,2026-05-26,Memória RAM,Informática,Caucaia,Região Metropolitana,Marketplace,PIX,3,516.18,0.05
PED03946,2026-05-26,Webcam,Acessórios,Fortaleza,Fortaleza,Site,Cartão de Débito,1,655.3,0.0
PED01570,2026-05-26,Headset,Acessórios,Sobral,Interior,Loja Física,Cartão de Crédito,1,399.57,0.1
PED05480,2026-05-26,Mouse,Acessórios,Sobral,Interior,Loja Física,PIX,2,118.03,0.0
PED07183,2026-05-26,Mesa Escritório,Móveis,Fortaleza,Fortaleza,Marketplace,PIX,1,954.43,0.0
PED02204,2026-05-26,Notebook,Eletrônicos,Maracanaú,Região Metropolitana,Marketplace,PIX,1,3795.52,0.0
PED06122,2026-05-26,Caixa de Som,Áudio,Caucaia,Região Metropolitana,Loja Física,Cartão de Débito,1,343.43,0.05
PED03720,2026-05-26,Headset,Acessórios,Juazeiro do Norte,Interior,Marketplace,Cartão de Crédito,1,392.93,0.0
PED06625,2026-05-26,Monitor,Eletrônicos,Fortaleza,Fortaleza,Loja Física,PIX,2,704.87,0.05
PED08814,2026-05-26,Webcam,Acessórios,Fortaleza,Fortaleza,Loja Física,Boleto,1,262.96,0.0
PED00233,2026-05-26,Fone Bluetooth,Áudio,Maracanaú,Região Metropolitana,Marketplace,Boleto,1,364.29,0.1
PED02574,2026-05-27,Memória RAM,Informática,Fortaleza,Fortaleza,Site,Cartão de Débito,1,507.45,0.0
PED08608,2026-05-27,Caixa de Som,Áudio,Caucaia,Região Metropolitana,Marketplace,Cartão de Crédito,1,399.92,0.0
PED05744,2026-05-27,Cadeira Gamer,Móveis,Sobral,Interior,Loja Física,PIX,1,870.38,0.1
PED04479,2026-05-27,Fone Bluetooth,Áudio,Maracanaú,Região Metropolitana,Loja Física,Cartão de Crédito,1,250.75,0.0
PED02216,2026-05-27,Roteador,Informática,Caucaia,Região Metropolitana,Loja Física,PIX,1,223.88,0.0
PED04509,2026-05-27,Fone Bluetooth,Áudio,Caucaia,Região Metropolitana,Site,Cartão de Crédito,1,122.77,0.0
PED03689,2026-05-27,Webcam,Acessórios,Itapipoca,Interior,Site,Cartão de Débito,2,187.46,0.0
PED08115,2026-05-27,Roteador,Informática,Itapipoca,Interior,Loja Física,Boleto,1,388.5,0.0
PED07919,2026-05-27,Webcam,Acessórios,Fortaleza,Fortaleza,Loja Física,PIX,3,511.06,0.0
PED07587,2026-05-27,Smartphone,Eletrônicos,Fortaleza,Fortaleza,Loja Física,Cartão de Débito,1,3863.11,0.0
PED05154,2026-05-27,SSD 1TB,Informática,Juazeiro do Norte,Interior,Loja Física,Cartão de Crédito,2,521.41,0.05
PED00215,2026-05-27,Mouse,Acessórios,Fortaleza,Fortaleza,Marketplace,Boleto,1,277.52,0.05
PED00293,2026-05-27,Teclado,Acessórios,Fortaleza,Fortaleza,Marketplace,Cartão de Débito,1,167.78,0.1
PED07468,2026-05-28,Mesa Escritório,Móveis,Caucaia,Região Metropolitana,Loja Física,Cartão de Crédito,1,1538.43,0.0
PED04715,2026-05-28,Monitor,Eletrônicos,Fortaleza,Fortaleza,Loja Física,Cartão de Débito,3,846.51,0.0
PED08270,2026-05-28,Caixa de Som,Áudio,Juazeiro do Norte,Interior,Marketplace,Cartão de Débito,2,385.52,0.05
PED07472,2026-05-28,SSD 1TB,Informática,Itapipoca,Interior,Site,PIX,2,547.85,0.0
PED04254,2026-05-28,Memória RAM,Informática,Caucaia,Região Metropolitana,Site,PIX,1,439.18,0.0
PED07925,2026-05-28,Mesa Escritório,Móveis,Caucaia,Região Metropolitana,Loja Física,Cartão de Crédito,1,1470.71,0.0
PED07044,2026-05-28,Smartphone,Eletrônicos,Itapipoca,Interior,Site,Boleto,2,2505.3,0.05
PED07250,2026-05-28,Fone Bluetooth,Áudio,Fortaleza,Fortaleza,Marketplace,Boleto,1,221.42,0.1
PED09495,2026-05-28,Teclado,Acessórios,Fortaleza,Fortaleza,Site,Cartão de Débito,1,259.41,0.0
PED02818,2026-05-28,Cadeira Gamer,Móveis,Fortaleza,Fortaleza,Marketplace,Boleto,1,1424.71,0.05
PED01828,2026-05-28,Mesa Escritório,Móveis,Fortaleza,Fortaleza,Site,Cartão de Débito,1,895.65,0.1
PED04407,2026-05-28,Teclado,Acessórios,Juazeiro do Norte,Interior,Site,Boleto,2,226.09,0.05
PED09059,2026-05-28,Mesa Escritório,Móveis,Fortaleza,Fortaleza,Loja Física,Boleto,1,689.45,0.1
PED09405,2026-05-28,Notebook,Eletrônicos,Caucaia,Região Metropolitana,Loja Física,Cartão de Crédito,1,3237.35,0.1
PED04909,2026-05-28,Caixa de Som,Áudio,Maracanaú,Região Metropolitana,Site,Cartão de Crédito,2,659.53,0.05
PED04330,2026-05-28,Teclado,Acessórios,Juazeiro do Norte,Interior,Site,PIX,1,197.1,0.0
PED05321,2026-05-28,Mouse,Acessórios,Fortaleza,Fortaleza,Site,Cartão de Débito,1,270.58,0.0
PED03170,2026-05-28,Teclado,Acessórios,Juazeiro do Norte,Interior,Marketplace,Boleto,1,163.61,0.0
PED07642,2026-05-28,Impressora,Informática,Caucaia,Região Metropolitana,Site,Boleto,1,1048.01,0.0
PED07391,2026-05-28,Roteador,Informática,Sobral,Interior,Loja Física,Cartão de Crédito,1,485.13,0.0
PED03996,2026-05-28,Smartphone,Eletrônicos,Fortaleza,Fortaleza,Marketplace,Cartão de Crédito,2,1088.34,0.0
PED07069,2026-05-29,Smartphone,Eletrônicos,Itapipoca,Interior,Marketplace,Boleto,1,3144.7,0.0
PED03433,2026-05-29,Teclado,Acessórios,Caucaia,Região Metropolitana,Marketplace,Boleto,2,355.03,0.1
PED07860,2026-05-29,SSD 1TB,Informática,Fortaleza,Fortaleza,Marketplace,Cartão de Crédito,1,421.64,0.1
PED03316,2026-05-29,Fone Bluetooth,Áudio,Itapipoca,Interior,Site,Cartão de Crédito,2,261.85,0.0
PED00747,2026-05-29,Notebook,Eletrônicos,Maracanaú,Região Metropolitana,Site,Boleto,2,6257.66,0.0
PED06908,2026-05-29,Caixa de Som,Áudio,Maracanaú,Região Metropolitana,Site,Cartão de Débito,1,669.42,0.15
PED03192,2026-05-29,Monitor,Eletrônicos,Fortaleza,Fortaleza,Marketplace,Cartão de Débito,2,1027.95,0.0
PED01974,2026-05-29,Mesa Escritório,Móveis,Maracanaú,Região Metropolitana,Loja Física,Cartão de Crédito,1,619.98,0.0
PED07381,2026-05-29,Fone Bluetooth,Áudio,Fortaleza,Fortaleza,Site,Cartão de Crédito,4,346.34,0.05
PED06758,2026-05-29,Monitor,Eletrônicos,Fortaleza,Fortaleza,Site,PIX,1,1460.22,0.15
PED09574,2026-05-29,Mesa Escritório,Móveis,Itapipoca,Interior,Loja Física,PIX,2,1570.16,0.05
PED05980,2026-05-29,SSD 1TB,Informática,Itapipoca,Interior,Site,Cartão de Crédito,3,586.21,0.0
PED04678,2026-05-29,Memória RAM,Informática,Fortaleza,Fortaleza,Marketplace,Cartão de Débito,1,287.26,0.0
PED04806,2026-05-29,Monitor,Eletrônicos,Juazeiro do Norte,Interior,Site,Cartão de Crédito,2,966.48,0.0
PED08703,2026-05-29,Caixa de Som,Áudio,Itapipoca,Interior,Loja Física,Boleto,1,403.11,0.1
PED00671,2026-05-29,Headset,Acessórios,Maracanaú,Região Metropolitana,Site,PIX,1,377.86,0.15
PED07400,2026-05-29,Memória RAM,Informática,Itapipoca,Interior,Loja Física,Cartão de Crédito,1,372.85,0.05
PED08922,2026-05-30,SSD 1TB,Informática,Fortaleza,Fortaleza,Site,Boleto,1,317.46,0.05
PED04878,2026-05-30,Monitor,Eletrônicos,Caucaia,Região Metropolitana,Marketplace,Cartão de Crédito,1,1736.51,0.0
PED04879,2026-05-30,Mesa Escritório,Móveis,Maracanaú,Região Metropolitana,Site,PIX,1,1553.39,0.05
PED08768,2026-05-30,Notebook,Eletrônicos,Fortaleza,Fortaleza,Loja Física,Cartão de Crédito,2,5634.2,0.0
PED01367,2026-05-30,Notebook,Eletrônicos,Fortaleza,Fortaleza,Marketplace,Cartão de Crédito,1,6347.16,0.1
PED00530,2026-05-30,Roteador,Informática,Fortaleza,Fortaleza,Loja Física,Cartão de Débito,2,506.23,0.0
PED00265,2026-05-30,Notebook,Eletrônicos,Maracanaú,Região Metropolitana,Marketplace,Cartão de Débito,1,5477.96,0.0
PED04891,2026-05-30,Webcam,Acessórios,Fortaleza,Fortaleza,Site,Cartão de Crédito,1,390.68,0.05
PED03594,2026-05-30,Caixa de Som,Áudio,Caucaia,Região Metropolitana,Loja Física,Boleto,3,294.98,0.05
PED00680,2026-05-30,Notebook,Eletrônicos,Fortaleza,Fortaleza,Marketplace,Boleto,2,5549.66,0.0
PED04871,2026-05-30,Headset,Acessórios,Fortaleza,Fortaleza,Marketplace,Boleto,3,440.56,0.1
PED02908,2026-05-30,SSD 1TB,Informática,Caucaia,Região Metropolitana,Site,PIX,1,423.27,0.0
PED07412,2026-05-30,Monitor,Eletrônicos,Fortaleza,Fortaleza,Marketplace,Cartão de Débito,3,1181.22,0.0
PED00655,2026-05-30,Memória RAM,Informática,Fortaleza,Fortaleza,Marketplace,Cartão de Crédito,1,211.28,0.0
PED08275,2026-05-30,Impressora,Informática,Itapipoca,Interior,Site,Cartão de Débito,1,1295.11,0.0
PED06766,2026-05-30,Teclado,Acessórios,Juazeiro do Norte,Interior,Loja Física,Boleto,1,435.48,0.05
PED07949,2026-05-30,Teclado,Acessórios,Fortaleza,Fortaleza,Marketplace,PIX,1,439.97,0.0
PED08589,2026-05-30,Monitor,Eletrônicos,Itapipoca,Interior,Loja Física,PIX,1,1338.73,0.15
PED08716,2026-05-30,Cadeira Gamer,Móveis,Juazeiro do Norte,Interior,Marketplace,Cartão de Débito,1,2109.13,0.0
PED04743,2026-05-30,Notebook,Eletrônicos,Juazeiro do Norte,Interior,Marketplace,Boleto,2,5700.58,0.0
PED07283,2026-05-30,Headset,Acessórios,Sobral,Interior,Site,Cartão de Débito,1,148.33,0.0
PED08382,2026-05-31,SSD 1TB,Informática,Itapipoca,Interior,Marketplace,Cartão de Crédito,1,451.37,0.1
PED07897,2026-05-31,Roteador,Informática,Fortaleza,Fortaleza,Loja Física,Cartão de Débito,1,597.56,0.05
PED04661,2026-05-31,Impressora,Informática,Fortaleza,Fortaleza,Marketplace,Boleto,1,766.4,0.05
PED06925,2026-05-31,Monitor,Eletrônicos,Caucaia,Região Metropolitana,Loja Física,PIX,2,1360.49,0.15
PED00963,2026-05-31,Headset,Acessórios,Sobral,Interior,Loja Física,PIX,1,245.36,0.0
PED07701,2026-05-31,Teclado,Acessórios,Sobral,Interior,Marketplace,Cartão de Crédito,1,389.44,0.1
PED08625,2026-05-31,Mouse,Acessórios,Itapipoca,Interior,Marketplace,Cartão de Crédito,2,195.15,0.0
PED02306,2026-05-31,Monitor,Eletrônicos,Fortaleza,Fortaleza,Site,Boleto,4,1891.72,0.0
PED01748,2026-05-31,SSD 1TB,Informática,Itapipoca,Interior,Loja Física,Cartão de Crédito,1,548.22,0.1
PED00562,2026-05-31,Fone Bluetooth,Áudio,Maracanaú,Região Metropolitana,Loja Física,PIX,1,354.88,0.1
PED05416,2026-05-31,Mesa Escritório,Móveis,Maracanaú,Região Metropolitana,Site,PIX,1,1190.62,0.0
PED09089,2026-05-31,Cadeira Gamer,Móveis,Juazeiro do Norte,Interior,Loja Física,PIX,3,688.46,0.0
PED07845,2026-05-31,SSD 1TB,Informática,Caucaia,Região Metropolitana,Loja Física,Cartão de Débito,1,365.04,0.0
PED01100,2026-05-31,Roteador,Informática,Caucaia,Região Metropolitana,Marketplace,PIX,1,262.35,0.05
PED09639,2026-05-31,Notebook,Eletrônicos,Sobral,Interior,Loja Física,Cartão de Crédito,2,3313.56,0.1
PED09913,2026-05-31,Mouse,Acessórios,Fortaleza,Fortaleza,Marketplace,Cartão de Crédito,2,212.96,0.0
PED09061,2026-05-31,Mouse,Acessórios,Fortaleza,Fortaleza,Marketplace,Cartão de Crédito,1,102.74,0.0
PED06651,2026-05-31,Cadeira Gamer,Móveis,Fortaleza,Fortaleza,Site,PIX,1,1078.3,0.1
PED01351,2026-05-31,Cadeira Gamer,Móveis,Maracanaú,Região Metropolitana,Marketplace,Boleto,2,1795.59,0.0
PED02606,2026-06-01,Smartphone,Eletrônicos,Juazeiro do Norte,Interior,Site,PIX,1,2379.43,0.05
PED03617,2026-06-01,Mesa Escritório,Móveis,Juazeiro do Norte,Interior,Loja Física,Boleto,2,1005.77,0.15
PED09557,2026-06-01,Cadeira Gamer,Móveis,Sobral,Interior,Site,PIX,1,944.03,0.1
PED07827,2026-06-01,Memória RAM,Informática,Juazeiro do Norte,Interior,Loja Física,PIX,2,386.19,0.0
PED07881,2026-06-01,Mesa Escritório,Móveis,Juazeiro do Norte,Interior,Loja Física,Boleto,2,1571.47,0.0
PED00656,2026-06-01,Impressora,Informática,Itapipoca,Interior,Loja Física,Cartão de Crédito,1,1089.92,0.0
PED05104,2026-06-01,Webcam,Acessórios,Fortaleza,Fortaleza,Loja Física,Cartão de Crédito,2,301.13,0.05
PED01859,2026-06-01,Cadeira Gamer,Móveis,Juazeiro do Norte,Interior,Loja Física,Boleto,1,873.75,0.0
PED05547,2026-06-01,Webcam,Acessórios,Sobral,Interior,Marketplace,PIX,3,627.64,0.1
PED07455,2026-06-01,Teclado,Acessórios,Fortaleza,Fortaleza,Site,PIX,1,232.3,0.15
PED02662,2026-06-01,Mesa Escritório,Móveis,Fortaleza,Fortaleza,Marketplace,PIX,1,1317.73,0.05
PED04610,2026-06-01,Headset,Acessórios,Fortaleza,Fortaleza,Loja Física,PIX,1,533.82,0.0
PED01137,2026-06-01,Mouse,Acessórios,Maracanaú,Região Metropolitana,Loja Física,Cartão de Crédito,2,169.46,0.1
PED09681,2026-06-01,Smartphone,Eletrônicos,Fortaleza,Fortaleza,Marketplace,Cartão de Crédito,1,2463.49,0.15
PED02057,2026-06-01,Headset,Acessórios,Fortaleza,Fortaleza,Marketplace,Cartão de Débito,2,436.16,0.1
PED09409,2026-06-01,Monitor,Eletrônicos,Caucaia,Região Metropolitana,Site,PIX,2,1554.72,0.0
PED03505,2026-06-02,Headset,Acessórios,Fortaleza,Fortaleza,Site,PIX,1,405.66,0.0
PED03331,2026-06-02,SSD 1TB,Informática,Maracanaú,Região Metropolitana,Site,Boleto,2,595.63,0.0
PED02773,2026-06-02,Teclado,Acessórios,Caucaia,Região Metropolitana,Site,PIX,1,445.23,0.05
PED09379,2026-06-02,Notebook,Eletrônicos,Caucaia,Região Metropolitana,Site,PIX,1,4686.57,0.0
PED05007,2026-06-02,Caixa de Som,Áudio,Fortaleza,Fortaleza,Site,Cartão de Débito,4,133.09,0.05
PED09422,2026-06-02,Notebook,Eletrônicos,Fortaleza,Fortaleza,Marketplace,PIX,2,3981.0,0.0
PED07883,2026-06-02,Roteador,Informática,Sobral,Interior,Loja Física,Cartão de Débito,2,464.93,0.1
PED08677,2026-06-02,Cadeira Gamer,Móveis,Sobral,Interior,Site,Boleto,1,868.07,0.0
PED01110,2026-06-02,Headset,Acessórios,Fortaleza,Fortaleza,Marketplace,Boleto,1,439.75,0.0
PED04409,2026-06-02,Memória RAM,Informática,Fortaleza,Fortaleza,Marketplace,PIX,1,444.67,0.1
PED06283,2026-06-02,Teclado,Acessórios,Fortaleza,Fortaleza,Loja Física,Boleto,1,170.26,0.0
PED06244,2026-06-02,Fone Bluetooth,Áudio,Fortaleza,Fortaleza,Loja Física,PIX,1,139.77,0.05
PED09301,2026-06-02,Memória RAM,Informática,Maracanaú,Região Metropolitana,Loja Física,Cartão de Crédito,3,438.25,0.0
PED06146,2026-06-02,Notebook,Eletrônicos,Caucaia,Região Metropolitana,Loja Física,Cartão de Débito,1,6445.68,0.0
PED04767,2026-06-02,Notebook,Eletrônicos,Fortaleza,Fortaleza,Loja Física,PIX,2,5850.58,0.0
PED06761,2026-06-02,Mouse,Acessórios,Itapipoca,Interior,Loja Física,Cartão de Crédito,1,73.53,0.0
PED05350,2026-06-02,Memória RAM,Informática,Fortaleza,Fortaleza,Loja Física,Boleto,2,528.53,0.0
PED00391,2026-06-02,Headset,Acessórios,Caucaia,Região Metropolitana,Loja Física,Boleto,2,124.42,0.05
PED04497,2026-06-03,Mouse,Acessórios,Juazeiro do Norte,Interior,Marketplace,Cartão de Débito,1,222.48,0.05
PED06373,2026-06-03,Impressora,Informática,Caucaia,Região Metropolitana,Loja Física,PIX,1,878.47,0.0
PED03042,2026-06-03,Roteador,Informática,Sobral,Interior,Site,PIX,1,419.28,0.1
PED01940,2026-06-03,Memória RAM,Informática,Fortaleza,Fortaleza,Loja Física,Cartão de Crédito,2,523.18,0.05
PED03033,2026-06-03,SSD 1TB,Informática,Fortaleza,Fortaleza,Marketplace,PIX,3,633.33,0.0
PED05581,2026-06-03,Cadeira Gamer,Móveis,Fortaleza,Fortaleza,Site,Cartão de Crédito,2,737.57,0.0
PED06397,2026-06-03,Caixa de Som,Áudio,Fortaleza,Fortaleza,Loja Física,Cartão de Débito,4,311.89,0.0
PED03651,2026-06-03,Mouse,Acessórios,Itapipoca,Interior,Marketplace,Boleto,2,151.58,0.0
PED03717,2026-06-03,Notebook,Eletrônicos,Fortaleza,Fortaleza,Loja Física,Boleto,2,3214.81,0.0
PED05688,2026-06-03,Webcam,Acessórios,Sobral,Interior,Site,Cartão de Crédito,1,340.71,0.05
PED07712,2026-06-03,Notebook,Eletrônicos,Fortaleza,Fortaleza,Loja Física,Cartão de Débito,1,3260.14,0.05
PED04264,2026-06-03,Cadeira Gamer,Móveis,Caucaia,Região Metropolitana,Loja Física,Boleto,1,1443.19,0.0
PED02290,2026-06-03,Roteador,Informática,Fortaleza,Fortaleza,Site,Cartão de Débito,1,463.02,0.0
PED09547,2026-06-03,Smartphone,Eletrônicos,Fortaleza,Fortaleza,Site,PIX,2,4002.01,0.0
PED07983,2026-06-03,Mouse,Acessórios,Fortaleza,Fortaleza,Site,Cartão de Débito,1,277.74,0.05
PED05237,2026-06-03,Headset,Acessórios,Caucaia,Região Metropolitana,Loja Física,Cartão de Crédito,1,452.71,0.05
PED01552,2026-06-04,Webcam,Acessórios,Sobral,Interior,Site,Boleto,1,126.72,0.0
PED07091,2026-06-04,Mesa Escritório,Móveis,Fortaleza,Fortaleza,Site,PIX,2,691.74,0.15
PED00543,2026-06-04,Impressora,Informática,Fortaleza,Fortaleza,Marketplace,PIX,1,1565.8,0.0
PED09152,2026-06-04,Monitor,Eletrônicos,Fortaleza,Fortaleza,Marketplace,Boleto,1,1420.29,0.1
PED03806,2026-06-04,Smartphone,Eletrônicos,Juazeiro do Norte,Interior,Loja Física,Cartão de Débito,2,1150.02,0.0
PED03365,2026-06-04,Fone Bluetooth,Áudio,Fortaleza,Fortaleza,Site,PIX,1,361.24,0.0
PED07760,2026-06-04,Memória RAM,Informática,Fortaleza,Fortaleza,Marketplace,Boleto,1,471.89,0.1
PED04887,2026-06-04,Memória RAM,Informática,Fortaleza,Fortaleza,Marketplace,Boleto,1,445.81,0.1
PED00114,2026-06-04,Mouse,Acessórios,Sobral,Interior,Site,PIX,2,113.54,0.0
PED08519,2026-06-04,Cadeira Gamer,Móveis,Fortaleza,Fortaleza,Marketplace,Cartão de Débito,1,1782.09,0.0
PED07812,2026-06-04,Impressora,Informática,Caucaia,Região Metropolitana,Marketplace,Cartão de Débito,1,815.33,0.0
PED00461,2026-06-04,Impressora,Informática,Sobral,Interior,Site,Cartão de Crédito,3,1600.8,0.05
PED02601,2026-06-04,Smartphone,Eletrônicos,Fortaleza,Fortaleza,Marketplace,Cartão de Crédito,1,2136.34,0.0
PED02930,2026-06-04,Notebook,Eletrônicos,Maracanaú,Região Metropolitana,Marketplace,Cartão de Débito,1,6339.65,0.0
PED08547,2026-06-04,Smartphone,Eletrônicos,Fortaleza,Fortaleza,Site,Cartão de Débito,1,3381.65,0.05
PED09192,2026-06-04,Memória RAM,Informática,Fortaleza,Fortaleza,Loja Física,Cartão de Débito,1,456.62,0.1
PED07647,2026-06-04,Headset,Acessórios,Caucaia,Região Metropolitana,Site,Boleto,3,427.09,0.0
PED08574,2026-06-04,Fone Bluetooth,Áudio,Fortaleza,Fortaleza,Marketplace,Cartão de Crédito,2,640.5,0.0
PED09845,2026-06-04,Memória RAM,Informática,Fortaleza,Fortaleza,Site,Boleto,1,430.98,0.0
PED04865,2026-06-04,Monitor,Eletrônicos,Fortaleza,Fortaleza,Marketplace,Cartão de Crédito,2,1217.44,0.15
PED04602,2026-06-05,Cadeira Gamer,Móveis,Sobral,Interior,Marketplace,Cartão de Débito,1,2118.99,0.05
PED07181,2026-06-05,Memória RAM,Informática,Sobral,Interior,Marketplace,PIX,2,543.25,0.05
PED09881,2026-06-05,Headset,Acessórios,Caucaia,Região Metropolitana,Site,PIX,1,510.97,0.1
PED07432,2026-06-05,SSD 1TB,Informática,Itapipoca,Interior,Marketplace,PIX,2,570.63,0.0
PED07374,2026-06-05,Memória RAM,Informática,Caucaia,Região Metropolitana,Site,PIX,1,525.34,0.15
PED07699,2026-06-05,Caixa de Som,Áudio,Sobral,Interior,Marketplace,Cartão de Crédito,1,217.15,0.0
PED09907,2026-06-05,Monitor,Eletrônicos,Fortaleza,Fortaleza,Site,PIX,1,805.3,0.0
PED04880,2026-06-05,Impressora,Informática,Fortaleza,Fortaleza,Loja Física,Cartão de Débito,3,998.22,0.0
PED04590,2026-06-05,Fone Bluetooth,Áudio,Sobral,Interior,Loja Física,Boleto,1,540.73,0.1
PED03881,2026-06-05,Memória RAM,Informática,Fortaleza,Fortaleza,Marketplace,Cartão de Crédito,1,381.21,0.0
PED00113,2026-06-05,Teclado,Acessórios,Caucaia,Região Metropolitana,Marketplace,Cartão de Crédito,1,398.33,0.0
PED06024,2026-06-05,Roteador,Informática,Caucaia,Região Metropolitana,Site,Cartão de Débito,1,360.25,0.0
PED05089,2026-06-05,Memória RAM,Informática,Sobral,Interior,Loja Física,PIX,1,257.11,0.0
PED05412,2026-06-05,Mouse,Acessórios,Fortaleza,Fortaleza,Loja Física,PIX,2,262.61,0.0
PED05598,2026-06-05,SSD 1TB,Informática,Maracanaú,Região Metropolitana,Loja Física,Cartão de Crédito,1,304.43,0.0
PED03484,2026-06-05,Headset,Acessórios,Juazeiro do Norte,Interior,Loja Física,Boleto,2,485.64,0.05
PED01220,2026-06-06,Memória RAM,Informática,Sobral,Interior,Site,Boleto,4,310.34,0.0
PED08892,2026-06-06,Mouse,Acessórios,Maracanaú,Região Metropolitana,Loja Física,Cartão de Crédito,3,116.89,0.05
PED08067,2026-06-06,Cadeira Gamer,Móveis,Juazeiro do Norte,Interior,Marketplace,Cartão de Débito,2,2092.96,0.15
PED05040,2026-06-06,SSD 1TB,Informática,Itapipoca,Interior,Site,Cartão de Crédito,1,375.55,0.1
PED05168,2026-06-06,Cadeira Gamer,Móveis,Sobral,Interior,Marketplace,Cartão de Crédito,1,1380.0,0.0
PED06020,2026-06-06,SSD 1TB,Informática,Fortaleza,Fortaleza,Site,Cartão de Débito,1,628.07,0.0
PED02680,2026-06-06,SSD 1TB,Informática,Caucaia,Região Metropolitana,Loja Física,Cartão de Débito,1,514.49,0.15
PED02707,2026-06-06,Teclado,Acessórios,Caucaia,Região Metropolitana,Site,PIX,1,318.93,0.0
PED08985,2026-06-06,Notebook,Eletrônicos,Fortaleza,Fortaleza,Site,PIX,1,3988.02,0.0
PED01614,2026-06-06,Mesa Escritório,Móveis,Juazeiro do Norte,Interior,Site,Boleto,1,637.6,0.0
PED02009,2026-06-06,Monitor,Eletrônicos,Fortaleza,Fortaleza,Loja Física,Boleto,3,656.61,0.1
PED04296,2026-06-06,Webcam,Acessórios,Fortaleza,Fortaleza,Site,Boleto,2,688.93,0.0
PED06311,2026-06-06,Webcam,Acessórios,Sobral,Interior,Marketplace,Cartão de Débito,2,532.53,0.0
PED08559,2026-06-06,Impressora,Informática,Fortaleza,Fortaleza,Site,Cartão de Débito,1,748.94,0.0
PED00239,2026-06-06,Headset,Acessórios,Maracanaú,Região Metropolitana,Site,PIX,1,110.84,0.0
PED06416,2026-06-06,Webcam,Acessórios,Fortaleza,Fortaleza,Site,Cartão de Débito,2,213.07,0.0
PED08588,2026-06-06,Teclado,Acessórios,Fortaleza,Fortaleza,Site,Boleto,2,157.1,0.0
PED06288,2026-06-06,Fone Bluetooth,Áudio,Fortaleza,Fortaleza,Marketplace,PIX,1,292.68,0.1
PED09596,2026-06-07,Smartphone,Eletrônicos,Maracanaú,Região Metropolitana,Marketplace,Boleto,1,2930.75,0.0
PED08348,2026-06-07,Notebook,Eletrônicos,Fortaleza,Fortaleza,Loja Física,Boleto,2,5368.56,0.1
PED03442,2026-06-07,Webcam,Acessórios,Fortaleza,Fortaleza,Site,PIX,1,245.54,0.05
PED01881,2026-06-07,Monitor,Eletrônicos,Itapipoca,Interior,Loja Física,PIX,1,1305.7,0.0
PED01170,2026-06-07,Memória RAM,Informática,Juazeiro do Norte,Interior,Loja Física,PIX,4,415.05,0.05
PED06516,2026-06-07,SSD 1TB,Informática,Sobral,Interior,Site,PIX,1,591.42,0.0
PED09352,2026-06-07,Impressora,Informática,Fortaleza,Fortaleza,Site,Cartão de Débito,2,971.63,0.0
PED02724,2026-06-07,Mesa Escritório,Móveis,Fortaleza,Fortaleza,Site,Cartão de Débito,1,966.4,0.0
PED05596,2026-06-07,SSD 1TB,Informática,Fortaleza,Fortaleza,Loja Física,Cartão de Débito,2,318.03,0.05
PED00576,2026-06-07,Impressora,Informática,Juazeiro do Norte,Interior,Marketplace,Cartão de Crédito,1,1318.99,0.0
PED04357,2026-06-07,Smartphone,Eletrônicos,Sobral,Interior,Marketplace,Cartão de Crédito,2,3255.87,0.05
PED08568,2026-06-07,Monitor,Eletrônicos,Fortaleza,Fortaleza,Site,PIX,3,694.49,0.0
PED04945,2026-06-07,Impressora,Informática,Itapipoca,Interior,Loja Física,Boleto,1,848.52,0.0
PED09841,2026-06-07,Caixa de Som,Áudio,Itapipoca,Interior,Site,Cartão de Débito,1,315.76,0.1
PED09499,2026-06-07,Impressora,Informática,Itapipoca,Interior,Loja Física,PIX,1,1516.9,0.05
PED01011,2026-06-07,Webcam,Acessórios,Juazeiro do Norte,Interior,Site,PIX,2,213.62,0.0
PED03882,2026-06-08,Monitor,Eletrônicos,Maracanaú,Região Metropolitana,Site,Cartão de Crédito,4,1851.94,0.05
PED02573,2026-06-08,Caixa de Som,Áudio,Fortaleza,Fortaleza,Marketplace,PIX,1,597.86,0.05
PED00692,2026-06-08,Impressora,Informática,Fortaleza,Fortaleza,Marketplace,Cartão de Crédito,1,1023.35,0.0
PED07728,2026-06-08,Memória RAM,Informática,Fortaleza,Fortaleza,Loja Física,Boleto,3,356.6,0.05
PED09550,2026-06-08,Webcam,Acessórios,Maracanaú,Região Metropolitana,Marketplace,Cartão de Débito,3,388.44,0.05
PED06537,2026-06-08,Mesa Escritório,Móveis,Fortaleza,Fortaleza,Marketplace,Boleto,1,792.69,0.0
PED06593,2026-06-08,SSD 1TB,Informática,Juazeiro do Norte,Interior,Loja Física,Cartão de Débito,2,476.08,0.0
PED09567,2026-06-08,Cadeira Gamer,Móveis,Juazeiro do Norte,Interior,Loja Física,Boleto,1,1574.4,0.0
PED04515,2026-06-08,Teclado,Acessórios,Maracanaú,Região Metropolitana,Marketplace,Cartão de Crédito,1,414.98,0.05
PED01509,2026-06-08,Notebook,Eletrônicos,Fortaleza,Fortaleza,Site,Boleto,3,5393.98,0.0
PED06683,2026-06-08,Memória RAM,Informática,Juazeiro do Norte,Interior,Site,Cartão de Débito,1,531.29,0.05
PED00559,2026-06-08,Mesa Escritório,Móveis,Maracanaú,Região Metropolitana,Site,Cartão de Crédito,2,1282.81,0.05
PED03440,2026-06-08,Monitor,Eletrônicos,Maracanaú,Região Metropolitana,Loja Física,PIX,1,1401.21,0.0
PED02062,2026-06-08,Roteador,Informática,Fortaleza,Fortaleza,Loja Física,Cartão de Débito,1,322.61,0.1
PED09729,2026-06-08,Fone Bluetooth,Áudio,Caucaia,Região Metropolitana,Loja Física,PIX,1,339.91,0.0
PED01204,2026-06-08,Smartphone,Eletrônicos,Itapipoca,Interior,Loja Física,Cartão de Crédito,1,1912.1,0.0
PED06786,2026-06-08,Caixa de Som,Áudio,Sobral,Interior,Site,Boleto,1,729.56,0.05
PED08048,2026-06-09,Monitor,Eletrônicos,Sobral,Interior,Site,Boleto,1,1563.27,0.15
PED06511,2026-06-09,Impressora,Informática,Caucaia,Região Metropolitana,Marketplace,Cartão de Débito,1,1290.32,0.0
PED02501,2026-06-09,Impressora,Informática,Itapipoca,Interior,Marketplace,Cartão de Débito,1,777.11,0.0
PED03575,2026-06-09,Fone Bluetooth,Áudio,Itapipoca,Interior,Marketplace,PIX,1,482.7,0.05
PED08789,2026-06-09,Memória RAM,Informática,Fortaleza,Fortaleza,Marketplace,Cartão de Crédito,4,429.23,0.0
PED08978,2026-06-09,Monitor,Eletrônicos,Juazeiro do Norte,Interior,Site,PIX,1,711.46,0.1
PED05060,2026-06-09,Cadeira Gamer,Móveis,Maracanaú,Região Metropolitana,Marketplace,PIX,1,1404.98,0.0
PED00535,2026-06-09,Fone Bluetooth,Áudio,Itapipoca,Interior,Loja Física,Cartão de Crédito,1,184.88,0.1
PED04242,2026-06-09,Notebook,Eletrônicos,Sobral,Interior,Loja Física,Cartão de Débito,1,5492.4,0.1
PED00751,2026-06-09,Fone Bluetooth,Áudio,Fortaleza,Fortaleza,Site,Cartão de Débito,2,319.98,0.0
PED00834,2026-06-09,Caixa de Som,Áudio,Caucaia,Região Metropolitana,Site,Cartão de Crédito,2,443.33,0.0
PED01834,2026-06-09,SSD 1TB,Informática,Fortaleza,Fortaleza,Site,Cartão de Crédito,1,348.39,0.05
PED07614,2026-06-09,Webcam,Acessórios,Caucaia,Região Metropolitana,Loja Física,PIX,1,176.49,0.0
PED04137,2026-06-09,Mesa Escritório,Móveis,Fortaleza,Fortaleza,Marketplace,Boleto,1,1506.91,0.0
PED05486,2026-06-09,Smartphone,Eletrônicos,Fortaleza,Fortaleza,Marketplace,Boleto,1,4426.02,0.0
PED06670,2026-06-10,Impressora,Informática,Sobral,Interior,Marketplace,PIX,1,1691.24,0.1
PED06434,2026-06-10,Mouse,Acessórios,Fortaleza,Fortaleza,Loja Física,Cartão de Crédito,2,76.18,0.0
PED09454,2026-06-10,Fone Bluetooth,Áudio,Maracanaú,Região Metropolitana,Loja Física,PIX,1,558.05,0.05
PED02927,2026-06-10,Mouse,Acessórios,Fortaleza,Fortaleza,Marketplace,PIX,2,174.57,0.0
PED04571,2026-06-10,Impressora,Informática,Sobral,Interior,Loja Física,Boleto,1,1102.89,0.15
PED06880,2026-06-10,Headset,Acessórios,Fortaleza,Fortaleza,Marketplace,Cartão de Débito,1,547.81,0.1
PED02264,2026-06-10,Smartphone,Eletrônicos,Caucaia,Região Metropolitana,Marketplace,Cartão de Crédito,3,2955.92,0.0
PED06694,2026-06-10,Smartphone,Eletrônicos,Maracanaú,Região Metropolitana,Site,PIX,2,2294.92,0.0
PED03920,2026-06-10,Fone Bluetooth,Áudio,Caucaia,Região Metropolitana,Site,Boleto,1,372.14,0.1
PED07081,2026-06-10,Cadeira Gamer,Móveis,Juazeiro do Norte,Interior,Marketplace,PIX,1,1462.78,0.0
PED01060,2026-06-10,Smartphone,Eletrônicos,Fortaleza,Fortaleza,Marketplace,PIX,1,3729.14,0.1
PED08237,2026-06-10,Caixa de Som,Áudio,Itapipoca,Interior,Marketplace,Cartão de Débito,1,642.84,0.1
PED03049,2026-06-10,Cadeira Gamer,Móveis,Caucaia,Região Metropolitana,Marketplace,Cartão de Crédito,1,2058.94,0.0
PED02323,2026-06-11,Cadeira Gamer,Móveis,Sobral,Interior,Loja Física,Boleto,1,1185.28,0.0
PED04156,2026-06-11,Teclado,Acessórios,Itapipoca,Interior,Loja Física,Cartão de Débito,1,209.51,0.0
PED01665,2026-06-11,Mouse,Acessórios,Caucaia,Região Metropolitana,Site,Cartão de Débito,1,299.14,0.0
PED00108,2026-06-11,Headset,Acessórios,Fortaleza,Fortaleza,Loja Física,Boleto,1,280.09,0.1
PED02237,2026-06-11,Smartphone,Eletrônicos,Fortaleza,Fortaleza,Loja Física,PIX,1,1645.99,0.0
PED07237,2026-06-11,SSD 1TB,Informática,Maracanaú,Região Metropolitana,Loja Física,Cartão de Crédito,2,649.33,0.05
PED03374,2026-06-11,Memória RAM,Informática,Maracanaú,Região Metropolitana,Loja Física,Cartão de Débito,1,352.67,0.1
PED06266,2026-06-11,Fone Bluetooth,Áudio,Sobral,Interior,Loja Física,PIX,2,189.29,0.0
PED01340,2026-06-11,Smartphone,Eletrônicos,Fortaleza,Fortaleza,Site,Cartão de Débito,2,3450.64,0.1
PED03397,2026-06-11,Mouse,Acessórios,Sobral,Interior,Site,PIX,1,172.9,0.0
PED03966,2026-06-11,Notebook,Eletrônicos,Juazeiro do Norte,Interior,Marketplace,Boleto,1,6346.54,0.1
PED05763,2026-06-11,Fone Bluetooth,Áudio,Fortaleza,Fortaleza,Site,PIX,1,84.72,0.1
PED00722,2026-06-11,Monitor,Eletrônicos,Fortaleza,Fortaleza,Loja Física,Cartão de Crédito,1,1328.16,0.05
PED09671,2026-06-11,Teclado,Acessórios,Juazeiro do Norte,Interior,Loja Física,PIX,1,385.63,0.05
PED08093,2026-06-11,Notebook,Eletrônicos,Maracanaú,Região Metropolitana,Loja Física,Cartão de Débito,1,5975.83,0.0
PED03549,2026-06-11,Smartphone,Eletrônicos,Caucaia,Região Metropolitana,Site,Cartão de Crédito,1,1863.13,0.0
PED05841,2026-06-11,Mesa Escritório,Móveis,Sobral,Interior,Site,Cartão de Débito,2,1045.16,0.05
PED09918,2026-06-11,Roteador,Informática,Fortaleza,Fortaleza,Loja Física,Cartão de Crédito,2,334.8,0.1
PED09726,2026-06-11,Impressora,Informática,Fortaleza,Fortaleza,Loja Física,PIX,1,1208.18,0.0
PED09613,2026-06-11,Monitor,Eletrônicos,Maracanaú,Região Metropolitana,Site,Boleto,1,1811.69,0.05
PED09922,2026-06-11,Mouse,Acessórios,Itapipoca,Interior,Marketplace,Cartão de Crédito,1,127.34,0.0
PED08849,2026-06-11,Caixa de Som,Áudio,Sobral,Interior,Site,Cartão de Débito,1,689.19,0.05
PED05511,2026-06-12,Impressora,Informática,Fortaleza,Fortaleza,Site,Cartão de Crédito,1,1614.56,0.0
PED03927,2026-06-12,Mesa Escritório,Móveis,Itapipoca,Interior,Loja Física,Cartão de Débito,1,1548.03,0.05
PED08496,2026-06-12,Mesa Escritório,Móveis,Itapipoca,Interior,Loja Física,PIX,2,811.65,0.0
PED09451,2026-06-12,Impressora,Informática,Fortaleza,Fortaleza,Marketplace,Cartão de Crédito,2,857.69,0.0
PED02295,2026-06-12,Teclado,Acessórios,Caucaia,Região Metropolitana,Marketplace,Cartão de Débito,2,194.51,0.0
PED00965,2026-06-12,Mesa Escritório,Móveis,Sobral,Interior,Marketplace,PIX,1,1262.37,0.0
PED05997,2026-06-12,Memória RAM,Informática,Caucaia,Região Metropolitana,Marketplace,Cartão de Crédito,1,255.02,0.15
PED04984,2026-06-12,Teclado,Acessórios,Itapipoca,Interior,Site,Boleto,1,176.89,0.05
PED09860,2026-06-12,Impressora,Informática,Maracanaú,Região Metropolitana,Loja Física,Cartão de Débito,1,1438.86,0.1
PED09952,2026-06-12,Smartphone,Eletrônicos,Fortaleza,Fortaleza,Loja Física,Cartão de Débito,1,1079.57,0.0
PED02373,2026-06-12,Webcam,Acessórios,Sobral,Interior,Loja Física,Boleto,1,237.27,0.05
PED06265,2026-06-12,Teclado,Acessórios,Maracanaú,Região Metropolitana,Marketplace,Cartão de Crédito,1,194.09,0.0
PED04903,2026-06-12,Impressora,Informática,Fortaleza,Fortaleza,Site,Cartão de Débito,1,562.71,0.1
PED01556,2026-06-12,Headset,Acessórios,Juazeiro do Norte,Interior,Marketplace,Boleto,2,290.05,0.0
PED04139,2026-06-12,Caixa de Som,Áudio,Sobral,Interior,Loja Física,Cartão de Débito,2,453.22,0.05
PED07841,2026-06-12,Notebook,Eletrônicos,Fortaleza,Fortaleza,Marketplace,Cartão de Débito,1,5251.18,0.0
PED07863,2026-06-12,Caixa de Som,Áudio,Fortaleza,Fortaleza,Site,PIX,2,648.82,0.0
PED04627,2026-06-13,Headset,Acessórios,Sobral,Interior,Marketplace,Boleto,3,525.2,0.1
PED07975,2026-06-13,Teclado,Acessórios,Juazeiro do Norte,Interior,Marketplace,Cartão de Crédito,2,157.32,0.05
PED02025,2026-06-13,Cadeira Gamer,Móveis,Fortaleza,Fortaleza,Site,Boleto,1,681.46,0.0
PED03916,2026-06-13,Webcam,Acessórios,Itapipoca,Interior,Marketplace,Cartão de Crédito,1,124.08,0.05
PED09401,2026-06-13,Mesa Escritório,Móveis,Caucaia,Região Metropolitana,Marketplace,PIX,1,1377.03,0.0
PED06550,2026-06-13,Headset,Acessórios,Itapipoca,Interior,Marketplace,PIX,1,332.77,0.05
PED01065,2026-06-13,Teclado,Acessórios,Fortaleza,Fortaleza,Marketplace,Boleto,2,344.55,0.0
PED02061,2026-06-13,Webcam,Acessórios,Fortaleza,Fortaleza,Site,Cartão de Crédito,1,355.01,0.0
PED03462,2026-06-13,Impressora,Informática,Fortaleza,Fortaleza,Site,Cartão de Crédito,1,977.18,0.0
PED08265,2026-06-13,Notebook,Eletrônicos,Caucaia,Região Metropolitana,Marketplace,Cartão de Crédito,1,4260.22,0.0
PED09691,2026-06-13,Roteador,Informática,Caucaia,Região Metropolitana,Site,Boleto,2,187.43,0.0
PED05869,2026-06-13,Teclado,Acessórios,Fortaleza,Fortaleza,Site,Cartão de Débito,2,80.35,0.0
PED00446,2026-06-13,Teclado,Acessórios,Juazeiro do Norte,Interior,Site,PIX,1,265.8,0.0
PED08119,2026-06-13,Memória RAM,Informática,Juazeiro do Norte,Interior,Site,Boleto,2,394.78,0.0
PED04560,2026-06-13,Fone Bluetooth,Áudio,Itapipoca,Interior,Marketplace,Boleto,1,339.94,0.1
PED07111,2026-06-13,Memória RAM,Informática,Sobral,Interior,Marketplace,PIX,2,345.45,0.1
PED07019,2026-06-13,Webcam,Acessórios,Fortaleza,Fortaleza,Marketplace,Cartão de Crédito,1,556.07,0.1
PED09114,2026-06-13,Mouse,Acessórios,Fortaleza,Fortaleza,Marketplace,Boleto,3,223.95,0.1
PED00910,2026-06-13,Mouse,Acessórios,Fortaleza,Fortaleza,Marketplace,Cartão de Crédito,1,260.21,0.0
PED02956,2026-06-13,Roteador,Informática,Fortaleza,Fortaleza,Marketplace,Boleto,1,301.41,0.0
PED01469,2026-06-13,Mouse,Acessórios,Fortaleza,Fortaleza,Marketplace,Cartão de Crédito,1,40.83,0.0
PED05224,2026-06-13,Memória RAM,Informática,Fortaleza,Fortaleza,Loja Física,Boleto,2,327.22,0.1
PED03999,2026-06-14,Caixa de Som,Áudio,Fortaleza,Fortaleza,Site,PIX,1,602.78,0.0
PED00023,2026-06-14,Webcam,Acessórios,Juazeiro do Norte,Interior,Site,PIX,1,263.79,0.0
PED03507,2026-06-14,Headset,Acessórios,Maracanaú,Região Metropolitana,Site,PIX,1,496.15,0.0
PED09317,2026-06-14,Notebook,Eletrônicos,Fortaleza,Fortaleza,Marketplace,PIX,1,4156.61,0.15
PED02901,2026-06-14,Mouse,Acessórios,Sobral,Interior,Marketplace,PIX,1,283.98,0.0
PED03452,2026-06-14,Caixa de Som,Áudio,Caucaia,Região Metropolitana,Marketplace,PIX,1,487.02,0.0
PED09852,2026-06-14,Memória RAM,Informática,Sobral,Interior,Marketplace,PIX,2,214.26,0.0
PED04245,2026-06-14,Teclado,Acessórios,Caucaia,Região Metropolitana,Loja Física,PIX,3,318.19,0.1
PED09760,2026-06-14,Mouse,Acessórios,Maracanaú,Região Metropolitana,Marketplace,Cartão de Crédito,1,242.53,0.1
PED01918,2026-06-14,Fone Bluetooth,Áudio,Juazeiro do Norte,Interior,Marketplace,Cartão de Crédito,1,562.16,0.0
PED00435,2026-06-14,Smartphone,Eletrônicos,Fortaleza,Fortaleza,Marketplace,Cartão de Crédito,2,1333.01,0.0
PED07393,2026-06-14,Notebook,Eletrônicos,Itapipoca,Interior,Marketplace,Cartão de Débito,1,4680.43,0.0
PED08070,2026-06-14,Mouse,Acessórios,Fortaleza,Fortaleza,Marketplace,Cartão de Débito,1,164.4,0.0
PED07540,2026-06-14,Monitor,Eletrônicos,Fortaleza,Fortaleza,Site,Cartão de Crédito,3,878.52,0.05
PED05613,2026-06-14,Mesa Escritório,Móveis,Itapipoca,Interior,Site,Boleto,1,1213.09,0.0
PED01764,2026-06-14,Teclado,Acessórios,Fortaleza,Fortaleza,Site,Cartão de Crédito,3,428.42,0.05
PED01402,2026-06-14,Impressora,Informática,Fortaleza,Fortaleza,Site,PIX,1,697.41,0.0
PED06840,2026-06-14,Webcam,Acessórios,Fortaleza,Fortaleza,Loja Física,Boleto,1,246.4,0.0
PED05733,2026-06-14,Roteador,Informática,Fortaleza,Fortaleza,Site,Boleto,2,282.3,0.0
PED05878,2026-06-14,Cadeira Gamer,Móveis,Fortaleza,Fortaleza,Site,PIX,2,1660.06,0.0
PED01376,2026-06-15,Caixa de Som,Áudio,Fortaleza,Fortaleza,Site,PIX,1,159.26,0.0
PED04490,2026-06-15,Webcam,Acessórios,Fortaleza,Fortaleza,Site,PIX,2,310.67,0.0
PED09092,2026-06-15,Teclado,Acessórios,Itapipoca,Interior,Loja Física,Cartão de Crédito,2,307.58,0.05
PED05971,2026-06-15,Notebook,Eletrônicos,Caucaia,Região Metropolitana,Site,PIX,1,3945.29,0.0
PED05537,2026-06-15,Monitor,Eletrônicos,Sobral,Interior,Marketplace,Cartão de Crédito,1,779.56,0.1
PED00648,2026-06-15,Notebook,Eletrônicos,Itapipoca,Interior,Loja Física,Cartão de Débito,4,3221.68,0.05
PED06972,2026-06-15,Memória RAM,Informática,Fortaleza,Fortaleza,Site,Cartão de Crédito,1,518.84,0.1
PED06856,2026-06-15,Headset,Acessórios,Sobral,Interior,Site,PIX,1,422.96,0.0
PED01039,2026-06-15,Mouse,Acessórios,Maracanaú,Região Metropolitana,Marketplace,Cartão de Crédito,1,54.9,0.15
PED07646,2026-06-15,Mesa Escritório,Móveis,Fortaleza,Fortaleza,Marketplace,Boleto,1,516.44,0.0
PED04164,2026-06-15,SSD 1TB,Informática,Maracanaú,Região Metropolitana,Loja Física,Cartão de Crédito,1,309.71,0.1
PED01457,2026-06-15,Smartphone,Eletrônicos,Fortaleza,Fortaleza,Marketplace,Boleto,1,1926.93,0.0
PED03333,2026-06-15,Caixa de Som,Áudio,Maracanaú,Região Metropolitana,Loja Física,Cartão de Débito,1,374.99,0.0
PED02076,2026-06-16,Cadeira Gamer,Móveis,Fortaleza,Fortaleza,Loja Física,Cartão de Débito,1,1163.9,0.05
PED05855,2026-06-16,Roteador,Informática,Juazeiro do Norte,Interior,Site,Boleto,1,262.06,0.1
PED04393,2026-06-16,Roteador,Informática,Fortaleza,Fortaleza,Loja Física,PIX,1,450.97,0.15
PED04090,2026-06-16,Webcam,Acessórios,Sobral,Interior,Loja Física,Cartão de Crédito,3,368.45,0.1
PED03153,2026-06-16,Caixa de Som,Áudio,Caucaia,Região Metropolitana,Loja Física,Cartão de Crédito,3,194.98,0.0
PED02094,2026-06-16,Webcam,Acessórios,Caucaia,Região Metropolitana,Marketplace,PIX,3,187.58,0.05
PED07077,2026-06-16,Memória RAM,Informática,Fortaleza,Fortaleza,Loja Física,PIX,1,437.93,0.05
PED09507,2026-06-16,Roteador,Informática,Juazeiro do Norte,Interior,Loja Física,Boleto,2,167.96,0.0
PED02519,2026-06-16,SSD 1TB,Informática,Itapipoca,Interior,Site,Cartão de Crédito,1,386.21,0.0
PED07422,2026-06-16,Webcam,Acessórios,Caucaia,Região Metropolitana,Site,Boleto,1,673.88,0.0
PED00361,2026-06-16,Notebook,Eletrônicos,Fortaleza,Fortaleza,Marketplace,Boleto,1,3230.65,0.05
PED03837,2026-06-16,Webcam,Acessórios,Caucaia,Região Metropolitana,Site,Boleto,1,691.26,0.0
PED01652,2026-06-16,Webcam,Acessórios,Sobral,Interior,Loja Física,Cartão de Crédito,1,331.74,0.0
PED00224,2026-06-16,Monitor,Eletrônicos,Fortaleza,Fortaleza,Site,PIX,2,963.26,0.0
PED06268,2026-06-16,Mesa Escritório,Móveis,Maracanaú,Região Metropolitana,Site,Cartão de Crédito,1,1245.69,0.05
PED07598,2026-06-16,Mouse,Acessórios,Fortaleza,Fortaleza,Site,Cartão de Crédito,2,126.24,0.0
PED01661,2026-06-17,Mouse,Acessórios,Fortaleza,Fortaleza,Marketplace,Cartão de Débito,4,237.57,0.05
PED06041,2026-06-17,SSD 1TB,Informática,Caucaia,Região Metropolitana,Marketplace,Cartão de Crédito,1,408.96,0.0
PED06031,2026-06-17,Caixa de Som,Áudio,Fortaleza,Fortaleza,Site,Cartão de Crédito,1,406.94,0.0
PED05671,2026-06-17,Notebook,Eletrônicos,Fortaleza,Fortaleza,Site,PIX,1,4676.17,0.05
PED09833,2026-06-17,Fone Bluetooth,Áudio,Caucaia,Região Metropolitana,Site,Cartão de Débito,1,92.57,0.05
PED05129,2026-06-17,SSD 1TB,Informática,Maracanaú,Região Metropolitana,Marketplace,Boleto,1,359.64,0.1
PED08936,2026-06-17,Notebook,Eletrônicos,Maracanaú,Região Metropolitana,Loja Física,Boleto,1,5029.96,0.05
PED01947,2026-06-17,Headset,Acessórios,Caucaia,Região Metropolitana,Marketplace,Cartão de Débito,2,460.85,0.1
PED03287,2026-06-17,Impressora,Informática,Fortaleza,Fortaleza,Site,Cartão de Crédito,2,555.43,0.15
PED00567,2026-06-17,Cadeira Gamer,Móveis,Itapipoca,Interior,Loja Física,Boleto,1,1664.55,0.0
PED03867,2026-06-17,Fone Bluetooth,Áudio,Maracanaú,Região Metropolitana,Site,Cartão de Crédito,2,536.82,0.0
PED05978,2026-06-17,Memória RAM,Informática,Sobral,Interior,Site,Cartão de Débito,1,374.02,0.1
PED06698,2026-06-17,SSD 1TB,Informática,Caucaia,Região Metropolitana,Site,Boleto,1,532.96,0.0
PED06906,2026-06-17,Headset,Acessórios,Fortaleza,Fortaleza,Site,Cartão de Crédito,1,503.38,0.1
PED03708,2026-06-17,SSD 1TB,Informática,Sobral,Interior,Loja Física,Cartão de Débito,1,341.69,0.0
PED05794,2026-06-17,Fone Bluetooth,Áudio,Fortaleza,Fortaleza,Marketplace,PIX,1,254.15,0.05
PED02112,2026-06-17,Impressora,Informática,Maracanaú,Região Metropolitana,Loja Física,PIX,1,1594.96,0.0
PED04761,2026-06-17,Notebook,Eletrônicos,Fortaleza,Fortaleza,Loja Física,Cartão de Crédito,1,4134.01,0.15
PED02111,2026-06-17,Teclado,Acessórios,Fortaleza,Fortaleza,Marketplace,Cartão de Crédito,3,193.8,0.05
PED06885,2026-06-17,Memória RAM,Informática,Itapipoca,Interior,Loja Física,Cartão de Crédito,1,294.81,0.0
PED01996,2026-06-18,Caixa de Som,Áudio,Caucaia,Região Metropolitana,Marketplace,PIX,1,515.02,0.0
PED03206,2026-06-18,SSD 1TB,Informática,Maracanaú,Região Metropolitana,Marketplace,Cartão de Débito,1,437.59,0.05
PED08561,2026-06-18,SSD 1TB,Informática,Maracanaú,Região Metropolitana,Site,Boleto,1,487.4,0.0
PED07306,2026-06-18,Cadeira Gamer,Móveis,Sobral,Interior,Site,PIX,1,1236.22,0.0
PED09218,2026-06-18,Mesa Escritório,Móveis,Fortaleza,Fortaleza,Site,Cartão de Crédito,3,874.87,0.05
PED09264,2026-06-18,Roteador,Informática,Itapipoca,Interior,Loja Física,Cartão de Débito,1,485.13,0.0
PED04035,2026-06-18,Monitor,Eletrônicos,Fortaleza,Fortaleza,Marketplace,Cartão de Crédito,1,1876.38,0.1
PED04473,2026-06-18,Webcam,Acessórios,Sobral,Interior,Marketplace,Cartão de Débito,2,308.22,0.15
PED09839,2026-06-18,Caixa de Som,Áudio,Fortaleza,Fortaleza,Site,PIX,2,722.63,0.0
PED06914,2026-06-18,Roteador,Informática,Caucaia,Região Metropolitana,Site,Cartão de Crédito,1,272.57,0.0
PED05564,2026-06-18,Memória RAM,Informática,Fortaleza,Fortaleza,Site,Boleto,1,251.23,0.1
PED03059,2026-06-18,Notebook,Eletrônicos,Fortaleza,Fortaleza,Site,Cartão de Crédito,1,4160.86,0.0
PED00673,2026-06-18,Fone Bluetooth,Áudio,Fortaleza,Fortaleza,Marketplace,Cartão de Crédito,1,317.88,0.05
PED01466,2026-06-18,Headset,Acessórios,Juazeiro do Norte,Interior,Site,Cartão de Crédito,1,477.06,0.0
PED01730,2026-06-19,Headset,Acessórios,Juazeiro do Norte,Interior,Site,Cartão de Crédito,1,219.98,0.05
PED05623,2026-06-19,Mouse,Acessórios,Maracanaú,Região Metropolitana,Marketplace,Boleto,2,54.66,0.0
PED04125,2026-06-19,Caixa de Som,Áudio,Juazeiro do Norte,Interior,Marketplace,Cartão de Débito,1,151.09,0.0
PED07441,2026-06-19,SSD 1TB,Informática,Caucaia,Região Metropolitana,Loja Física,Boleto,1,357.95,0.0
PED04231,2026-06-19,Memória RAM,Informática,Fortaleza,Fortaleza,Loja Física,Cartão de Débito,1,473.17,0.0
PED05739,2026-06-19,Monitor,Eletrônicos,Fortaleza,Fortaleza,Marketplace,PIX,1,1157.46,0.0
PED02371,2026-06-19,Headset,Acessórios,Itapipoca,Interior,Site,Boleto,1,362.83,0.05
PED03660,2026-06-19,Monitor,Eletrônicos,Fortaleza,Fortaleza,Loja Física,Cartão de Crédito,3,953.67,0.0
PED01313,2026-06-19,SSD 1TB,Informática,Juazeiro do Norte,Interior,Marketplace,Cartão de Débito,1,622.84,0.0
PED09692,2026-06-19,Mouse,Acessórios,Maracanaú,Região Metropolitana,Loja Física,Cartão de Débito,1,124.99,0.05
PED05327,2026-06-19,SSD 1TB,Informática,Fortaleza,Fortaleza,Marketplace,PIX,1,448.38,0.0
PED00439,2026-06-20,Memória RAM,Informática,Caucaia,Região Metropolitana,Site,PIX,2,315.78,0.1
PED08883,2026-06-20,Monitor,Eletrônicos,Caucaia,Região Metropolitana,Marketplace,PIX,1,869.91,0.0
PED05906,2026-06-20,Memória RAM,Informática,Caucaia,Região Metropolitana,Site,Boleto,1,452.35,0.05
PED08497,2026-06-20,Impressora,Informática,Caucaia,Região Metropolitana,Marketplace,Boleto,1,1000.27,0.1
PED03057,2026-06-20,Webcam,Acessórios,Juazeiro do Norte,Interior,Site,Cartão de Débito,1,310.11,0.05
PED02814,2026-06-20,Impressora,Informática,Itapipoca,Interior,Site,Cartão de Crédito,2,770.46,0.0
PED08951,2026-06-20,Mesa Escritório,Móveis,Caucaia,Região Metropolitana,Marketplace,PIX,2,1067.77,0.1
PED09823,2026-06-20,Impressora,Informática,Caucaia,Região Metropolitana,Marketplace,Boleto,1,801.44,0.1
PED02792,2026-06-20,Fone Bluetooth,Áudio,Fortaleza,Fortaleza,Site,Cartão de Crédito,1,240.78,0.0
PED07861,2026-06-20,Teclado,Acessórios,Itapipoca,Interior,Marketplace,PIX,1,224.45,0.05
PED07913,2026-06-20,Caixa de Som,Áudio,Fortaleza,Fortaleza,Site,PIX,1,677.7,0.05
PED05606,2026-06-20,Teclado,Acessórios,Juazeiro do Norte,Interior,Loja Física,PIX,2,312.13,0.0
PED09708,2026-06-20,Roteador,Informática,Maracanaú,Região Metropolitana,Marketplace,Boleto,1,483.22,0.05
PED01530,2026-06-20,Mouse,Acessórios,Fortaleza,Fortaleza,Site,Cartão de Crédito,1,49.55,0.0
PED02147,2026-06-20,Impressora,Informática,Fortaleza,Fortaleza,Marketplace,Cartão de Crédito,1,640.94,0.05
PED00781,2026-06-20,Headset,Acessórios,Sobral,Interior,Site,Cartão de Crédito,1,430.88,0.0
PED01267,2026-06-20,Monitor,Eletrônicos,Juazeiro do Norte,Interior,Site,Boleto,1,1631.69,0.15
PED07674,2026-06-20,Roteador,Informática,Itapipoca,Interior,Marketplace,Cartão de Crédito,2,443.47,0.05
PED05685,2026-06-20,Cadeira Gamer,Móveis,Fortaleza,Fortaleza,Loja Física,Cartão de Débito,2,1861.98,0.1
PED01607,2026-06-20,Cadeira Gamer,Móveis,Sobral,Interior,Site,PIX,1,971.98,0.1
PED01023,2026-06-20,Monitor,Eletrônicos,Fortaleza,Fortaleza,Marketplace,Cartão de Débito,1,889.81,0.0
PED05788,2026-06-20,Teclado,Acessórios,Caucaia,Região Metropolitana,Marketplace,Cartão de Débito,2,154.97,0.0
PED00036,2026-06-20,Notebook,Eletrônicos,Maracanaú,Região Metropolitana,Site,Cartão de Débito,1,3874.06,0.05
PED06339,2026-06-20,Mesa Escritório,Móveis,Fortaleza,Fortaleza,Site,Cartão de Débito,1,719.51,0.0
PED05319,2026-06-21,Headset,Acessórios,Caucaia,Região Metropolitana,Marketplace,PIX,3,274.48,0.0
PED07063,2026-06-21,Smartphone,Eletrônicos,Juazeiro do Norte,Interior,Marketplace,Boleto,4,3969.23,0.0
PED05239,2026-06-21,Mesa Escritório,Móveis,Caucaia,Região Metropolitana,Marketplace,Cartão de Crédito,2,721.07,0.0
PED00717,2026-06-21,Fone Bluetooth,Áudio,Caucaia,Região Metropolitana,Site,Cartão de Débito,1,161.68,0.1
PED09144,2026-06-21,Webcam,Acessórios,Fortaleza,Fortaleza,Site,PIX,1,290.36,0.0
PED07989,2026-06-21,Memória RAM,Informática,Fortaleza,Fortaleza,Loja Física,PIX,1,154.62,0.0
PED04987,2026-06-21,Webcam,Acessórios,Caucaia,Região Metropolitana,Site,Cartão de Débito,4,605.51,0.15
PED00659,2026-06-21,Impressora,Informática,Maracanaú,Região Metropolitana,Loja Física,Cartão de Crédito,1,639.55,0.15
PED01912,2026-06-21,Mesa Escritório,Móveis,Fortaleza,Fortaleza,Site,Cartão de Débito,3,473.82,0.0
PED01603,2026-06-21,SSD 1TB,Informática,Maracanaú,Região Metropolitana,Loja Física,Cartão de Crédito,1,414.52,0.0
PED05988,2026-06-21,SSD 1TB,Informática,Caucaia,Região Metropolitana,Marketplace,Boleto,1,512.96,0.0
PED00447,2026-06-21,Monitor,Eletrônicos,Fortaleza,Fortaleza,Marketplace,PIX,2,867.17,0.0
PED01561,2026-06-21,Mouse,Acessórios,Fortaleza,Fortaleza,Marketplace,Boleto,1,50.57,0.05
PED01680,2026-06-21,Mesa Escritório,Móveis,Fortaleza,Fortaleza,Loja Física,Boleto,1,717.01,0.0
PED07379,2026-06-21,Mesa Escritório,Móveis,Maracanaú,Região Metropolitana,Site,PIX,1,804.38,0.0
PED09674,2026-06-21,Caixa de Som,Áudio,Caucaia,Região Metropolitana,Marketplace,Cartão de Débito,2,650.42,0.05
PED09898,2026-06-21,Notebook,Eletrônicos,Fortaleza,Fortaleza,Loja Física,Cartão de Crédito,2,3227.3,0.0
PED09140,2026-06-21,SSD 1TB,Informática,Fortaleza,Fortaleza,Loja Física,Cartão de Débito,2,588.08,0.0
PED06638,2026-06-21,Webcam,Acessórios,Caucaia,Região Metropolitana,Marketplace,Boleto,2,593.26,0.15
PED09993,2026-06-21,SSD 1TB,Informática,Maracanaú,Região Metropolitana,Site,Cartão de Crédito,2,348.17,0.0
PED01720,2026-06-21,Impressora,Informática,Maracanaú,Região Metropolitana,Site,PIX,1,1649.13,0.1
PED06728,2026-06-22,Webcam,Acessórios,Fortaleza,Fortaleza,Site,Cartão de Crédito,2,130.29,0.0
PED04269,2026-06-22,Impressora,Informática,Fortaleza,Fortaleza,Loja Física,Boleto,1,1244.47,0.15
PED07084,2026-06-22,Impressora,Informática,Fortaleza,Fortaleza,Site,Cartão de Débito,3,1254.96,0.0
PED06697,2026-06-22,Monitor,Eletrônicos,Fortaleza,Fortaleza,Loja Física,Boleto,1,1571.28,0.0
PED05919,2026-06-22,Notebook,Eletrônicos,Fortaleza,Fortaleza,Loja Física,Cartão de Crédito,1,3498.91,0.05
PED05571,2026-06-22,Roteador,Informática,Fortaleza,Fortaleza,Site,Cartão de Crédito,1,228.26,0.0
PED03377,2026-06-22,Notebook,Eletrônicos,Sobral,Interior,Site,PIX,2,6250.23,0.0
PED05795,2026-06-22,Notebook,Eletrônicos,Maracanaú,Região Metropolitana,Marketplace,Cartão de Crédito,1,4114.71,0.1
PED09700,2026-06-22,Smartphone,Eletrônicos,Juazeiro do Norte,Interior,Site,Boleto,1,3592.06,0.0
PED05819,2026-06-22,Headset,Acessórios,Caucaia,Região Metropolitana,Site,Cartão de Crédito,1,406.48,0.0
PED00091,2026-06-22,Cadeira Gamer,Móveis,Caucaia,Região Metropolitana,Marketplace,Cartão de Débito,2,2169.79,0.15
PED08661,2026-06-22,Memória RAM,Informática,Caucaia,Região Metropolitana,Marketplace,Cartão de Crédito,1,378.65,0.0
PED05839,2026-06-22,Monitor,Eletrônicos,Caucaia,Região Metropolitana,Marketplace,Cartão de Crédito,1,1666.09,0.0
PED06213,2026-06-22,Memória RAM,Informática,Itapipoca,Interior,Site,PIX,1,365.71,0.0
PED06285,2026-06-22,Mesa Escritório,Móveis,Juazeiro do Norte,Interior,Marketplace,PIX,2,951.39,0.0
PED02084,2026-06-22,Memória RAM,Informática,Sobral,Interior,Loja Física,PIX,2,514.6,0.05
PED03824,2026-06-22,Teclado,Acessórios,Sobral,Interior,Site,PIX,3,299.62,0.0
PED04313,2026-06-22,Roteador,Informática,Fortaleza,Fortaleza,Loja Física,Cartão de Débito,1,517.03,0.0
PED08358,2026-06-22,Roteador,Informática,Fortaleza,Fortaleza,Marketplace,PIX,2,280.19,0.0
PED04687,2026-06-22,Fone Bluetooth,Áudio,Itapipoca,Interior,Site,PIX,1,356.59,0.0
PED00897,2026-06-22,Roteador,Informática,Itapipoca,Interior,Site,Boleto,3,549.21,0.0
PED02223,2026-06-22,Mouse,Acessórios,Fortaleza,Fortaleza,Loja Física,Cartão de Débito,1,263.56,0.0
PED01655,2026-06-22,Monitor,Eletrônicos,Juazeiro do Norte,Interior,Loja Física,Cartão de Crédito,1,775.14,0.0
PED07280,2026-06-22,SSD 1TB,Informática,Fortaleza,Fortaleza,Loja Física,Boleto,2,553.28,0.0
PED07276,2026-06-22,Headset,Acessórios,Itapipoca,Interior,Site,Boleto,1,267.2,0.0
PED07613,2026-06-22,Monitor,Eletrônicos,Caucaia,Região Metropolitana,Marketplace,Boleto,1,785.98,0.05
PED03714,2026-06-22,Mesa Escritório,Móveis,Maracanaú,Região Metropolitana,Site,Cartão de Crédito,1,1507.64,0.1
PED07544,2026-06-22,Memória RAM,Informática,Maracanaú,Região Metropolitana,Marketplace,Cartão de Crédito,1,528.8,0.0
PED04623,2026-06-23,Headset,Acessórios,Maracanaú,Região Metropolitana,Loja Física,Boleto,2,340.29,0.05
PED08837,2026-06-23,Caixa de Som,Áudio,Sobral,Interior,Marketplace,Cartão de Débito,1,449.39,0.0
PED08080,2026-06-23,Headset,Acessórios,Maracanaú,Região Metropolitana,Marketplace,Cartão de Débito,1,524.22,0.1
PED02080,2026-06-23,Mesa Escritório,Móveis,Fortaleza,Fortaleza,Site,PIX,1,1076.03,0.05
PED04870,2026-06-23,Smartphone,Eletrônicos,Juazeiro do Norte,Interior,Site,Boleto,1,2838.04,0.1
PED02515,2026-06-23,Roteador,Informática,Sobral,Interior,Marketplace,Cartão de Crédito,2,224.29,0.0
PED07242,2026-06-23,Roteador,Informática,Juazeiro do Norte,Interior,Loja Física,Cartão de Débito,1,507.08,0.0
PED00519,2026-06-23,Roteador,Informática,Maracanaú,Região Metropolitana,Loja Física,Cartão de Crédito,1,389.07,0.05
PED00405,2026-06-23,Webcam,Acessórios,Fortaleza,Fortaleza,Loja Física,PIX,1,693.85,0.1
PED08117,2026-06-23,Fone Bluetooth,Áudio,Fortaleza,Fortaleza,Site,Boleto,1,360.59,0.05
PED04350,2026-06-23,Caixa de Som,Áudio,Caucaia,Região Metropolitana,Marketplace,Cartão de Crédito,1,289.63,0.0
PED07964,2026-06-23,Smartphone,Eletrônicos,Sobral,Interior,Site,PIX,1,1619.01,0.0
PED02065,2026-06-23,Mesa Escritório,Móveis,Juazeiro do Norte,Interior,Loja Física,Cartão de Crédito,2,524.19,0.1
PED05542,2026-06-23,SSD 1TB,Informática,Fortaleza,Fortaleza,Loja Física,Cartão de Crédito,1,350.27,0.05
PED08670,2026-06-24,Smartphone,Eletrônicos,Itapipoca,Interior,Site,Cartão de Débito,1,2513.17,0.0
PED05371,2026-06-24,Caixa de Som,Áudio,Sobral,Interior,Site,Boleto,1,771.15,0.0
PED04389,2026-06-24,Mouse,Acessórios,Fortaleza,Fortaleza,Site,PIX,1,119.55,0.0
PED00183,2026-06-24,Webcam,Acessórios,Maracanaú,Região Metropolitana,Loja Física,Boleto,1,414.92,0.0
PED06034,2026-06-24,Webcam,Acessórios,Fortaleza,Fortaleza,Marketplace,Boleto,1,587.0,0.0
PED03566,2026-06-24,Webcam,Acessórios,Itapipoca,Interior,Marketplace,Cartão de Crédito,1,212.82,0.0
PED07963,2026-06-24,Notebook,Eletrônicos,Sobral,Interior,Marketplace,PIX,1,5022.94,0.0
PED08872,2026-06-24,Roteador,Informática,Juazeiro do Norte,Interior,Loja Física,Cartão de Débito,1,390.02,0.05
PED04252,2026-06-24,Teclado,Acessórios,Fortaleza,Fortaleza,Loja Física,Boleto,1,130.36,0.05
PED00196,2026-06-25,Notebook,Eletrônicos,Fortaleza,Fortaleza,Site,PIX,2,5761.37,0.0
PED04038,2026-06-25,Caixa de Som,Áudio,Fortaleza,Fortaleza,Site,Cartão de Débito,2,366.08,0.0
PED06767,2026-06-25,Notebook,Eletrônicos,Fortaleza,Fortaleza,Marketplace,Boleto,1,4100.36,0.0
PED02772,2026-06-25,Notebook,Eletrônicos,Fortaleza,Fortaleza,Site,PIX,1,5918.53,0.0
PED06810,2026-06-25,Webcam,Acessórios,Fortaleza,Fortaleza,Marketplace,Boleto,2,309.05,0.0
PED07604,2026-06-25,Smartphone,Eletrônicos,Fortaleza,Fortaleza,Site,Boleto,1,3521.8,0.0
PED01189,2026-06-25,Cadeira Gamer,Móveis,Maracanaú,Região Metropolitana,Marketplace,PIX,3,1591.43,0.15
PED02725,2026-06-25,Notebook,Eletrônicos,Caucaia,Região Metropolitana,Site,Cartão de Débito,1,4105.26,0.05
PED06962,2026-06-25,Notebook,Eletrônicos,Sobral,Interior,Marketplace,Cartão de Débito,1,5306.83,0.1
PED04807,2026-06-25,Cadeira Gamer,Móveis,Fortaleza,Fortaleza,Site,Cartão de Débito,1,1835.24,0.1
PED05867,2026-06-25,Monitor,Eletrônicos,Caucaia,Região Metropolitana,Site,PIX,2,1154.69,0.05
PED06924,2026-06-25,Cadeira Gamer,Móveis,Itapipoca,Interior,Marketplace,Cartão de Débito,2,1814.78,0.1
PED06217,2026-06-25,Teclado,Acessórios,Fortaleza,Fortaleza,Marketplace,Boleto,1,145.05,0.0
PED03780,2026-06-25,Memória RAM,Informática,Caucaia,Região Metropolitana,Marketplace,Cartão de Débito,1,523.04,0.0
PED08522,2026-06-25,Mesa Escritório,Móveis,Fortaleza,Fortaleza,Site,Cartão de Crédito,1,673.18,0.05
PED01153,2026-06-25,SSD 1TB,Informática,Juazeiro do Norte,Interior,Marketplace,Cartão de Débito,2,384.47,0.0
PED01400,2026-06-25,Caixa de Som,Áudio,Fortaleza,Fortaleza,Site,Cartão de Crédito,1,682.68,0.05
PED00756,2026-06-25,Monitor,Eletrônicos,Fortaleza,Fortaleza,Loja Física,Cartão de Débito,2,1880.09,0.0
PED02594,2026-06-26,Monitor,Eletrônicos,Caucaia,Região Metropolitana,Site,Cartão de Débito,1,1535.31,0.1
PED04427,2026-06-26,Mouse,Acessórios,Fortaleza,Fortaleza,Site,Cartão de Débito,2,232.2,0.0
PED00988,2026-06-26,SSD 1TB,Informática,Itapipoca,Interior,Loja Física,Cartão de Crédito,1,448.51,0.05
PED01811,2026-06-26,Smartphone,Eletrônicos,Fortaleza,Fortaleza,Site,Boleto,1,3069.36,0.0
PED08718,2026-06-26,Impressora,Informática,Juazeiro do Norte,Interior,Marketplace,PIX,2,1601.29,0.0
PED03143,2026-06-26,Impressora,Informática,Caucaia,Região Metropolitana,Site,PIX,1,624.72,0.0
PED04809,2026-06-26,Mouse,Acessórios,Fortaleza,Fortaleza,Loja Física,Cartão de Débito,3,164.83,0.0
PED02071,2026-06-26,Teclado,Acessórios,Sobral,Interior,Site,Cartão de Crédito,2,109.56,0.0
PED00040,2026-06-26,Memória RAM,Informática,Itapipoca,Interior,Loja Física,Cartão de Débito,1,522.7,0.15
PED08327,2026-06-26,Cadeira Gamer,Móveis,Caucaia,Região Metropolitana,Marketplace,Cartão de Crédito,1,1759.27,0.0
PED04281,2026-06-26,Cadeira Gamer,Móveis,Itapipoca,Interior,Loja Física,PIX,1,1718.41,0.0
PED08617,2026-06-26,Cadeira Gamer,Móveis,Fortaleza,Fortaleza,Loja Física,Cartão de Crédito,1,1247.9,0.05
PED02463,2026-06-26,Monitor,Eletrônicos,Sobral,Interior,Site,Cartão de Débito,3,1744.14,0.05
PED02447,2026-06-26,Teclado,Acessórios,Fortaleza,Fortaleza,Site,Boleto,2,80.64,0.0
PED07187,2026-06-26,Smartphone,Eletrônicos,Itapipoca,Interior,Marketplace,Cartão de Débito,2,3883.41,0.0
PED07807,2026-06-26,Teclado,Acessórios,Sobral,Interior,Marketplace,Cartão de Débito,1,242.06,0.15
PED06512,2026-06-26,Smartphone,Eletrônicos,Fortaleza,Fortaleza,Site,PIX,1,1306.79,0.0
PED06642,2026-06-26,Mouse,Acessórios,Sobral,Interior,Loja Física,Boleto,1,257.81,0.0
PED02945,2026-06-26,Teclado,Acessórios,Caucaia,Região Metropolitana,Site,Cartão de Débito,1,292.42,0.1
PED05590,2026-06-27,Impressora,Informática,Fortaleza,Fortaleza,Marketplace,Cartão de Crédito,1,1503.38,0.15
PED06059,2026-06-27,Fone Bluetooth,Áudio,Fortaleza,Fortaleza,Site,PIX,1,104.96,0.0
PED09135,2026-06-27,Mouse,Acessórios,Itapipoca,Interior,Site,PIX,2,105.43,0.05
PED01164,2026-06-27,Cadeira Gamer,Móveis,Fortaleza,Fortaleza,Site,PIX,1,1454.3,0.0
PED05041,2026-06-27,Impressora,Informática,Maracanaú,Região Metropolitana,Site,PIX,1,1448.8,0.0
PED02587,2026-06-27,Notebook,Eletrônicos,Fortaleza,Fortaleza,Loja Física,PIX,1,6286.55,0.0
PED00214,2026-06-27,Headset,Acessórios,Fortaleza,Fortaleza,Site,Boleto,2,234.62,0.05
PED09986,2026-06-27,Fone Bluetooth,Áudio,Maracanaú,Região Metropolitana,Site,Cartão de Crédito,1,600.31,0.0
PED05494,2026-06-27,Mouse,Acessórios,Juazeiro do Norte,Interior,Marketplace,Boleto,1,279.45,0.0
PED09362,2026-06-27,Mesa Escritório,Móveis,Itapipoca,Interior,Marketplace,PIX,1,1555.25,0.1
PED03283,2026-06-27,Notebook,Eletrônicos,Caucaia,Região Metropolitana,Loja Física,PIX,1,4165.6,0.05
PED07789,2026-06-27,SSD 1TB,Informática,Sobral,Interior,Loja Física,Cartão de Crédito,1,559.03,0.0
PED08592,2026-06-27,Cadeira Gamer,Móveis,Fortaleza,Fortaleza,Loja Física,Cartão de Débito,1,1163.47,0.0
PED06547,2026-06-27,Headset,Acessórios,Fortaleza,Fortaleza,Loja Física,Boleto,4,258.22,0.0
PED09185,2026-06-27,Notebook,Eletrônicos,Fortaleza,Fortaleza,Marketplace,PIX,1,5516.72,0.15
PED00389,2026-06-27,Webcam,Acessórios,Sobral,Interior,Loja Física,Boleto,2,405.38,0.0
PED02668,2026-06-28,Teclado,Acessórios,Caucaia,Região Metropolitana,Site,Cartão de Crédito,3,214.06,0.15
PED08106,2026-06-28,Mouse,Acessórios,Sobral,Interior,Loja Física,Cartão de Débito,1,231.53,0.0
PED01321,2026-06-28,Mouse,Acessórios,Maracanaú,Região Metropolitana,Site,Boleto,2,47.78,0.15
PED02432,2026-06-28,Roteador,Informática,Fortaleza,Fortaleza,Loja Física,PIX,3,575.41,0.05
PED02666,2026-06-28,Teclado,Acessórios,Itapipoca,Interior,Site,PIX,1,395.12,0.0
PED09988,2026-06-28,Mesa Escritório,Móveis,Fortaleza,Fortaleza,Loja Física,Cartão de Débito,1,920.22,0.0
PED09141,2026-06-28,Memória RAM,Informática,Fortaleza,Fortaleza,Marketplace,Cartão de Débito,1,377.4,0.1
PED02232,2026-06-28,Notebook,Eletrônicos,Caucaia,Região Metropolitana,Marketplace,PIX,1,4329.89,0.1
PED08140,2026-06-28,Mesa Escritório,Móveis,Juazeiro do Norte,Interior,Marketplace,Cartão de Crédito,1,1587.44,0.0
PED05552,2026-06-28,Fone Bluetooth,Áudio,Sobral,Interior,Site,PIX,3,618.15,0.0
PED04921,2026-06-28,Mesa Escritório,Móveis,Fortaleza,Fortaleza,Site,PIX,1,1594.53,0.0
PED00521,2026-06-28,Impressora,Informática,Fortaleza,Fortaleza,Site,PIX,1,693.4,0.0
PED01344,2026-06-28,Fone Bluetooth,Áudio,Caucaia,Região Metropolitana,Site,Cartão de Débito,1,231.38,0.0
PED04965,2026-06-28,Headset,Acessórios,Sobral,Interior,Marketplace,Cartão de Crédito,2,275.12,0.05
PED01671,2026-06-28,Headset,Acessórios,Caucaia,Região Metropolitana,Marketplace,PIX,2,458.12,0.05
PED02075,2026-06-28,Mouse,Acessórios,Caucaia,Região Metropolitana,Marketplace,PIX,1,240.73,0.0
PED03859,2026-06-28,Smartphone,Eletrônicos,Maracanaú,Região Metropolitana,Marketplace,Cartão de Crédito,1,4063.63,0.0
PED07281,2026-06-28,Monitor,Eletrônicos,Fortaleza,Fortaleza,Marketplace,PIX,2,756.07,0.0
PED05123,2026-06-28,Webcam,Acessórios,Juazeiro do Norte,Interior,Loja Física,Boleto,1,532.67,0.0
PED01133,2026-06-28,Fone Bluetooth,Áudio,Juazeiro do Norte,Interior,Site,Cartão de Crédito,1,290.01,0.0
PED01975,2026-06-28,Impressora,Informática,Maracanaú,Região Metropolitana,Site,Cartão de Crédito,2,1093.67,0.0
PED03855,2026-06-28,Cadeira Gamer,Móveis,Maracanaú,Região Metropolitana,Site,Boleto,1,1939.92,0.1
PED09792,2026-06-28,Mouse,Acessórios,Fortaleza,Fortaleza,Marketplace,Cartão de Crédito,1,83.44,0.05
PED08306,2026-06-29,Roteador,Informática,Fortaleza,Fortaleza,Site,Boleto,1,270.77,0.15
PED07367,2026-06-29,Roteador,Informática,Fortaleza,Fortaleza,Marketplace,Boleto,3,545.66,0.0
PED07592,2026-06-29,Caixa de Som,Áudio,Fortaleza,Fortaleza,Site,Cartão de Débito,1,566.51,0.1
PED02731,2026-06-29,Monitor,Eletrônicos,Itapipoca,Interior,Marketplace,Boleto,1,1575.02,0.0
PED03997,2026-06-29,Impressora,Informática,Caucaia,Região Metropolitana,Loja Física,PIX,2,1655.94,0.05
PED07628,2026-06-29,Fone Bluetooth,Áudio,Caucaia,Região Metropolitana,Loja Física,PIX,1,310.24,0.0
PED09921,2026-06-29,Headset,Acessórios,Juazeiro do Norte,Interior,Marketplace,Cartão de Débito,1,224.56,0.0
PED03341,2026-06-29,Cadeira Gamer,Móveis,Fortaleza,Fortaleza,Loja Física,Cartão de Crédito,3,1466.43,0.1
PED03358,2026-06-29,Caixa de Som,Áudio,Fortaleza,Fortaleza,Loja Física,Cartão de Débito,1,120.53,0.15
PED04513,2026-06-29,Mouse,Acessórios,Sobral,Interior,Marketplace,Cartão de Crédito,1,194.32,0.1
PED08765,2026-06-29,Cadeira Gamer,Móveis,Fortaleza,Fortaleza,Site,Cartão de Crédito,1,2064.64,0.1
PED07466,2026-06-29,Webcam,Acessórios,Fortaleza,Fortaleza,Loja Física,Cartão de Crédito,1,382.53,0.05
PED05635,2026-06-29,Smartphone,Eletrônicos,Sobral,Interior,Site,Boleto,3,1370.09,0.0
PED04790,2026-06-29,Fone Bluetooth,Áudio,Fortaleza,Fortaleza,Site,Boleto,1,526.79,0.05
PED09385,2026-06-29,Fone Bluetooth,Áudio,Itapipoca,Interior,Site,PIX,1,559.08,0.0
PED03554,2026-06-30,Teclado,Acessórios,Juazeiro do Norte,Interior,Marketplace,PIX,1,278.14,0.0
PED05228,2026-06-30,Notebook,Eletrônicos,Fortaleza,Fortaleza,Marketplace,PIX,1,3285.11,0.05
PED09217,2026-06-30,Fone Bluetooth,Áudio,Caucaia,Região Metropolitana,Marketplace,Cartão de Débito,3,535.78,0.0
PED03555,2026-06-30,Cadeira Gamer,Móveis,Itapipoca,Interior,Loja Física,Cartão de Débito,2,1992.53,0.15
PED02751,2026-06-30,Smartphone,Eletrônicos,Fortaleza,Fortaleza,Marketplace,Cartão de Débito,2,941.5,0.0
PED06470,2026-06-30,Monitor,Eletrônicos,Fortaleza,Fortaleza,Marketplace,Cartão de Crédito,1,797.6,0.0
PED06888,2026-06-30,Webcam,Acessórios,Juazeiro do Norte,Interior,Marketplace,Cartão de Crédito,1,683.83,0.1
PED08549,2026-06-30,SSD 1TB,Informática,Itapipoca,Interior,Marketplace,PIX,3,469.09,0.1
PED00817,2026-06-30,Caixa de Som,Áudio,Fortaleza,Fortaleza,Site,Boleto,2,534.67,0.05
PED04760,2026-06-30,Cadeira Gamer,Móveis,Maracanaú,Região Metropolitana,Loja Física,PIX,1,1957.84,0.0
PED05926,2026-06-30,Mesa Escritório,Móveis,Maracanaú,Região Metropolitana,Marketplace,PIX,1,1285.38,0.0
PED01121,2026-06-30,Monitor,Eletrônicos,Sobral,Interior,Marketplace,Boleto,1,1382.6,0.0
PED09991,2026-06-30,Memória RAM,Informática,Caucaia,Região Metropolitana,Marketplace,Cartão de Crédito,1,485.1,0.0
PED03429,2026-06-30,Memória RAM,Informática,Fortaleza,Fortaleza,Marketplace,Cartão de Débito,2,191.68,0.1
PED06033,2026-07-01,Mouse,Acessórios,Sobral,Interior,Marketplace,Cartão de Crédito,1,225.99,0.15
PED00597,2026-07-01,SSD 1TB,Informática,Fortaleza,Fortaleza,Marketplace,Cartão de Débito,3,570.57,0.05
PED05787,2026-07-01,Teclado,Acessórios,Fortaleza,Fortaleza,Site,Cartão de Crédito,1,223.72,0.0
PED00726,2026-07-01,Mouse,Acessórios,Fortaleza,Fortaleza,Loja Física,Boleto,1,187.63,0.1
PED01489,2026-07-01,Teclado,Acessórios,Juazeiro do Norte,Interior,Marketplace,Cartão de Crédito,1,215.32,0.0
PED02608,2026-07-01,Memória RAM,Informática,Sobral,Interior,Loja Física,Cartão de Débito,1,266.01,0.0
PED01589,2026-07-01,Mouse,Acessórios,Sobral,Interior,Marketplace,PIX,1,154.02,0.05
PED05868,2026-07-01,Teclado,Acessórios,Sobral,Interior,Loja Física,Cartão de Crédito,2,73.93,0.0
PED00225,2026-07-01,Impressora,Informática,Juazeiro do Norte,Interior,Loja Física,Cartão de Crédito,1,1289.76,0.05
PED00611,2026-07-01,Impressora,Informática,Sobral,Interior,Site,Cartão de Débito,1,1152.06,0.05
PED05500,2026-07-01,Cadeira Gamer,Móveis,Caucaia,Região Metropolitana,Marketplace,PIX,2,790.44,0.0
PED07268,2026-07-01,Fone Bluetooth,Áudio,Fortaleza,Fortaleza,Marketplace,Cartão de Crédito,1,96.31,0.05
PED04321,2026-07-01,Notebook,Eletrônicos,Fortaleza,Fortaleza,Loja Física,Cartão de Débito,1,3579.45,0.0
PED07435,2026-07-01,Notebook,Eletrônicos,Maracanaú,Região Metropolitana,Site,PIX,1,5772.01,0.0
PED03138,2026-07-01,Mouse,Acessórios,Sobral,Interior,Marketplace,Cartão de Crédito,1,188.89,0.0
PED04823,2026-07-01,Impressora,Informática,Caucaia,Região Metropolitana,Site,PIX,2,1448.0,0.0
PED06902,2026-07-01,Impressora,Informática,Maracanaú,Região Metropolitana,Site,PIX,1,1299.63,0.05
PED00982,2026-07-01,Roteador,Informática,Itapipoca,Interior,Marketplace,Cartão de Crédito,1,314.15,0.15
PED08847,2026-07-01,Caixa de Som,Áudio,Sobral,Interior,Marketplace,Cartão de Crédito,1,154.71,0.05
PED00828,2026-07-01,Headset,Acessórios,Fortaleza,Fortaleza,Site,PIX,1,513.4,0.15
PED06967,2026-07-01,SSD 1TB,Informática,Maracanaú,Região Metropolitana,Loja Física,Cartão de Crédito,1,424.86,0.15
PED07154,2026-07-02,Teclado,Acessórios,Fortaleza,Fortaleza,Loja Física,Boleto,1,209.93,0.1
PED02627,2026-07-02,Headset,Acessórios,Fortaleza,Fortaleza,Loja Física,Cartão de Débito,2,92.81,0.1
PED02638,2026-07-02,Roteador,Informática,Fortaleza,Fortaleza,Loja Física,Cartão de Crédito,1,245.9,0.0
PED03848,2026-07-02,Headset,Acessórios,Itapipoca,Interior,Marketplace,Boleto,1,97.16,0.0
PED01188,2026-07-02,Fone Bluetooth,Áudio,Sobral,Interior,Marketplace,Cartão de Débito,1,219.21,0.0
PED01988,2026-07-02,Smartphone,Eletrônicos,Itapipoca,Interior,Site,PIX,1,2632.47,0.0
PED09344,2026-07-02,Headset,Acessórios,Maracanaú,Região Metropolitana,Site,Cartão de Débito,1,120.97,0.05
PED01404,2026-07-02,Smartphone,Eletrônicos,Sobral,Interior,Marketplace,Cartão de Crédito,1,3971.5,0.0
PED01224,2026-07-02,Notebook,Eletrônicos,Maracanaú,Região Metropolitana,Loja Física,PIX,1,5340.53,0.1
PED03591,2026-07-02,Monitor,Eletrônicos,Maracanaú,Região Metropolitana,Marketplace,Cartão de Crédito,1,1740.8,0.1
PED05956,2026-07-02,Mesa Escritório,Móveis,Juazeiro do Norte,Interior,Loja Física,Cartão de Débito,1,1532.89,0.15
PED00619,2026-07-02,Roteador,Informática,Caucaia,Região Metropolitana,Loja Física,Cartão de Crédito,1,587.83,0.0
PED03723,2026-07-02,Notebook,Eletrônicos,Fortaleza,Fortaleza,Site,Cartão de Débito,2,5625.32,0.0
PED02136,2026-07-02,Teclado,Acessórios,Itapipoca,Interior,Loja Física,Cartão de Crédito,2,413.92,0.0
PED08122,2026-07-02,Impressora,Informática,Sobral,Interior,Site,Cartão de Crédito,2,889.79,0.15
PED05380,2026-07-02,Headset,Acessórios,Fortaleza,Fortaleza,Site,Boleto,3,311.37,0.05
PED06291,2026-07-02,Mesa Escritório,Móveis,Caucaia,Região Metropolitana,Loja Física,Cartão de Crédito,3,475.87,0.05
PED04826,2026-07-02,Notebook,Eletrônicos,Fortaleza,Fortaleza,Loja Física,Boleto,1,4663.81,0.05
PED06564,2026-07-02,Webcam,Acessórios,Fortaleza,Fortaleza,Loja Física,PIX,3,336.01,0.15
PED03062,2026-07-02,Caixa de Som,Áudio,Sobral,Interior,Site,PIX,1,458.79,0.0
PED06003,2026-07-03,Monitor,Eletrônicos,Caucaia,Região Metropolitana,Marketplace,Boleto,1,988.06,0.0
PED01481,2026-07-03,Memória RAM,Informática,Fortaleza,Fortaleza,Site,Cartão de Crédito,1,266.07,0.15
PED08966,2026-07-03,Notebook,Eletrônicos,Fortaleza,Fortaleza,Site,Boleto,1,4157.77,0.1
PED09887,2026-07-03,Memória RAM,Informática,Fortaleza,Fortaleza,Loja Física,Cartão de Débito,1,438.07,0.0
PED01578,2026-07-03,Impressora,Informática,Juazeiro do Norte,Interior,Marketplace,Boleto,2,831.37,0.0
PED01891,2026-07-03,Impressora,Informática,Sobral,Interior,Marketplace,Cartão de Débito,3,1699.16,0.0
PED02917,2026-07-03,Roteador,Informática,Fortaleza,Fortaleza,Marketplace,Cartão de Crédito,1,587.89,0.05
PED07705,2026-07-03,Caixa de Som,Áudio,Caucaia,Região Metropolitana,Marketplace,PIX,1,613.6,0.0
PED04653,2026-07-03,Teclado,Acessórios,Fortaleza,Fortaleza,Site,Boleto,1,398.98,0.0
PED08865,2026-07-03,Smartphone,Eletrônicos,Caucaia,Região Metropolitana,Site,Boleto,1,1030.71,0.0
PED07736,2026-07-03,Impressora,Informática,Fortaleza,Fortaleza,Loja Física,Boleto,3,832.17,0.05
PED02892,2026-07-03,Mesa Escritório,Móveis,Juazeiro do Norte,Interior,Site,Cartão de Crédito,1,885.28,0.1
PED08074,2026-07-03,Smartphone,Eletrônicos,Juazeiro do Norte,Interior,Site,PIX,1,3942.56,0.0
PED05531,2026-07-03,Caixa de Som,Áudio,Fortaleza,Fortaleza,Loja Física,Cartão de Crédito,1,725.51,0.05
PED05820,2026-07-03,Mouse,Acessórios,Juazeiro do Norte,Interior,Marketplace,Cartão de Crédito,1,154.35,0.0
PED02416,2026-07-03,Webcam,Acessórios,Fortaleza,Fortaleza,Site,Cartão de Débito,1,439.14,0.0
PED08129,2026-07-03,Notebook,Eletrônicos,Fortaleza,Fortaleza,Marketplace,Cartão de Crédito,1,3345.99,0.0
PED09365,2026-07-03,Fone Bluetooth,Áudio,Sobral,Interior,Marketplace,Cartão de Débito,2,187.91,0.05
PED09424,2026-07-03,Fone Bluetooth,Áudio,Itapipoca,Interior,Loja Física,Cartão de Crédito,1,363.17,0.0
PED00052,2026-07-04,Mesa Escritório,Móveis,Fortaleza,Fortaleza,Site,PIX,1,582.64,0.0
PED00016,2026-07-04,Caixa de Som,Áudio,Juazeiro do Norte,Interior,Site,Cartão de Débito,2,178.09,0.0
PED03630,2026-07-04,Roteador,Informática,Maracanaú,Região Metropolitana,Site,Cartão de Débito,1,313.79,0.1
PED03964,2026-07-04,SSD 1TB,Informática,Itapipoca,Interior,Site,PIX,1,443.36,0.0
PED01608,2026-07-04,Teclado,Acessórios,Maracanaú,Região Metropolitana,Loja Física,Cartão de Débito,1,370.21,0.0
PED02138,2026-07-04,Impressora,Informática,Fortaleza,Fortaleza,Loja Física,PIX,1,1335.33,0.1
PED08715,2026-07-04,SSD 1TB,Informática,Juazeiro do Norte,Interior,Loja Física,PIX,1,483.86,0.15
PED01757,2026-07-04,Impressora,Informática,Caucaia,Região Metropolitana,Site,Cartão de Crédito,3,730.51,0.0
PED00373,2026-07-04,Memória RAM,Informática,Itapipoca,Interior,Marketplace,Cartão de Crédito,1,260.99,0.0
PED03510,2026-07-04,Mesa Escritório,Móveis,Maracanaú,Região Metropolitana,Marketplace,Cartão de Crédito,1,1484.43,0.1
PED03052,2026-07-04,Mouse,Acessórios,Maracanaú,Região Metropolitana,Site,Boleto,1,46.37,0.0
PED08729,2026-07-04,SSD 1TB,Informática,Fortaleza,Fortaleza,Marketplace,Cartão de Débito,2,358.43,0.0
PED07784,2026-07-04,SSD 1TB,Informática,Sobral,Interior,Marketplace,Boleto,3,325.74,0.05
PED02466,2026-07-04,Impressora,Informática,Itapipoca,Interior,Loja Física,PIX,2,1709.46,0.1
PED07034,2026-07-04,Mouse,Acessórios,Fortaleza,Fortaleza,Marketplace,Boleto,2,154.9,0.0
PED00336,2026-07-04,Mesa Escritório,Móveis,Sobral,Interior,Loja Física,Cartão de Débito,1,824.88,0.1
PED02717,2026-07-04,Smartphone,Eletrônicos,Maracanaú,Região Metropolitana,Marketplace,PIX,1,1514.63,0.15
PED03448,2026-07-04,Mouse,Acessórios,Caucaia,Região Metropolitana,Loja Física,Boleto,1,221.1,0.0
PED07566,2026-07-04,Caixa de Som,Áudio,Sobral,Interior,Site,Cartão de Crédito,3,417.83,0.0
PED04549,2026-07-04,SSD 1TB,Informática,Caucaia,Região Metropolitana,Loja Física,Cartão de Crédito,1,507.45,0.1
PED09483,2026-07-04,Mesa Escritório,Móveis,Fortaleza,Fortaleza,Marketplace,Cartão de Débito,3,923.33,0.0
PED07516,2026-07-04,Mesa Escritório,Móveis,Fortaleza,Fortaleza,Loja Física,PIX,1,495.14,0.0
PED06782,2026-07-04,Smartphone,Eletrônicos,Caucaia,Região Metropolitana,Site,Boleto,1,1191.82,0.05
PED07138,2026-07-05,Memória RAM,Informática,Fortaleza,Fortaleza,Site,Cartão de Débito,1,252.45,0.0
PED03547,2026-07-05,SSD 1TB,Informática,Maracanaú,Região Metropolitana,Marketplace,Boleto,2,433.04,0.15
PED03425,2026-07-05,Impressora,Informática,Caucaia,Região Metropolitana,Marketplace,PIX,1,1360.64,0.0
PED03355,2026-07-05,Webcam,Acessórios,Juazeiro do Norte,Interior,Marketplace,PIX,1,389.0,0.0
PED09814,2026-07-05,Teclado,Acessórios,Juazeiro do Norte,Interior,Site,Cartão de Crédito,1,287.42,0.0
PED07585,2026-07-05,Cadeira Gamer,Móveis,Caucaia,Região Metropolitana,Site,Cartão de Crédito,1,1192.21,0.0
PED01081,2026-07-05,Notebook,Eletrônicos,Fortaleza,Fortaleza,Site,PIX,2,5503.55,0.0
PED00139,2026-07-05,Notebook,Eletrônicos,Fortaleza,Fortaleza,Loja Física,Boleto,1,4697.02,0.0
PED05570,2026-07-05,SSD 1TB,Informática,Itapipoca,Interior,Marketplace,Cartão de Crédito,3,645.94,0.05
PED06567,2026-07-05,Notebook,Eletrônicos,Fortaleza,Fortaleza,Site,Boleto,1,6041.11,0.0
PED03778,2026-07-05,SSD 1TB,Informática,Sobral,Interior,Marketplace,Cartão de Crédito,1,294.16,0.05
PED05994,2026-07-05,Fone Bluetooth,Áudio,Fortaleza,Fortaleza,Loja Física,Cartão de Débito,1,412.74,0.0
PED00686,2026-07-05,Caixa de Som,Áudio,Sobral,Interior,Site,PIX,2,490.39,0.0
PED09219,2026-07-05,Roteador,Informática,Fortaleza,Fortaleza,Site,Cartão de Débito,1,241.79,0.05
PED00860,2026-07-05,Cadeira Gamer,Móveis,Fortaleza,Fortaleza,Loja Física,PIX,1,2082.56,0.1
PED08426,2026-07-05,Smartphone,Eletrônicos,Maracanaú,Região Metropolitana,Loja Física,Boleto,1,2363.64,0.15
PED03105,2026-07-05,Mouse,Acessórios,Fortaleza,Fortaleza,Loja Física,PIX,1,292.68,0.15
PED01735,2026-07-05,Notebook,Eletrônicos,Juazeiro do Norte,Interior,Loja Física,Boleto,1,5637.18,0.0
PED06317,2026-07-06,Webcam,Acessórios,Sobral,Interior,Marketplace,PIX,2,356.13,0.0
PED09033,2026-07-06,Mesa Escritório,Móveis,Sobral,Interior,Site,PIX,1,1484.67,0.05
PED07496,2026-07-06,Roteador,Informática,Fortaleza,Fortaleza,Site,Boleto,1,583.98,0.0
PED09416,2026-07-06,Notebook,Eletrônicos,Juazeiro do Norte,Interior,Marketplace,Boleto,1,4478.18,0.1
PED02848,2026-07-06,Mesa Escritório,Móveis,Caucaia,Região Metropolitana,Marketplace,Cartão de Crédito,1,590.82,0.05
PED05485,2026-07-06,Cadeira Gamer,Móveis,Caucaia,Região Metropolitana,Loja Física,Cartão de Débito,2,1964.48,0.0
PED00542,2026-07-06,Roteador,Informática,Fortaleza,Fortaleza,Loja Física,Cartão de Débito,1,482.76,0.1
PED09254,2026-07-06,Smartphone,Eletrônicos,Juazeiro do Norte,Interior,Site,PIX,3,1026.69,0.0
PED02327,2026-07-06,SSD 1TB,Informática,Juazeiro do Norte,Interior,Marketplace,Boleto,1,577.44,0.0
PED06777,2026-07-06,SSD 1TB,Informática,Caucaia,Região Metropolitana,Site,Boleto,1,528.15,0.15
PED03171,2026-07-06,Roteador,Informática,Fortaleza,Fortaleza,Loja Física,Cartão de Débito,2,408.82,0.0
PED02659,2026-07-06,Roteador,Informática,Fortaleza,Fortaleza,Loja Física,Cartão de Débito,4,575.91,0.0
PED00083,2026-07-06,Cadeira Gamer,Móveis,Caucaia,Região Metropolitana,Site,Boleto,2,1325.14,0.05
PED05852,2026-07-06,Mouse,Acessórios,Fortaleza,Fortaleza,Marketplace,Cartão de Débito,2,274.56,0.1
PED04552,2026-07-06,Mesa Escritório,Móveis,Caucaia,Região Metropolitana,Marketplace,PIX,2,1023.43,0.0
PED05395,2026-07-06,Webcam,Acessórios,Fortaleza,Fortaleza,Loja Física,Boleto,2,272.85,0.15
PED02289,2026-07-06,Impressora,Informática,Fortaleza,Fortaleza,Marketplace,Cartão de Crédito,1,1423.6,0.0
PED09205,2026-07-06,Smartphone,Eletrônicos,Maracanaú,Região Metropolitana,Loja Física,Boleto,1,1977.87,0.0
PED08643,2026-07-07,Roteador,Informática,Fortaleza,Fortaleza,Marketplace,Cartão de Crédito,1,309.3,0.15
PED00185,2026-07-07,Monitor,Eletrônicos,Fortaleza,Fortaleza,Marketplace,PIX,2,1477.41,0.0
PED04690,2026-07-07,Cadeira Gamer,Móveis,Itapipoca,Interior,Marketplace,Boleto,1,896.21,0.0
PED09158,2026-07-07,Impressora,Informática,Sobral,Interior,Loja Física,PIX,3,1138.9,0.0
PED04973,2026-07-07,Headset,Acessórios,Fortaleza,Fortaleza,Marketplace,Cartão de Crédito,1,236.42,0.0
PED02559,2026-07-07,Teclado,Acessórios,Juazeiro do Norte,Interior,Loja Física,Cartão de Crédito,2,440.94,0.0
PED03306,2026-07-07,Memória RAM,Informática,Fortaleza,Fortaleza,Loja Física,Cartão de Débito,1,318.79,0.0
PED00610,2026-07-07,Caixa de Som,Áudio,Caucaia,Região Metropolitana,Loja Física,Boleto,1,541.73,0.0
PED08388,2026-07-07,Cadeira Gamer,Móveis,Caucaia,Região Metropolitana,Loja Física,Boleto,3,764.86,0.0
PED04184,2026-07-07,SSD 1TB,Informática,Sobral,Interior,Site,PIX,2,555.35,0.15
PED09678,2026-07-07,Monitor,Eletrônicos,Fortaleza,Fortaleza,Loja Física,Cartão de Crédito,1,760.78,0.05
PED09689,2026-07-07,Roteador,Informática,Itapipoca,Interior,Loja Física,Cartão de Crédito,2,540.54,0.1
PED09304,2026-07-07,Webcam,Acessórios,Fortaleza,Fortaleza,Loja Física,Cartão de Débito,1,260.85,0.1
PED07939,2026-07-07,Memória RAM,Informática,Fortaleza,Fortaleza,Loja Física,PIX,3,312.55,0.1
PED00133,2026-07-07,Mouse,Acessórios,Fortaleza,Fortaleza,Site,Cartão de Débito,1,255.92,0.0
PED02265,2026-07-07,SSD 1TB,Informática,Juazeiro do Norte,Interior,Loja Física,PIX,1,580.39,0.15
PED03095,2026-07-07,Mesa Escritório,Móveis,Caucaia,Região Metropolitana,Marketplace,Boleto,1,1424.43,0.05
PED09394,2026-07-07,Impressora,Informática,Fortaleza,Fortaleza,Site,Cartão de Débito,2,1071.15,0.0
PED03400,2026-07-07,Notebook,Eletrônicos,Fortaleza,Fortaleza,Loja Física,Cartão de Crédito,1,6217.45,0.0
PED02058,2026-07-07,Mouse,Acessórios,Fortaleza,Fortaleza,Site,Cartão de Débito,1,167.7,0.0
PED07554,2026-07-07,Mouse,Acessórios,Fortaleza,Fortaleza,Loja Física,Cartão de Crédito,1,253.19,0.1
PED00275,2026-07-07,Fone Bluetooth,Áudio,Juazeiro do Norte,Interior,Loja Física,Cartão de Débito,1,147.62,0.05
PED01714,2026-07-07,Roteador,Informática,Sobral,Interior,Marketplace,Cartão de Débito,1,539.6,0.0
PED03082,2026-07-08,Memória RAM,Informática,Juazeiro do Norte,Interior,Marketplace,Cartão de Crédito,2,267.96,0.0
PED02613,2026-07-08,Mesa Escritório,Móveis,Fortaleza,Fortaleza,Marketplace,Cartão de Crédito,1,1161.68,0.05
PED07847,2026-07-08,Monitor,Eletrônicos,Maracanaú,Região Metropolitana,Site,PIX,1,1531.6,0.0
PED06756,2026-07-08,Mouse,Acessórios,Itapipoca,Interior,Site,Cartão de Débito,1,196.27,0.1
PED06334,2026-07-08,Smartphone,Eletrônicos,Itapipoca,Interior,Marketplace,Cartão de Débito,2,1881.11,0.0
PED02957,2026-07-08,Fone Bluetooth,Áudio,Maracanaú,Região Metropolitana,Site,Cartão de Débito,1,554.71,0.0
PED02649,2026-07-08,Impressora,Informática,Itapipoca,Interior,Marketplace,Boleto,1,1379.46,0.05
PED07027,2026-07-08,Teclado,Acessórios,Itapipoca,Interior,Loja Física,Boleto,1,120.57,0.0
PED09145,2026-07-08,Monitor,Eletrônicos,Caucaia,Região Metropolitana,Marketplace,PIX,1,1404.73,0.15
PED01641,2026-07-08,Memória RAM,Informática,Maracanaú,Região Metropolitana,Site,PIX,2,280.98,0.1
PED00307,2026-07-08,Teclado,Acessórios,Maracanaú,Região Metropolitana,Site,Boleto,2,357.13,0.05
PED02330,2026-07-08,Mouse,Acessórios,Fortaleza,Fortaleza,Marketplace,Boleto,1,224.72,0.0
PED01956,2026-07-08,Smartphone,Eletrônicos,Fortaleza,Fortaleza,Site,Boleto,2,4127.69,0.0
PED02530,2026-07-08,Cadeira Gamer,Móveis,Itapipoca,Interior,Loja Física,PIX,2,1505.86,0.1
PED05872,2026-07-08,Monitor,Eletrônicos,Fortaleza,Fortaleza,Marketplace,PIX,1,1709.8,0.0
PED04021,2026-07-08,Smartphone,Eletrônicos,Juazeiro do Norte,Interior,Site,Boleto,3,3002.4,0.0
PED06168,2026-07-08,Fone Bluetooth,Áudio,Fortaleza,Fortaleza,Marketplace,Boleto,1,594.84,0.0
PED00427,2026-07-08,Teclado,Acessórios,Caucaia,Região Metropolitana,Site,Cartão de Débito,1,183.01,0.1
PED05995,2026-07-08,Cadeira Gamer,Móveis,Sobral,Interior,Site,Cartão de Débito,1,1604.44,0.05
PED05686,2026-07-09,Monitor,Eletrônicos,Maracanaú,Região Metropolitana,Loja Física,Boleto,1,883.98,0.0
PED01002,2026-07-09,Headset,Acessórios,Fortaleza,Fortaleza,Loja Física,Cartão de Débito,1,156.26,0.15
PED01759,2026-07-09,Webcam,Acessórios,Sobral,Interior,Loja Física,Boleto,1,192.51,0.0
PED01486,2026-07-09,Cadeira Gamer,Móveis,Itapipoca,Interior,Marketplace,Cartão de Crédito,2,798.11,0.0
PED06449,2026-07-09,Fone Bluetooth,Áudio,Fortaleza,Fortaleza,Marketplace,Cartão de Crédito,3,585.77,0.0
PED09053,2026-07-09,Memória RAM,Informática,Fortaleza,Fortaleza,Marketplace,PIX,1,384.45,0.05
PED05203,2026-07-09,SSD 1TB,Informática,Fortaleza,Fortaleza,Loja Física,Boleto,3,649.09,0.05
PED05765,2026-07-09,Headset,Acessórios,Fortaleza,Fortaleza,Site,Cartão de Débito,1,473.13,0.15
PED05264,2026-07-09,Caixa de Som,Áudio,Caucaia,Região Metropolitana,Marketplace,PIX,1,457.39,0.0
PED09564,2026-07-09,Cadeira Gamer,Móveis,Caucaia,Região Metropolitana,Site,Cartão de Débito,1,1868.48,0.0
PED05768,2026-07-09,Webcam,Acessórios,Caucaia,Região Metropolitana,Loja Física,PIX,3,251.66,0.05
PED00433,2026-07-09,Cadeira Gamer,Móveis,Maracanaú,Região Metropolitana,Site,Cartão de Crédito,1,1508.08,0.0
PED04086,2026-07-09,Memória RAM,Informática,Sobral,Interior,Marketplace,Cartão de Crédito,1,399.22,0.1
PED04938,2026-07-09,Teclado,Acessórios,Juazeiro do Norte,Interior,Marketplace,Cartão de Débito,1,318.8,0.0
PED09327,2026-07-09,Mouse,Acessórios,Fortaleza,Fortaleza,Loja Física,PIX,1,277.75,0.05
PED02365,2026-07-10,Monitor,Eletrônicos,Juazeiro do Norte,Interior,Site,PIX,1,1251.84,0.15
PED05324,2026-07-10,Headset,Acessórios,Fortaleza,Fortaleza,Site,Boleto,3,430.53,0.05
PED08492,2026-07-10,Roteador,Informática,Fortaleza,Fortaleza,Marketplace,Boleto,1,544.87,0.0
PED08302,2026-07-10,Caixa de Som,Áudio,Fortaleza,Fortaleza,Site,Cartão de Débito,2,303.42,0.0
PED04263,2026-07-10,Mouse,Acessórios,Maracanaú,Região Metropolitana,Marketplace,Cartão de Débito,1,251.57,0.05
PED07129,2026-07-10,Mesa Escritório,Móveis,Fortaleza,Fortaleza,Marketplace,Cartão de Crédito,3,706.68,0.0
PED04186,2026-07-10,Headset,Acessórios,Juazeiro do Norte,Interior,Site,Boleto,1,293.57,0.0
PED03351,2026-07-10,SSD 1TB,Informática,Fortaleza,Fortaleza,Loja Física,Boleto,3,622.93,0.05
PED00873,2026-07-10,Teclado,Acessórios,Fortaleza,Fortaleza,Site,PIX,1,431.98,0.0
PED08229,2026-07-10,Headset,Acessórios,Maracanaú,Região Metropolitana,Marketplace,Cartão de Débito,1,143.31,0.0
PED06364,2026-07-10,Webcam,Acessórios,Caucaia,Região Metropolitana,Loja Física,Boleto,1,461.53,0.0
PED07610,2026-07-10,Fone Bluetooth,Áudio,Fortaleza,Fortaleza,Marketplace,Cartão de Débito,1,565.65,0.05
PED08351,2026-07-10,Headset,Acessórios,Caucaia,Região Metropolitana,Marketplace,Boleto,1,313.55,0.0
PED06275,2026-07-10,Mouse,Acessórios,Fortaleza,Fortaleza,Site,PIX,1,56.29,0.15
PED05543,2026-07-10,Caixa de Som,Áudio,Fortaleza,Fortaleza,Loja Física,Cartão de Débito,1,424.9,0.0
PED08068,2026-07-10,Caixa de Som,Áudio,Fortaleza,Fortaleza,Loja Física,Cartão de Crédito,1,729.18,0.0
PED01791,2026-07-10,Smartphone,Eletrônicos,Fortaleza,Fortaleza,Marketplace,Cartão de Crédito,1,3419.88,0.0
PED03342,2026-07-11,Teclado,Acessórios,Fortaleza,Fortaleza,Marketplace,Cartão de Crédito,3,307.5,0.0
PED09939,2026-07-11,Memória RAM,Informática,Sobral,Interior,Marketplace,Cartão de Crédito,2,447.51,0.15
PED09555,2026-07-11,Monitor,Eletrônicos,Itapipoca,Interior,Marketplace,Boleto,1,839.55,0.05
PED09102,2026-07-11,Cadeira Gamer,Móveis,Maracanaú,Região Metropolitana,Loja Física,Cartão de Débito,1,1213.08,0.1
PED01375,2026-07-11,Mouse,Acessórios,Sobral,Interior,Marketplace,Cartão de Débito,1,53.92,0.0
PED05986,2026-07-11,Webcam,Acessórios,Fortaleza,Fortaleza,Loja Física,PIX,1,620.54,0.0
PED00259,2026-07-11,Roteador,Informática,Fortaleza,Fortaleza,Marketplace,Boleto,4,551.27,0.0
PED00566,2026-07-11,Teclado,Acessórios,Juazeiro do Norte,Interior,Site,Cartão de Débito,1,141.83,0.05
PED05534,2026-07-11,Webcam,Acessórios,Maracanaú,Região Metropolitana,Marketplace,Cartão de Débito,1,695.5,0.0
PED03289,2026-07-11,Mouse,Acessórios,Fortaleza,Fortaleza,Loja Física,Cartão de Crédito,2,298.14,0.1
PED00205,2026-07-11,Headset,Acessórios,Juazeiro do Norte,Interior,Site,Cartão de Débito,1,106.85,0.15
PED05618,2026-07-11,Roteador,Informática,Fortaleza,Fortaleza,Marketplace,Boleto,1,581.41,0.0
PED02190,2026-07-11,Smartphone,Eletrônicos,Caucaia,Região Metropolitana,Loja Física,Cartão de Crédito,2,1585.53,0.0
PED06955,2026-07-12,Smartphone,Eletrônicos,Juazeiro do Norte,Interior,Site,Cartão de Débito,2,4408.86,0.1
PED09119,2026-07-12,Headset,Acessórios,Juazeiro do Norte,Interior,Loja Física,PIX,2,137.08,0.0
PED01361,2026-07-12,Webcam,Acessórios,Maracanaú,Região Metropolitana,Site,Cartão de Crédito,3,273.88,0.1
PED00142,2026-07-12,Teclado,Acessórios,Sobral,Interior,Marketplace,Cartão de Débito,1,93.01,0.05
PED09777,2026-07-12,Caixa de Som,Áudio,Fortaleza,Fortaleza,Loja Física,Cartão de Crédito,1,598.29,0.0
PED03672,2026-07-12,Headset,Acessórios,Maracanaú,Região Metropolitana,Loja Física,Boleto,1,303.69,0.0
PED07327,2026-07-12,Mesa Escritório,Móveis,Fortaleza,Fortaleza,Loja Física,Boleto,1,1338.9,0.0
PED05415,2026-07-12,Notebook,Eletrônicos,Maracanaú,Região Metropolitana,Site,Boleto,1,3974.27,0.0
PED01296,2026-07-12,Roteador,Informática,Juazeiro do Norte,Interior,Loja Física,Boleto,1,381.48,0.05
PED03089,2026-07-12,Teclado,Acessórios,Maracanaú,Região Metropolitana,Marketplace,PIX,1,390.34,0.1
PED04287,2026-07-12,Caixa de Som,Áudio,Juazeiro do Norte,Interior,Site,Cartão de Crédito,1,402.65,0.0
PED02142,2026-07-12,Mesa Escritório,Móveis,Caucaia,Região Metropolitana,Marketplace,Boleto,2,913.2,0.0
PED02611,2026-07-12,Mouse,Acessórios,Maracanaú,Região Metropolitana,Loja Física,Cartão de Débito,3,179.01,0.0
PED07151,2026-07-13,Webcam,Acessórios,Fortaleza,Fortaleza,Site,Cartão de Crédito,1,265.2,0.05
PED02631,2026-07-13,SSD 1TB,Informática,Caucaia,Região Metropolitana,Marketplace,Cartão de Crédito,1,508.47,0.0
PED00532,2026-07-13,Memória RAM,Informática,Fortaleza,Fortaleza,Site,Cartão de Crédito,2,269.22,0.1
PED02961,2026-07-13,Roteador,Informática,Caucaia,Região Metropolitana,Loja Física,Cartão de Débito,3,337.01,0.05
PED06992,2026-07-13,Memória RAM,Informática,Sobral,Interior,Loja Física,Cartão de Crédito,2,487.5,0.15
PED05246,2026-07-13,Fone Bluetooth,Áudio,Maracanaú,Região Metropolitana,Site,Boleto,1,423.56,0.0
PED00045,2026-07-13,Smartphone,Eletrônicos,Fortaleza,Fortaleza,Loja Física,Cartão de Débito,3,2997.03,0.1
PED07439,2026-07-13,Notebook,Eletrônicos,Sobral,Interior,Loja Física,Boleto,1,5515.84,0.1
PED06481,2026-07-13,Roteador,Informática,Caucaia,Região Metropolitana,Loja Física,Cartão de Débito,1,463.0,0.1
PED08192,2026-07-13,Impressora,Informática,Caucaia,Região Metropolitana,Loja Física,PIX,1,674.38,0.1
PED08610,2026-07-13,Fone Bluetooth,Áudio,Maracanaú,Região Metropolitana,Loja Física,Cartão de Débito,1,460.31,0.0
PED05169,2026-07-13,Mouse,Acessórios,Caucaia,Região Metropolitana,Marketplace,Cartão de Débito,1,59.69,0.0
PED00228,2026-07-13,Webcam,Acessórios,Maracanaú,Região Metropolitana,Site,Cartão de Débito,1,400.11,0.1
PED02840,2026-07-13,Mesa Escritório,Móveis,Caucaia,Região Metropolitana,Loja Física,PIX,2,1099.8,0.0
PED07055,2026-07-13,SSD 1TB,Informática,Maracanaú,Região Metropolitana,Site,Cartão de Crédito,1,587.38,0.0
PED05792,2026-07-13,SSD 1TB,Informática,Fortaleza,Fortaleza,Site,Cartão de Crédito,2,562.72,0.0
PED08194,2026-07-13,Teclado,Acessórios,Caucaia,Região Metropolitana,Site,Cartão de Débito,1,85.8,0.0
PED05549,2026-07-14,Mouse,Acessórios,Fortaleza,Fortaleza,Loja Física,Boleto,1,195.16,0.0
PED01981,2026-07-14,Smartphone,Eletrônicos,Sobral,Interior,Site,PIX,1,2706.31,0.1
PED09367,2026-07-14,Cadeira Gamer,Móveis,Fortaleza,Fortaleza,Loja Física,Cartão de Débito,2,982.29,0.05
PED02766,2026-07-14,Smartphone,Eletrônicos,Itapipoca,Interior,Marketplace,PIX,1,2812.31,0.1
PED08577,2026-07-14,Cadeira Gamer,Móveis,Fortaleza,Fortaleza,Loja Física,Boleto,2,1892.67,0.1
PED08620,2026-07-14,SSD 1TB,Informática,Juazeiro do Norte,Interior,Site,Cartão de Crédito,1,514.54,0.15
PED01879,2026-07-14,Roteador,Informática,Fortaleza,Fortaleza,Site,Cartão de Débito,1,370.27,0.05
PED05076,2026-07-14,Impressora,Informática,Maracanaú,Região Metropolitana,Marketplace,Boleto,2,1369.75,0.15
PED03172,2026-07-14,Roteador,Informática,Maracanaú,Região Metropolitana,Marketplace,PIX,1,342.72,0.1
PED06612,2026-07-14,Notebook,Eletrônicos,Fortaleza,Fortaleza,Loja Física,Boleto,3,5068.76,0.0
PED01061,2026-07-14,Fone Bluetooth,Áudio,Fortaleza,Fortaleza,Loja Física,Cartão de Débito,1,192.09,0.0
PED00248,2026-07-14,Headset,Acessórios,Juazeiro do Norte,Interior,Site,Cartão de Débito,1,370.64,0.0
PED01384,2026-07-14,Caixa de Som,Áudio,Itapipoca,Interior,Loja Física,Boleto,1,436.33,0.0
PED02286,2026-07-14,Monitor,Eletrônicos,Itapipoca,Interior,Marketplace,PIX,1,1333.38,0.05
PED01405,2026-07-14,Fone Bluetooth,Áudio,Maracanaú,Região Metropolitana,Marketplace,PIX,1,412.18,0.05
PED04192,2026-07-14,Caixa de Som,Áudio,Fortaleza,Fortaleza,Loja Física,Cartão de Crédito,1,331.08,0.0
PED03896,2026-07-14,Webcam,Acessórios,Fortaleza,Fortaleza,Site,Cartão de Débito,1,577.49,0.0
PED00689,2026-07-14,Impressora,Informática,Caucaia,Região Metropolitana,Loja Física,Boleto,2,1066.95,0.0
PED00387,2026-07-14,Roteador,Informática,Juazeiro do Norte,Interior,Loja Física,Cartão de Crédito,4,162.81,0.1
PED08279,2026-07-14,Caixa de Som,Áudio,Maracanaú,Região Metropolitana,Marketplace,PIX,1,586.55,0.0
PED02139,2026-07-14,Mouse,Acessórios,Caucaia,Região Metropolitana,Site,Boleto,4,243.94,0.0
PED04523,2026-07-14,Cadeira Gamer,Móveis,Juazeiro do Norte,Interior,Loja Física,Cartão de Débito,1,2063.53,0.0
PED07156,2026-07-14,Headset,Acessórios,Sobral,Interior,Loja Física,PIX,1,501.08,0.05
PED02545,2026-07-14,Cadeira Gamer,Móveis,Caucaia,Região Metropolitana,Site,PIX,2,1939.13,0.05
PED07186,2026-07-14,SSD 1TB,Informática,Fortaleza,Fortaleza,Site,Boleto,2,460.56,0.0
PED04378,2026-07-14,Roteador,Informática,Juazeiro do Norte,Interior,Site,PIX,3,590.99,0.15
PED04681,2026-07-14,Memória RAM,Informática,Fortaleza,Fortaleza,Loja Física,Boleto,1,435.05,0.0
PED06569,2026-07-14,SSD 1TB,Informática,Juazeiro do Norte,Interior,Site,Cartão de Débito,2,466.08,0.0
PED07667,2026-07-14,Webcam,Acessórios,Maracanaú,Região Metropolitana,Loja Física,Boleto,2,445.36,0.05
PED05854,2026-07-14,Teclado,Acessórios,Itapipoca,Interior,Marketplace,Boleto,1,389.65,0.0
PED03263,2026-07-15,Teclado,Acessórios,Fortaleza,Fortaleza,Marketplace,Boleto,1,79.14,0.0
PED02399,2026-07-15,Webcam,Acessórios,Maracanaú,Região Metropolitana,Loja Física,PIX,3,437.11,0.1
PED01976,2026-07-15,Cadeira Gamer,Móveis,Sobral,Interior,Site,Boleto,1,719.0,0.05
PED00992,2026-07-15,Teclado,Acessórios,Fortaleza,Fortaleza,Site,PIX,2,400.76,0.0
PED00697,2026-07-15,SSD 1TB,Informática,Fortaleza,Fortaleza,Site,Cartão de Crédito,1,298.1,0.0
PED02763,2026-07-15,Mouse,Acessórios,Itapipoca,Interior,Loja Física,PIX,2,79.21,0.1
PED02379,2026-07-15,Mouse,Acessórios,Juazeiro do Norte,Interior,Site,Cartão de Crédito,3,122.66,0.0
PED05363,2026-07-15,Roteador,Informática,Fortaleza,Fortaleza,Site,Boleto,2,427.43,0.05
PED07988,2026-07-15,SSD 1TB,Informática,Fortaleza,Fortaleza,Loja Física,Boleto,3,573.74,0.1
PED07808,2026-07-15,Roteador,Informática,Maracanaú,Região Metropolitana,Loja Física,Cartão de Crédito,2,258.13,0.0
PED09252,2026-07-15,Cadeira Gamer,Móveis,Fortaleza,Fortaleza,Site,PIX,1,1920.99,0.0
PED02419,2026-07-15,Mesa Escritório,Móveis,Sobral,Interior,Site,Cartão de Crédito,1,1034.8,0.0
PED02785,2026-07-15,Smartphone,Eletrônicos,Juazeiro do Norte,Interior,Loja Física,Cartão de Débito,1,3723.76,0.1
PED02709,2026-07-15,Mesa Escritório,Móveis,Fortaleza,Fortaleza,Loja Física,Boleto,1,1409.37,0.05
PED07262,2026-07-16,Teclado,Acessórios,Fortaleza,Fortaleza,Loja Física,Cartão de Débito,2,154.75,0.0
PED07930,2026-07-16,Impressora,Informática,Itapipoca,Interior,Site,Cartão de Crédito,1,612.6,0.1
PED04046,2026-07-16,Webcam,Acessórios,Caucaia,Região Metropolitana,Loja Física,PIX,1,433.69,0.1
PED00151,2026-07-16,Smartphone,Eletrônicos,Fortaleza,Fortaleza,Marketplace,Cartão de Débito,1,2271.26,0.0
PED09685,2026-07-16,Monitor,Eletrônicos,Fortaleza,Fortaleza,Site,Boleto,1,973.36,0.0
PED03309,2026-07-16,Headset,Acessórios,Caucaia,Região Metropolitana,Site,Cartão de Crédito,1,91.98,0.0
PED00823,2026-07-16,Mesa Escritório,Móveis,Fortaleza,Fortaleza,Site,Boleto,1,799.69,0.05
PED06643,2026-07-16,Teclado,Acessórios,Fortaleza,Fortaleza,Loja Física,PIX,1,206.11,0.0
PED03071,2026-07-16,Impressora,Informática,Fortaleza,Fortaleza,Loja Física,Cartão de Crédito,1,1372.33,0.1
PED01176,2026-07-16,Roteador,Informática,Fortaleza,Fortaleza,Site,PIX,1,304.92,0.0
PED03045,2026-07-16,Mouse,Acessórios,Juazeiro do Norte,Interior,Marketplace,PIX,1,211.74,0.0
PED01152,2026-07-16,Caixa de Som,Áudio,Maracanaú,Região Metropolitana,Site,Cartão de Débito,2,395.71,0.15
PED03079,2026-07-16,Fone Bluetooth,Áudio,Caucaia,Região Metropolitana,Site,Cartão de Débito,2,174.48,0.0
PED03463,2026-07-16,Webcam,Acessórios,Juazeiro do Norte,Interior,Loja Física,Cartão de Crédito,2,399.46,0.0
PED05826,2026-07-17,Smartphone,Eletrônicos,Maracanaú,Região Metropolitana,Loja Física,Boleto,1,2047.77,0.1
PED07660,2026-07-17,Mesa Escritório,Móveis,Fortaleza,Fortaleza,Loja Física,PIX,1,797.58,0.0
PED07399,2026-07-17,Roteador,Informática,Caucaia,Região Metropolitana,Loja Física,PIX,1,462.81,0.1
PED08268,2026-07-17,Fone Bluetooth,Áudio,Maracanaú,Região Metropolitana,Marketplace,Cartão de Crédito,3,577.66,0.0
PED09113,2026-07-17,Caixa de Som,Áudio,Fortaleza,Fortaleza,Site,Boleto,1,590.29,0.0
PED05508,2026-07-17,Monitor,Eletrônicos,Fortaleza,Fortaleza,Loja Física,Boleto,1,1418.06,0.0
PED06973,2026-07-17,Teclado,Acessórios,Maracanaú,Região Metropolitana,Loja Física,PIX,4,336.29,0.1
PED03133,2026-07-17,Monitor,Eletrônicos,Sobral,Interior,Site,Cartão de Crédito,1,1262.02,0.0
PED05001,2026-07-17,Caixa de Som,Áudio,Sobral,Interior,Loja Física,Cartão de Débito,1,650.3,0.05
PED03498,2026-07-17,SSD 1TB,Informática,Caucaia,Região Metropolitana,Marketplace,Cartão de Crédito,1,281.68,0.0
PED01107,2026-07-17,Monitor,Eletrônicos,Juazeiro do Norte,Interior,Loja Física,Cartão de Crédito,1,1284.28,0.0
PED01225,2026-07-17,Impressora,Informática,Maracanaú,Região Metropolitana,Site,Cartão de Crédito,1,1060.43,0.0
PED04272,2026-07-17,SSD 1TB,Informática,Fortaleza,Fortaleza,Loja Física,PIX,2,600.22,0.0
PED04388,2026-07-17,Mesa Escritório,Móveis,Maracanaú,Região Metropolitana,Site,Boleto,1,1398.51,0.05
PED01666,2026-07-17,Monitor,Eletrônicos,Fortaleza,Fortaleza,Site,PIX,2,1485.02,0.0
PED04463,2026-07-17,Monitor,Eletrônicos,Fortaleza,Fortaleza,Site,Cartão de Débito,1,1250.07,0.0
PED03641,2026-07-17,Mesa Escritório,Móveis,Fortaleza,Fortaleza,Marketplace,Boleto,2,961.95,0.0
PED00404,2026-07-18,Roteador,Informática,Maracanaú,Região Metropolitana,Site,PIX,1,198.6,0.0
PED00089,2026-07-18,Roteador,Informática,Fortaleza,Fortaleza,Site,Cartão de Débito,1,469.26,0.0
PED09162,2026-07-18,Cadeira Gamer,Móveis,Maracanaú,Região Metropolitana,Loja Física,Cartão de Crédito,1,1395.34,0.0
PED00322,2026-07-18,Fone Bluetooth,Áudio,Maracanaú,Região Metropolitana,Loja Física,Boleto,1,617.5,0.0
PED07147,2026-07-18,Smartphone,Eletrônicos,Fortaleza,Fortaleza,Marketplace,Cartão de Crédito,2,4008.75,0.05
PED02970,2026-07-18,Caixa de Som,Áudio,Juazeiro do Norte,Interior,Marketplace,PIX,1,645.81,0.0
PED03499,2026-07-18,Mesa Escritório,Móveis,Maracanaú,Região Metropolitana,Marketplace,Boleto,1,694.11,0.0
PED02003,2026-07-18,Smartphone,Eletrônicos,Fortaleza,Fortaleza,Marketplace,PIX,1,3821.68,0.1
PED08118,2026-07-18,Caixa de Som,Áudio,Caucaia,Região Metropolitana,Loja Física,PIX,1,240.91,0.05
PED02101,2026-07-18,SSD 1TB,Informática,Sobral,Interior,Marketplace,Cartão de Crédito,1,430.76,0.0
PED03797,2026-07-18,Notebook,Eletrônicos,Caucaia,Região Metropolitana,Loja Física,Boleto,2,4524.82,0.0
PED03226,2026-07-18,Mesa Escritório,Móveis,Caucaia,Região Metropolitana,Loja Física,Cartão de Crédito,2,547.75,0.05
PED06895,2026-07-18,Roteador,Informática,Fortaleza,Fortaleza,Marketplace,PIX,1,496.94,0.0
PED09399,2026-07-18,Monitor,Eletrônicos,Fortaleza,Fortaleza,Site,Boleto,3,1128.27,0.1
PED07954,2026-07-18,Mesa Escritório,Móveis,Fortaleza,Fortaleza,Site,Boleto,1,853.74,0.0
PED02796,2026-07-18,Smartphone,Eletrônicos,Fortaleza,Fortaleza,Site,Cartão de Débito,2,2355.41,0.1
PED08830,2026-07-18,Roteador,Informática,Caucaia,Região Metropolitana,Marketplace,Boleto,1,189.45,0.0
PED02740,2026-07-18,Webcam,Acessórios,Caucaia,Região Metropolitana,Loja Física,Cartão de Débito,2,631.12,0.0
PED09488,2026-07-18,Cadeira Gamer,Móveis,Fortaleza,Fortaleza,Marketplace,Cartão de Débito,2,905.22,0.1
PED02833,2026-07-18,Fone Bluetooth,Áudio,Fortaleza,Fortaleza,Site,PIX,2,478.36,0.1
PED09176,2026-07-18,Notebook,Eletrônicos,Sobral,Interior,Marketplace,Boleto,1,4266.04,0.1
PED03675,2026-07-18,Smartphone,Eletrônicos,Caucaia,Região Metropolitana,Marketplace,Boleto,2,2220.62,0.1
PED08793,2026-07-19,Mouse,Acessórios,Caucaia,Região Metropolitana,Site,Boleto,2,138.29,0.05
PED05469,2026-07-19,Mouse,Acessórios,Maracanaú,Região Metropolitana,Marketplace,Cartão de Crédito,1,279.03,0.0
PED00450,2026-07-19,SSD 1TB,Informática,Maracanaú,Região Metropolitana,Site,Cartão de Débito,1,340.5,0.1
PED09315,2026-07-19,Mesa Escritório,Móveis,Fortaleza,Fortaleza,Loja Física,PIX,2,1230.9,0.0
PED00044,2026-07-19,Monitor,Eletrônicos,Maracanaú,Região Metropolitana,Marketplace,Boleto,1,1351.13,0.05
PED07364,2026-07-19,Fone Bluetooth,Áudio,Itapipoca,Interior,Site,Cartão de Débito,1,260.81,0.1
PED00636,2026-07-19,Memória RAM,Informática,Sobral,Interior,Loja Física,Cartão de Débito,1,279.04,0.05
PED00222,2026-07-19,SSD 1TB,Informática,Caucaia,Região Metropolitana,Marketplace,Cartão de Crédito,1,564.08,0.0
PED07817,2026-07-19,Teclado,Acessórios,Sobral,Interior,Site,Cartão de Débito,3,277.63,0.0
PED08864,2026-07-19,Monitor,Eletrônicos,Juazeiro do Norte,Interior,Marketplace,Boleto,1,1151.27,0.1
PED02570,2026-07-19,Headset,Acessórios,Maracanaú,Região Metropolitana,Site,PIX,1,179.48,0.0
PED06770,2026-07-19,Memória RAM,Informática,Caucaia,Região Metropolitana,Marketplace,Boleto,1,358.8,0.0
PED04838,2026-07-19,Monitor,Eletrônicos,Fortaleza,Fortaleza,Site,Boleto,1,1222.46,0.1
PED01418,2026-07-19,Caixa de Som,Áudio,Fortaleza,Fortaleza,Site,Cartão de Crédito,2,468.79,0.15
PED07894,2026-07-19,Memória RAM,Informática,Sobral,Interior,Site,Cartão de Débito,2,205.18,0.0
PED00544,2026-07-19,Roteador,Informática,Caucaia,Região Metropolitana,Site,Boleto,1,447.72,0.1
PED02788,2026-07-19,Mesa Escritório,Móveis,Juazeiro do Norte,Interior,Site,Boleto,1,748.52,0.1
PED07578,2026-07-19,Teclado,Acessórios,Fortaleza,Fortaleza,Loja Física,PIX,1,299.76,0.0
PED02287,2026-07-19,Fone Bluetooth,Áudio,Itapipoca,Interior,Loja Física,PIX,2,234.75,0.0
PED07299,2026-07-19,Caixa de Som,Áudio,Caucaia,Região Metropolitana,Loja Física,Cartão de Crédito,2,241.58,0.0
PED03905,2026-07-20,Webcam,Acessórios,Sobral,Interior,Marketplace,Cartão de Crédito,1,353.08,0.05
PED03544,2026-07-20,Mouse,Acessórios,Caucaia,Região Metropolitana,Marketplace,PIX,1,105.87,0.0
PED00333,2026-07-20,Monitor,Eletrônicos,Juazeiro do Norte,Interior,Loja Física,Cartão de Débito,2,1349.81,0.0
PED05205,2026-07-20,Mesa Escritório,Móveis,Maracanaú,Região Metropolitana,Loja Física,Boleto,1,1581.87,0.0
PED03230,2026-07-20,Webcam,Acessórios,Maracanaú,Região Metropolitana,Site,Cartão de Débito,1,650.68,0.1
PED03929,2026-07-20,Mesa Escritório,Móveis,Fortaleza,Fortaleza,Loja Física,Boleto,2,998.49,0.0
PED05773,2026-07-20,Teclado,Acessórios,Caucaia,Região Metropolitana,Marketplace,Cartão de Débito,2,163.36,0.0
PED01906,2026-07-20,Teclado,Acessórios,Maracanaú,Região Metropolitana,Site,Cartão de Crédito,1,127.65,0.0
PED02250,2026-07-20,Cadeira Gamer,Móveis,Maracanaú,Região Metropolitana,Loja Física,Cartão de Débito,1,1539.96,0.0
PED01967,2026-07-20,Webcam,Acessórios,Caucaia,Região Metropolitana,Marketplace,Cartão de Débito,3,663.71,0.05
PED01606,2026-07-20,Cadeira Gamer,Móveis,Caucaia,Região Metropolitana,Site,PIX,1,1801.82,0.05
PED02004,2026-07-20,Memória RAM,Informática,Juazeiro do Norte,Interior,Marketplace,Cartão de Débito,2,190.17,0.0
PED08619,2026-07-20,Memória RAM,Informática,Caucaia,Região Metropolitana,Marketplace,Boleto,1,442.12,0.0
PED03087,2026-07-20,Cadeira Gamer,Móveis,Caucaia,Região Metropolitana,Site,Boleto,1,2175.87,0.0
PED06824,2026-07-20,Mesa Escritório,Móveis,Itapipoca,Interior,Loja Física,Cartão de Crédito,1,1540.63,0.0
PED07658,2026-07-20,Cadeira Gamer,Móveis,Itapipoca,Interior,Marketplace,PIX,1,973.72,0.15
PED08099,2026-07-20,Cadeira Gamer,Móveis,Maracanaú,Região Metropolitana,Loja Física,Cartão de Crédito,1,879.62,0.0
PED04282,2026-07-20,Cadeira Gamer,Móveis,Fortaleza,Fortaleza,Marketplace,Cartão de Débito,1,1537.71,0.0
PED01820,2026-07-20,Headset,Acessórios,Juazeiro do Norte,Interior,Site,Cartão de Débito,1,155.21,0.1
PED02105,2026-07-20,Roteador,Informática,Sobral,Interior,Marketplace,Boleto,2,199.45,0.05
PED04852,2026-07-21,Impressora,Informática,Maracanaú,Região Metropolitana,Marketplace,PIX,1,1463.95,0.0
PED07792,2026-07-21,Fone Bluetooth,Áudio,Fortaleza,Fortaleza,Site,PIX,1,467.08,0.1
PED07912,2026-07-21,Roteador,Informática,Juazeiro do Norte,Interior,Site,Cartão de Débito,1,523.8,0.0
PED06526,2026-07-21,Roteador,Informática,Juazeiro do Norte,Interior,Site,Cartão de Débito,2,337.78,0.05
PED07882,2026-07-21,Monitor,Eletrônicos,Fortaleza,Fortaleza,Site,Boleto,2,1411.58,0.05
PED01304,2026-07-21,Mesa Escritório,Móveis,Fortaleza,Fortaleza,Loja Física,Cartão de Débito,2,684.33,0.1
PED01082,2026-07-21,Cadeira Gamer,Móveis,Juazeiro do Norte,Interior,Loja Física,Cartão de Débito,3,768.63,0.0
PED05039,2026-07-21,Mesa Escritório,Móveis,Caucaia,Região Metropolitana,Loja Física,PIX,1,641.18,0.1
PED08594,2026-07-21,Smartphone,Eletrônicos,Sobral,Interior,Marketplace,Cartão de Crédito,1,3215.13,0.1
PED07087,2026-07-21,Headset,Acessórios,Caucaia,Região Metropolitana,Site,Cartão de Crédito,1,543.54,0.05
PED02837,2026-07-21,Impressora,Informática,Fortaleza,Fortaleza,Marketplace,Cartão de Débito,1,994.87,0.1
PED07353,2026-07-21,Notebook,Eletrônicos,Juazeiro do Norte,Interior,Marketplace,Cartão de Crédito,2,3278.54,0.0
PED01071,2026-07-21,SSD 1TB,Informática,Maracanaú,Região Metropolitana,Loja Física,PIX,1,585.8,0.0
PED07836,2026-07-21,Smartphone,Eletrônicos,Fortaleza,Fortaleza,Marketplace,Cartão de Débito,2,3108.15,0.0
PED00802,2026-07-21,Mesa Escritório,Móveis,Sobral,Interior,Loja Física,PIX,3,923.45,0.1
PED08008,2026-07-21,Memória RAM,Informática,Fortaleza,Fortaleza,Loja Física,PIX,1,189.22,0.0
PED09663,2026-07-21,Cadeira Gamer,Móveis,Fortaleza,Fortaleza,Site,Cartão de Crédito,1,1568.33,0.0
PED09204,2026-07-22,Cadeira Gamer,Móveis,Fortaleza,Fortaleza,Loja Física,Boleto,2,1584.08,0.05
PED01047,2026-07-22,Monitor,Eletrônicos,Fortaleza,Fortaleza,Loja Física,Cartão de Crédito,1,894.98,0.0
PED07329,2026-07-22,Teclado,Acessórios,Maracanaú,Região Metropolitana,Marketplace,PIX,3,167.4,0.15
PED07650,2026-07-22,Notebook,Eletrônicos,Fortaleza,Fortaleza,Site,Boleto,2,6432.62,0.0
PED03200,2026-07-22,Mouse,Acessórios,Sobral,Interior,Loja Física,PIX,1,278.67,0.0
PED02027,2026-07-22,Memória RAM,Informática,Fortaleza,Fortaleza,Site,Cartão de Débito,3,150.58,0.0
PED02312,2026-07-22,Cadeira Gamer,Móveis,Fortaleza,Fortaleza,Site,Cartão de Crédito,2,1221.17,0.0
PED03701,2026-07-22,SSD 1TB,Informática,Itapipoca,Interior,Marketplace,Boleto,4,343.78,0.0
PED03552,2026-07-22,Impressora,Informática,Sobral,Interior,Site,Cartão de Débito,1,1001.26,0.0
PED09433,2026-07-22,SSD 1TB,Informática,Fortaleza,Fortaleza,Site,Cartão de Crédito,1,524.51,0.05
PED03391,2026-07-22,Notebook,Eletrônicos,Caucaia,Região Metropolitana,Marketplace,Cartão de Débito,1,4350.25,0.0
PED06325,2026-07-22,Headset,Acessórios,Maracanaú,Região Metropolitana,Site,Boleto,1,295.99,0.0
PED08520,2026-07-22,Cadeira Gamer,Móveis,Fortaleza,Fortaleza,Site,PIX,1,1624.15,0.1
PED00633,2026-07-22,SSD 1TB,Informática,Fortaleza,Fortaleza,Loja Física,PIX,2,476.52,0.1
PED08149,2026-07-22,Roteador,Informática,Caucaia,Região Metropolitana,Loja Física,Boleto,2,283.26,0.0
PED09624,2026-07-22,Caixa de Som,Áudio,Fortaleza,Fortaleza,Marketplace,PIX,1,109.38,0.1
PED03783,2026-07-22,Cadeira Gamer,Móveis,Caucaia,Região Metropolitana,Loja Física,Cartão de Débito,2,1343.51,0.05
PED06892,2026-07-23,Webcam,Acessórios,Maracanaú,Região Metropolitana,Site,Cartão de Débito,1,177.26,0.0
PED02294,2026-07-23,Notebook,Eletrônicos,Fortaleza,Fortaleza,Site,Cartão de Crédito,1,4590.12,0.1
PED01543,2026-07-23,Teclado,Acessórios,Caucaia,Região Metropolitana,Site,PIX,2,251.39,0.0
PED03197,2026-07-23,Impressora,Informática,Sobral,Interior,Marketplace,PIX,1,911.66,0.15
PED05761,2026-07-23,Caixa de Som,Áudio,Fortaleza,Fortaleza,Site,Cartão de Débito,1,140.58,0.1
PED09235,2026-07-23,Mesa Escritório,Móveis,Juazeiro do Norte,Interior,Loja Física,Cartão de Crédito,1,916.05,0.0
PED09983,2026-07-23,Memória RAM,Informática,Juazeiro do Norte,Interior,Marketplace,Boleto,4,247.52,0.15
PED02776,2026-07-23,Cadeira Gamer,Móveis,Caucaia,Região Metropolitana,Site,PIX,1,1860.05,0.1
PED07469,2026-07-23,Monitor,Eletrônicos,Juazeiro do Norte,Interior,Loja Física,Cartão de Débito,1,1192.91,0.1
PED08713,2026-07-23,Notebook,Eletrônicos,Caucaia,Região Metropolitana,Loja Física,PIX,4,4456.12,0.0
PED05823,2026-07-23,SSD 1TB,Informática,Sobral,Interior,Marketplace,PIX,1,617.86,0.0
PED02126,2026-07-23,Webcam,Acessórios,Itapipoca,Interior,Loja Física,Boleto,1,540.49,0.0
PED06475,2026-07-23,Mesa Escritório,Móveis,Caucaia,Região Metropolitana,Marketplace,Cartão de Crédito,2,851.18,0.1
PED04043,2026-07-23,Webcam,Acessórios,Fortaleza,Fortaleza,Marketplace,Cartão de Débito,1,239.67,0.0
PED00341,2026-07-23,Memória RAM,Informática,Itapipoca,Interior,Loja Física,Boleto,1,265.53,0.15
PED03416,2026-07-23,Webcam,Acessórios,Itapipoca,Interior,Marketplace,PIX,1,634.49,0.05
PED02441,2026-07-23,Webcam,Acessórios,Maracanaú,Região Metropolitana,Marketplace,Cartão de Débito,3,274.6,0.05
PED00672,2026-07-23,Fone Bluetooth,Áudio,Fortaleza,Fortaleza,Site,Cartão de Crédito,4,166.47,0.15
PED03810,2026-07-23,Monitor,Eletrônicos,Fortaleza,Fortaleza,Loja Física,Cartão de Débito,1,1320.86,0.15
PED05379,2026-07-23,Smartphone,Eletrônicos,Maracanaú,Região Metropolitana,Loja Física,Cartão de Crédito,2,2762.91,0.0
PED02641,2026-07-23,SSD 1TB,Informática,Caucaia,Região Metropolitana,Site,Cartão de Crédito,1,396.91,0.0
PED01704,2026-07-24,Notebook,Eletrônicos,Sobral,Interior,Marketplace,Cartão de Crédito,1,4560.67,0.0
PED05805,2026-07-24,Roteador,Informática,Fortaleza,Fortaleza,Loja Física,Cartão de Crédito,2,506.34,0.0
PED02950,2026-07-24,Mesa Escritório,Móveis,Maracanaú,Região Metropolitana,Marketplace,Boleto,1,1266.63,0.15
PED09505,2026-07-24,SSD 1TB,Informática,Caucaia,Região Metropolitana,Site,Cartão de Crédito,1,446.46,0.0
PED07589,2026-07-24,Caixa de Som,Áudio,Caucaia,Região Metropolitana,Marketplace,Boleto,2,584.26,0.0
PED05838,2026-07-24,Mesa Escritório,Móveis,Fortaleza,Fortaleza,Loja Física,Cartão de Débito,1,1341.05,0.0
PED02612,2026-07-24,Mouse,Acessórios,Fortaleza,Fortaleza,Marketplace,Cartão de Crédito,1,267.48,0.0
PED00032,2026-07-24,Mesa Escritório,Móveis,Caucaia,Região Metropolitana,Marketplace,Boleto,1,628.02,0.15
PED08752,2026-07-24,Notebook,Eletrônicos,Juazeiro do Norte,Interior,Marketplace,Boleto,1,4589.96,0.0
PED05481,2026-07-24,Memória RAM,Informática,Sobral,Interior,Loja Física,PIX,1,377.01,0.0
PED03827,2026-07-24,Mesa Escritório,Móveis,Caucaia,Região Metropolitana,Loja Física,Cartão de Débito,1,1012.25,0.0
PED08352,2026-07-24,Caixa de Som,Áudio,Maracanaú,Região Metropolitana,Site,PIX,1,224.87,0.0
PED08576,2026-07-24,Mesa Escritório,Móveis,Fortaleza,Fortaleza,Site,Boleto,2,1160.42,0.1
PED04446,2026-07-24,Smartphone,Eletrônicos,Maracanaú,Região Metropolitana,Loja Física,Boleto,2,1076.25,0.0
PED02575,2026-07-24,Smartphone,Eletrônicos,Itapipoca,Interior,Marketplace,PIX,1,2302.07,0.0
PED09602,2026-07-25,Webcam,Acessórios,Juazeiro do Norte,Interior,Loja Física,PIX,1,543.92,0.0
PED02313,2026-07-25,Mouse,Acessórios,Juazeiro do Norte,Interior,Marketplace,Cartão de Crédito,1,170.9,0.0
PED03944,2026-07-25,Impressora,Informática,Fortaleza,Fortaleza,Marketplace,Cartão de Débito,1,860.42,0.0
PED06667,2026-07-25,Headset,Acessórios,Fortaleza,Fortaleza,Loja Física,Boleto,1,155.35,0.0
PED09015,2026-07-25,Fone Bluetooth,Áudio,Itapipoca,Interior,Marketplace,Cartão de Crédito,2,498.8,0.1
PED03847,2026-07-25,Cadeira Gamer,Móveis,Fortaleza,Fortaleza,Marketplace,Cartão de Crédito,1,2098.42,0.0
PED00159,2026-07-25,Mouse,Acessórios,Maracanaú,Região Metropolitana,Loja Física,Cartão de Débito,2,47.53,0.1
PED06646,2026-07-25,Mesa Escritório,Móveis,Fortaleza,Fortaleza,Loja Física,PIX,1,484.99,0.15
PED06400,2026-07-25,Memória RAM,Informática,Juazeiro do Norte,Interior,Site,PIX,1,452.61,0.0
PED02973,2026-07-25,Mesa Escritório,Móveis,Maracanaú,Região Metropolitana,Site,PIX,2,1005.82,0.05
PED02640,2026-07-25,Notebook,Eletrônicos,Caucaia,Região Metropolitana,Loja Física,Cartão de Débito,1,5821.53,0.1
PED05190,2026-07-25,Memória RAM,Informática,Itapipoca,Interior,Loja Física,Boleto,3,450.55,0.05
PED06227,2026-07-25,Memória RAM,Informática,Juazeiro do Norte,Interior,Loja Física,Cartão de Débito,2,183.7,0.15
PED06913,2026-07-25,Mesa Escritório,Móveis,Fortaleza,Fortaleza,Marketplace,Cartão de Débito,1,1080.21,0.0
PED05406,2026-07-25,Webcam,Acessórios,Fortaleza,Fortaleza,Marketplace,PIX,2,333.52,0.0
PED06845,2026-07-25,Webcam,Acessórios,Fortaleza,Fortaleza,Loja Física,Cartão de Crédito,2,320.82,0.1
PED00282,2026-07-25,Impressora,Informática,Caucaia,Região Metropolitana,Marketplace,Cartão de Crédito,1,1332.49,0.0
PED00010,2026-07-25,Teclado,Acessórios,Fortaleza,Fortaleza,Loja Física,Cartão de Débito,1,390.28,0.15
PED02780,2026-07-26,Monitor,Eletrônicos,Itapipoca,Interior,Marketplace,Boleto,1,1303.23,0.1
PED09920,2026-07-26,SSD 1TB,Informática,Sobral,Interior,Marketplace,Cartão de Crédito,1,371.46,0.05
PED03894,2026-07-26,Webcam,Acessórios,Sobral,Interior,Site,Cartão de Débito,2,125.36,0.05
PED08527,2026-07-26,Cadeira Gamer,Móveis,Itapipoca,Interior,Loja Física,Cartão de Débito,2,1632.2,0.0
PED00643,2026-07-26,Memória RAM,Informática,Maracanaú,Região Metropolitana,Marketplace,Boleto,1,448.44,0.15
PED02697,2026-07-26,Mouse,Acessórios,Caucaia,Região Metropolitana,Site,Cartão de Crédito,1,233.55,0.05
PED02479,2026-07-26,Caixa de Som,Áudio,Juazeiro do Norte,Interior,Marketplace,Cartão de Crédito,4,594.26,0.0
PED00913,2026-07-26,Caixa de Som,Áudio,Sobral,Interior,Marketplace,Cartão de Crédito,1,734.79,0.15
PED02985,2026-07-26,Caixa de Som,Áudio,Caucaia,Região Metropolitana,Site,PIX,1,517.61,0.05
PED02975,2026-07-26,Teclado,Acessórios,Juazeiro do Norte,Interior,Site,PIX,1,200.84,0.1
PED06440,2026-07-26,Teclado,Acessórios,Fortaleza,Fortaleza,Marketplace,Cartão de Débito,2,406.04,0.0
PED07548,2026-07-26,Memória RAM,Informática,Fortaleza,Fortaleza,Loja Física,Cartão de Crédito,2,428.7,0.0
PED06410,2026-07-26,Memória RAM,Informática,Juazeiro do Norte,Interior,Site,Cartão de Débito,1,346.56,0.0
PED01569,2026-07-26,Impressora,Informática,Maracanaú,Região Metropolitana,Loja Física,Cartão de Débito,1,975.74,0.0
PED02336,2026-07-26,Fone Bluetooth,Áudio,Fortaleza,Fortaleza,Marketplace,Boleto,2,487.47,0.05
PED08200,2026-07-26,Notebook,Eletrônicos,Fortaleza,Fortaleza,Site,Cartão de Débito,4,6282.21,0.0
PED08952,2026-07-26,Cadeira Gamer,Móveis,Juazeiro do Norte,Interior,Site,PIX,1,1113.16,0.05
PED02207,2026-07-26,Teclado,Acessórios,Caucaia,Região Metropolitana,Marketplace,Cartão de Crédito,3,119.65,0.0
PED07902,2026-07-26,Mesa Escritório,Móveis,Fortaleza,Fortaleza,Loja Física,Cartão de Crédito,2,1540.82,0.0
PED06718,2026-07-27,Mouse,Acessórios,Sobral,Interior,Site,Cartão de Crédito,1,192.21,0.05
PED01401,2026-07-27,Roteador,Informática,Sobral,Interior,Loja Física,PIX,1,353.11,0.0
PED05551,2026-07-27,Smartphone,Eletrônicos,Fortaleza,Fortaleza,Marketplace,PIX,1,3124.09,0.0
PED02168,2026-07-27,Impressora,Informática,Caucaia,Região Metropolitana,Site,PIX,1,1312.35,0.0
PED00271,2026-07-27,SSD 1TB,Informática,Fortaleza,Fortaleza,Site,Cartão de Débito,1,547.61,0.05
PED02605,2026-07-27,Roteador,Informática,Caucaia,Região Metropolitana,Site,Cartão de Débito,2,338.48,0.0
PED00813,2026-07-27,SSD 1TB,Informática,Maracanaú,Região Metropolitana,Marketplace,PIX,1,487.48,0.0
PED05861,2026-07-27,Webcam,Acessórios,Sobral,Interior,Loja Física,Cartão de Crédito,1,302.2,0.0
PED09356,2026-07-27,Caixa de Som,Áudio,Caucaia,Região Metropolitana,Marketplace,Boleto,1,773.52,0.1
PED07781,2026-07-27,Mesa Escritório,Móveis,Caucaia,Região Metropolitana,Site,PIX,1,1265.74,0.0
PED07675,2026-07-27,Monitor,Eletrônicos,Fortaleza,Fortaleza,Marketplace,PIX,3,1798.19,0.0
PED08329,2026-07-27,Notebook,Eletrônicos,Itapipoca,Interior,Site,PIX,1,6370.32,0.05
PED00922,2026-07-27,Webcam,Acessórios,Fortaleza,Fortaleza,Loja Física,Cartão de Crédito,1,270.97,0.0
PED00851,2026-07-27,Monitor,Eletrônicos,Caucaia,Região Metropolitana,Marketplace,PIX,2,1171.68,0.1
PED04774,2026-07-27,Webcam,Acessórios,Caucaia,Região Metropolitana,Marketplace,Cartão de Crédito,1,697.79,0.05
PED06155,2026-07-27,Roteador,Informática,Fortaleza,Fortaleza,Site,PIX,2,559.16,0.0
PED04182,2026-07-27,Mesa Escritório,Móveis,Itapipoca,Interior,Loja Física,PIX,2,778.4,0.05
PED04547,2026-07-27,Mesa Escritório,Móveis,Sobral,Interior,Marketplace,Boleto,2,1272.61,0.1
PED04309,2026-07-27,Teclado,Acessórios,Caucaia,Região Metropolitana,Marketplace,Cartão de Débito,1,328.11,0.05
PED07236,2026-07-28,Mesa Escritório,Móveis,Caucaia,Região Metropolitana,Loja Física,Cartão de Crédito,1,474.53,0.0
PED03311,2026-07-28,SSD 1TB,Informática,Fortaleza,Fortaleza,Marketplace,Cartão de Crédito,2,374.37,0.0
PED07352,2026-07-28,Impressora,Informática,Sobral,Interior,Loja Física,Cartão de Crédito,1,648.63,0.0
PED02268,2026-07-28,Roteador,Informática,Fortaleza,Fortaleza,Marketplace,Cartão de Crédito,1,363.88,0.05
PED07873,2026-07-28,Memória RAM,Informática,Itapipoca,Interior,Loja Física,Cartão de Crédito,1,278.02,0.1
PED08505,2026-07-28,Teclado,Acessórios,Fortaleza,Fortaleza,Site,Boleto,3,279.35,0.15
PED05072,2026-07-28,Teclado,Acessórios,Fortaleza,Fortaleza,Site,Cartão de Débito,2,205.62,0.1
PED01892,2026-07-28,Caixa de Som,Áudio,Juazeiro do Norte,Interior,Marketplace,Cartão de Crédito,1,428.53,0.0
PED02511,2026-07-28,Caixa de Som,Áudio,Fortaleza,Fortaleza,Marketplace,Cartão de Débito,1,528.21,0.0
PED03842,2026-07-28,SSD 1TB,Informática,Itapipoca,Interior,Site,Boleto,1,597.39,0.1
PED05724,2026-07-28,Impressora,Informática,Caucaia,Região Metropolitana,Loja Física,Cartão de Débito,1,556.11,0.0
PED05125,2026-07-28,Fone Bluetooth,Áudio,Itapipoca,Interior,Loja Física,Cartão de Débito,2,458.13,0.05
PED07741,2026-07-28,Headset,Acessórios,Caucaia,Região Metropolitana,Loja Física,Cartão de Crédito,1,198.39,0.0
PED07998,2026-07-28,SSD 1TB,Informática,Fortaleza,Fortaleza,Loja Física,Cartão de Crédito,1,548.57,0.05
PED04969,2026-07-28,Impressora,Informática,Maracanaú,Região Metropolitana,Site,Cartão de Crédito,2,1066.51,0.0
PED02048,2026-07-28,Teclado,Acessórios,Itapipoca,Interior,Site,Boleto,1,415.55,0.1
PED06488,2026-07-28,Roteador,Informática,Juazeiro do Norte,Interior,Marketplace,Cartão de Crédito,1,481.26,0.1
PED09802,2026-07-28,Memória RAM,Informática,Caucaia,Região Metropolitana,Loja Física,PIX,1,380.05,0.0
PED02911,2026-07-29,Monitor,Eletrônicos,Sobral,Interior,Site,PIX,2,1331.33,0.0
PED00928,2026-07-29,Fone Bluetooth,Áudio,Juazeiro do Norte,Interior,Site,Boleto,1,361.0,0.0
PED05992,2026-07-29,Caixa de Som,Áudio,Juazeiro do Norte,Interior,Loja Física,Boleto,1,101.83,0.05
PED08819,2026-07-29,Roteador,Informática,Fortaleza,Fortaleza,Loja Física,Boleto,2,448.63,0.0
PED09910,2026-07-29,Notebook,Eletrônicos,Caucaia,Região Metropolitana,Marketplace,Cartão de Crédito,1,4207.35,0.15
PED02007,2026-07-29,Mesa Escritório,Móveis,Fortaleza,Fortaleza,Loja Física,PIX,1,834.17,0.0
PED09313,2026-07-29,Smartphone,Eletrônicos,Sobral,Interior,Marketplace,Cartão de Débito,1,3315.68,0.0
PED07241,2026-07-29,Notebook,Eletrônicos,Sobral,Interior,Loja Física,Cartão de Débito,3,5963.83,0.0
PED09469,2026-07-29,Notebook,Eletrônicos,Fortaleza,Fortaleza,Site,Cartão de Débito,3,3773.23,0.0
PED08763,2026-07-29,Webcam,Acessórios,Sobral,Interior,Loja Física,Boleto,3,459.12,0.05
PED00669,2026-07-29,Memória RAM,Informática,Fortaleza,Fortaleza,Marketplace,PIX,1,165.9,0.15
PED05022,2026-07-29,SSD 1TB,Informática,Fortaleza,Fortaleza,Site,PIX,2,360.3,0.0
PED03856,2026-07-29,Roteador,Informática,Fortaleza,Fortaleza,Site,Boleto,2,216.26,0.15
PED00247,2026-07-29,Cadeira Gamer,Móveis,Itapipoca,Interior,Site,Boleto,2,1464.49,0.0
PED03367,2026-07-29,Caixa de Som,Áudio,Fortaleza,Fortaleza,Loja Física,Boleto,1,217.7,0.1
PED00137,2026-07-29,Headset,Acessórios,Fortaleza,Fortaleza,Site,Cartão de Crédito,1,387.92,0.0
PED08251,2026-07-29,Teclado,Acessórios,Sobral,Interior,Marketplace,Cartão de Crédito,1,375.61,0.1
PED09481,2026-07-29,Caixa de Som,Áudio,Fortaleza,Fortaleza,Site,Cartão de Débito,1,213.23,0.05
PED07849,2026-07-29,Fone Bluetooth,Áudio,Fortaleza,Fortaleza,Marketplace,Cartão de Débito,2,519.19,0.0
PED03774,2026-07-30,Headset,Acessórios,Fortaleza,Fortaleza,Marketplace,Boleto,1,320.45,0.0
PED03729,2026-07-30,Monitor,Eletrônicos,Fortaleza,Fortaleza,Loja Física,Cartão de Débito,1,807.91,0.0
PED06002,2026-07-30,Caixa de Som,Áudio,Fortaleza,Fortaleza,Marketplace,PIX,1,431.24,0.1
PED02749,2026-07-30,Mouse,Acessórios,Caucaia,Região Metropolitana,Loja Física,Cartão de Crédito,1,159.15,0.0
PED08651,2026-07-30,SSD 1TB,Informática,Fortaleza,Fortaleza,Site,Cartão de Crédito,2,597.97,0.0
PED00512,2026-07-30,Memória RAM,Informática,Fortaleza,Fortaleza,Loja Física,Boleto,2,245.04,0.0
PED07246,2026-07-30,Monitor,Eletrônicos,Fortaleza,Fortaleza,Marketplace,Cartão de Débito,1,1677.3,0.0
PED08721,2026-07-30,Caixa de Som,Áudio,Fortaleza,Fortaleza,Site,PIX,2,492.71,0.0
PED04278,2026-07-30,Headset,Acessórios,Caucaia,Região Metropolitana,Loja Física,PIX,2,534.63,0.05
PED05567,2026-07-30,Headset,Acessórios,Maracanaú,Região Metropolitana,Site,Boleto,1,299.03,0.0
PED06872,2026-07-30,Impressora,Informática,Fortaleza,Fortaleza,Marketplace,Boleto,1,745.42,0.0
PED06140,2026-07-30,Webcam,Acessórios,Maracanaú,Região Metropolitana,Site,Boleto,2,570.01,0.0
PED00156,2026-07-30,Cadeira Gamer,Móveis,Fortaleza,Fortaleza,Marketplace,Cartão de Débito,1,1688.52,0.0
PED09253,2026-07-30,Smartphone,Eletrônicos,Juazeiro do Norte,Interior,Site,PIX,2,1589.82,0.0
PED05009,2026-07-30,Teclado,Acessórios,Maracanaú,Região Metropolitana,Site,PIX,1,142.61,0.0
PED05766,2026-07-31,Smartphone,Eletrônicos,Caucaia,Região Metropolitana,Marketplace,PIX,3,3704.23,0.1
PED03187,2026-07-31,Mouse,Acessórios,Caucaia,Região Metropolitana,Marketplace,Cartão de Débito,1,63.04,0.0
PED04840,2026-07-31,Roteador,Informática,Itapipoca,Interior,Marketplace,Boleto,3,304.21,0.05
PED07478,2026-07-31,Impressora,Informática,Fortaleza,Fortaleza,Marketplace,PIX,1,1245.77,0.0
PED00704,2026-07-31,Roteador,Informática,Juazeiro do Norte,Interior,Site,Boleto,1,376.7,0.0
PED08924,2026-07-31,Monitor,Eletrônicos,Itapipoca,Interior,Marketplace,PIX,1,1388.55,0.0
PED09608,2026-07-31,Teclado,Acessórios,Juazeiro do Norte,Interior,Loja Física,Boleto,2,203.91,0.0
PED06870,2026-07-31,Mesa Escritório,Móveis,Sobral,Interior,Site,Cartão de Crédito,1,1334.2,0.0
PED01491,2026-07-31,Notebook,Eletrônicos,Fortaleza,Fortaleza,Loja Física,Cartão de Débito,1,4297.04,0.0
PED03083,2026-07-31,Monitor,Eletrônicos,Sobral,Interior,Site,Boleto,2,1428.57,0.1
PED07342,2026-07-31,Cadeira Gamer,Móveis,Caucaia,Região Metropolitana,Loja Física,PIX,3,1829.18,0.15
PED03949,2026-07-31,Caixa de Som,Áudio,Sobral,Interior,Loja Física,Cartão de Crédito,3,762.86,0.0
PED08089,2026-07-31,Cadeira Gamer,Móveis,Sobral,Interior,Marketplace,PIX,4,964.01,0.0
PED04468,2026-07-31,Cadeira Gamer,Móveis,Maracanaú,Região Metropolitana,Loja Física,Boleto,2,1116.02,0.1
